"date","countrycode","population","cases","deaths","cum_cases","cum_deaths","cases_infected","cases_infected_low","cases_infected_high","cases_daily","cases_contagious","cases_active","p_cases_infected","p_cases_infected_low","p_cases_infected_high","p_cases_daily","p_cases_contagious","p_cases_active"
"2020/01/01","PK",216565317,0,0,0,0,NA,NA,NA,0,0,0,NA,NA,NA,0,0,0
"2020/01/02","PK",216565317,0,0,0,0,NA,NA,NA,0,0,0,NA,NA,NA,0,0,0
"2020/01/03","PK",216565317,0,0,0,0,NA,NA,NA,0,0,0,NA,NA,NA,0,0,0
"2020/01/04","PK",216565317,0,0,0,0,NA,NA,NA,0,0,0,NA,NA,NA,0,0,0
"2020/01/05","PK",216565317,0,0,0,0,NA,NA,NA,0,0,0,NA,NA,NA,0,0,0
"2020/01/06","PK",216565317,0,0,0,0,NA,NA,NA,0,0,0,NA,NA,NA,0,0,0
"2020/01/07","PK",216565317,0,0,0,0,NA,NA,NA,0,0,0,NA,NA,NA,0,0,0
"2020/01/08","PK",216565317,0,0,0,0,NA,NA,NA,0,0,0,NA,NA,NA,0,0,0
"2020/01/09","PK",216565317,0,0,0,0,NA,NA,NA,0,0,0,NA,NA,NA,0,0,0
"2020/01/10","PK",216565317,0,0,0,0,NA,NA,NA,0,0,0,NA,NA,NA,0,0,0
"2020/01/11","PK",216565317,0,0,0,0,NA,NA,NA,0,0,0,NA,NA,NA,0,0,0
"2020/01/12","PK",216565317,0,0,0,0,NA,NA,NA,0,0,0,NA,NA,NA,0,0,0
"2020/01/13","PK",216565317,0,0,0,0,NA,NA,NA,0,0,0,NA,NA,NA,0,0,0
"2020/01/14","PK",216565317,0,0,0,0,NA,NA,NA,0,0,0,NA,NA,NA,0,0,0
"2020/01/15","PK",216565317,0,0,0,0,NA,NA,NA,0,0,0,NA,NA,NA,0,0,0
"2020/01/16","PK",216565317,0,0,0,0,NA,NA,NA,0,0,0,NA,NA,NA,0,0,0
"2020/01/17","PK",216565317,0,0,0,0,NA,NA,NA,0,0,0,NA,NA,NA,0,0,0
"2020/01/18","PK",216565317,0,0,0,0,NA,NA,NA,0,0,0,NA,NA,NA,0,0,0
"2020/01/19","PK",216565317,0,0,0,0,NA,NA,NA,0,0,0,NA,NA,NA,0,0,0
"2020/01/20","PK",216565317,0,0,0,0,NA,NA,NA,0,0,0,NA,NA,NA,0,0,0
"2020/01/21","PK",216565317,0,0,0,0,NA,NA,NA,0,0,0,NA,NA,NA,0,0,0
"2020/01/22","PK",216565317,0,0,0,0,NA,NA,NA,0,0,0,NA,NA,NA,0,0,0
"2020/01/23","PK",216565317,0,0,0,0,NA,NA,NA,0,0,0,NA,NA,NA,0,0,0
"2020/01/24","PK",216565317,0,0,0,0,NA,NA,NA,0,0,0,NA,NA,NA,0,0,0
"2020/01/25","PK",216565317,0,0,0,0,NA,NA,NA,0,0,0,NA,NA,NA,0,0,0
"2020/01/26","PK",216565317,0,0,0,0,NA,NA,NA,0,0,0,NA,NA,NA,0,0,0
"2020/01/27","PK",216565317,0,0,0,0,NA,NA,NA,0,0,0,NA,NA,NA,0,0,0
"2020/01/28","PK",216565317,0,0,0,0,NA,NA,NA,0,0,0,NA,NA,NA,0,0,0
"2020/01/29","PK",216565317,0,0,0,0,NA,NA,NA,0,0,0,NA,NA,NA,0,0,0
"2020/01/30","PK",216565317,0,0,0,0,NA,NA,NA,0,0,0,NA,NA,NA,0,0,0
"2020/01/31","PK",216565317,0,0,0,0,NA,NA,NA,0,0,0,NA,NA,NA,0,0,0
"2020/02/01","PK",216565317,0,0,0,0,NA,NA,NA,0,0,0,NA,NA,NA,0,0,0
"2020/02/02","PK",216565317,0,0,0,0,NA,NA,NA,0,0,0,NA,NA,NA,0,0,0
"2020/02/03","PK",216565317,0,0,0,0,NA,NA,NA,0,0,0,NA,NA,NA,0,0,0
"2020/02/04","PK",216565317,0,0,0,0,NA,NA,NA,0,0,0,NA,NA,NA,0,0,0
"2020/02/05","PK",216565317,0,0,0,0,NA,NA,NA,0,0,0,NA,NA,NA,0,0,0
"2020/02/06","PK",216565317,0,0,0,0,NA,NA,NA,0,0,0,NA,NA,NA,0,0,0
"2020/02/07","PK",216565317,0,0,0,0,NA,NA,NA,0,0,0,NA,NA,NA,0,0,0
"2020/02/08","PK",216565317,0,0,0,0,NA,NA,NA,0,0,0,NA,NA,NA,0,0,0
"2020/02/09","PK",216565317,0,0,0,0,NA,NA,NA,0,0,0,NA,NA,NA,0,0,0
"2020/02/10","PK",216565317,0,0,0,0,NA,NA,NA,0,0,0,NA,NA,NA,0,0,0
"2020/02/11","PK",216565317,0,0,0,0,NA,NA,NA,0,0,0,NA,NA,NA,0,0,0
"2020/02/12","PK",216565317,0,0,0,0,NA,NA,NA,0,0,0,NA,NA,NA,0,0,0
"2020/02/13","PK",216565317,0,0,0,0,NA,NA,NA,0,0,0,NA,NA,NA,0,0,0
"2020/02/14","PK",216565317,0,0,0,0,NA,NA,NA,0,0,0,NA,NA,NA,0,0,0
"2020/02/15","PK",216565317,0,0,0,0,NA,NA,NA,0,0,0,NA,NA,NA,0,0,0
"2020/02/16","PK",216565317,0,0,0,0,NA,NA,NA,0,0,0,NA,NA,NA,0,0,0
"2020/02/17","PK",216565317,0,0,0,0,NA,NA,NA,0,0,0,NA,NA,NA,0,0,0
"2020/02/18","PK",216565317,0,0,0,0,NA,NA,NA,0,0,0,NA,NA,NA,0,0,0
"2020/02/19","PK",216565317,0,0,0,0,NA,NA,NA,0,0,0,NA,NA,NA,0,0,0
"2020/02/20","PK",216565317,0,0,0,0,NA,NA,NA,0,0,0,NA,NA,NA,0,0,0
"2020/02/21","PK",216565317,0,0,0,0,NA,NA,NA,0,0,0,NA,NA,NA,0,0,0
"2020/02/22","PK",216565317,0,0,0,0,NA,NA,NA,0,0,0,NA,NA,NA,0,0,0
"2020/02/23","PK",216565317,0,0,0,0,NA,NA,NA,0,0,0,NA,NA,NA,0,0,0
"2020/02/24","PK",216565317,0,0,0,0,NA,NA,NA,0,0,0,NA,NA,NA,0,0,0
"2020/02/25","PK",216565317,2,0,2,0,NA,NA,NA,0,0,0,NA,NA,NA,0,0,0
"2020/02/26","PK",216565317,0,0,2,0,0,NA,NA,0,0,0,0,NA,NA,0,0,0
"2020/02/27","PK",216565317,0,0,2,0,0,NA,NA,0,0,0,0,NA,NA,0,0,0
"2020/02/28","PK",216565317,2,0,4,0,0,NA,NA,0,0,0,0,NA,NA,0,0,0
"2020/02/29","PK",216565317,0,0,4,0,0,NA,NA,0,0,0,0,NA,NA,0,0,0
"2020/03/01","PK",216565317,0,0,4,0,0,0,NA,0,0,0,0,0,NA,0,0,0
"2020/03/02","PK",216565317,1,0,5,0,0,0,NA,0,0,0,0,0,NA,0,0,0
"2020/03/03","PK",216565317,0,0,5,0,0,0,NA,0,0,0,0,0,NA,0,0,0
"2020/03/04","PK",216565317,0,0,5,0,0,0,NA,0,0,0,0,0,NA,0,0,0
"2020/03/05","PK",216565317,1,0,6,0,0,0,NA,0,0,0,0,0,NA,0,0,0
"2020/03/06","PK",216565317,0,0,6,0,0,0,NA,0,0,0,0,0,NA,0,0,0
"2020/03/07","PK",216565317,0,0,6,0,0,0,NA,0,0,0,0,0,NA,0,0,0
"2020/03/08","PK",216565317,0,0,6,0,0,0,NA,0,0,0,0,0,NA,0,0,0
"2020/03/09","PK",216565317,10,0,16,0,0,0,NA,0,0,0,0,0,NA,0,0,0
"2020/03/10","PK",216565317,3,0,19,0,0,0,NA,0,0,0,0,0,NA,0,0,0
"2020/03/11","PK",216565317,1,0,20,0,0,0,NA,0,0,0,0,0,NA,0,0,0
"2020/03/12","PK",216565317,8,0,28,0,0,0,NA,0,0,0,0,0,NA,0,0,0
"2020/03/13","PK",216565317,3,0,31,0,0,0,NA,0,0,0,0,0,NA,0,0,0
"2020/03/14","PK",216565317,22,0,53,0,0,0,NA,0,0,0,0,0,NA,0,0,0
"2020/03/15","PK",216565317,83,0,136,0,0,0,NA,0,0,0,0,0,NA,0,0,0
"2020/03/16","PK",216565317,100,0,236,0,0,0,NA,0,0,0,0,0,NA,0,0,0
"2020/03/17","PK",216565317,63,0,299,0,0,0,NA,0,0,0,0,0,NA,0,0,0
"2020/03/18","PK",216565317,155,2,454,2,1738.74074461129,685.813602332627,4408.22311877262,1738.74074461129,1738.74074461129,1738.74074461129,8.02871285530585e-06,3.16677486419779e-06,2.03551666528977e-05,8.02871285530585e-06,8.02871285530585e-06,8.02871285530585e-06
"2020/03/19","PK",216565317,47,1,501,3,1843.06266594974,989.481898599783,3432.9885118916,104.321921338448,1843.06266594974,1843.06266594974,8.51042397499751e-06,4.56897675171035e-06,1.58519774054661e-05,4.81711119691654e-07,8.51042397499751e-06,8.51042397499751e-06
"2020/03/20","PK",216565317,229,0,730,3,1809.91966991323,961.108823544642,3408.36451740955,0,1843.06266594974,1843.06266594974,8.35738471416097e-06,4.43796281352218e-06,1.5738275013859e-05,0,8.51042397499751e-06,8.51042397499751e-06
"2020/03/21","PK",216565317,46,2,776,5,2264.70935606099,1551.71906290055,3305.30737815579,388.503694074744,2231.56636002448,2231.56636002448,1.04573963524408e-05,7.16513190752769e-06,1.52624040817939e-05,1.79393311660677e-06,1.03043570916043e-05,1.03043570916043e-05
"2020/03/22","PK",216565317,99,1,875,6,2244.22319165083,1634.49305119841,3081.40663568479,12.6568316263551,2244.22319165083,2244.22319165083,1.03628005755457e-05,7.54734448636762e-06,1.42285324278624e-05,5.84434839414067e-08,1.03628005755457e-05,1.03628005755457e-05
"2020/03/23","PK",216565317,97,1,972,7,2230.19395525842,1697.34937304705,2930.31308524443,0,2244.22319165083,2244.22319165083,1.02980199514515e-05,7.83758635297568e-06,1.35308512269507e-05,0,1.03628005755457e-05,1.03628005755457e-05
"2020/03/24","PK",216565317,91,1,1063,8,2220.18738802541,1746.74222543069,2821.95733645342,0,2244.22319165083,2244.22319165083,1.02518141814251e-05,8.06566004948378e-06,1.30305137292756e-05,0,1.03628005755457e-05,1.03628005755457e-05
"2020/03/25","PK",216565317,138,1,1201,9,2316.66573806144,1870.60239502913,2869.09722566895,34.3775063927774,2278.60069804361,2278.60069804361,1.06973072611689e-05,8.63758990101418e-06,1.32481842679774e-05,1.58739667408412e-07,1.05215402429541e-05,1.05215402429541e-05
"2020/03/26","PK",216565317,172,2,1373,11,2717.96161748743,2281.13791941917,3238.43433193898,439.360919443817,2717.96161748743,2717.96161748743,1.25503088635722e-05,1.05332559756979e-05,1.49536148114565e-05,2.02876862061812e-06,1.25503088635722e-05,1.25503088635722e-05
"2020/03/27","PK",216565317,122,1,1495,12,2750.15291787363,2340.99827822406,3230.81872466245,32.191300386206,2750.15291787363,2750.15291787363,1.26989536273421e-05,1.08096638494707e-05,1.49184494055549e-05,1.48644763769842e-07,1.26989536273421e-05,1.26989536273421e-05
"2020/03/28","PK",216565317,102,2,1597,14,2951.05364400233,2569.83811860737,3388.81953175275,200.900726128692,2951.05364400233,2951.05364400233,1.36266216810808e-05,1.18663420080667e-05,1.56480251717903e-05,9.27668053738688e-07,1.36266216810808e-05,1.36266216810808e-05
"2020/03/29","PK",216565317,120,7,1717,21,4145.04022345188,3780.29019147617,4544.98400487208,1193.98657944955,4145.04022345188,4145.04022345188,1.91399079080233e-05,1.74556583844687e-05,2.09866661376442e-05,5.51328622694257e-06,1.91399079080233e-05,1.91399079080233e-05
"2020/03/30","PK",216565317,221,5,1938,26,5103.77951408093,4737.21067035568,5498.71372437748,958.739290629053,3365.03876946964,5103.77951408093,2.35669292977367e-05,2.1874281329894e-05,2.53905556094999e-05,4.42702138971336e-06,1.55382164424308e-05,2.35669292977367e-05
"2020/03/31","PK",216565317,180,1,2118,27,5146.38347142302,4788.64229707258,5530.85012240884,42.6039573420876,3303.32080547328,5146.38347142302,2.37636549689211e-05,2.21117691577206e-05,2.55389468592002e-05,1.96725671184401e-07,1.52532309939236e-05,2.37636549689211e-05
"2020/04/01","PK",216565317,303,7,2421,34,6613.04369282697,6244.37096591317,7003.48315658457,1466.66022140395,4769.98102687724,6613.04369282697,3.05360238861654e-05,2.88336611439641e-05,3.23388955055281e-05,6.77236891724428e-06,2.20255999111679e-05,3.05360238861654e-05
"2020/04/02","PK",216565317,265,6,2686,40,7724.0747527906,7355.12238387048,8111.53474720316,1111.03105996363,5492.50839276612,7724.0747527906,3.56662593059192e-05,3.39626053042948e-05,3.74553730928354e-05,5.13023541975388e-06,2.5361902214315e-05,3.56662593059192e-05
"2020/04/03","PK",216565317,132,1,2818,41,7434.47162044989,7086.37420625417,7799.66830237308,0,5479.85156113977,7724.0747527906,3.43290039394899e-05,3.27216486204675e-05,3.60153158890769e-05,0,2.53034587303736e-05,3.56662593059192e-05
"2020/04/04","PK",216565317,339,6,3157,47,8566.58883551296,8213.99781627678,8934.31504587369,552.910950381645,6032.76251152141,8276.98570317225,3.95566056198784e-05,3.79285008793757e-05,4.12545977797252e-05,2.55309094752991e-06,2.78565496779035e-05,3.82193502534491e-05
"2020/04/05","PK",216565317,609,6,3766,53,10379.9926335372,9998.31498872196,10776.240515909,2103.00693036491,8135.76944188632,8641.25188892587,4.79300784508221e-05,4.6167664920796e-05,4.97597707019217e-05,9.71072819737295e-06,3.75672778752764e-05,3.99013655955162e-05
"2020/04/06","PK",216565317,269,4,4035,57,10763.6950241438,10393.3854666407,11147.1984700885,383.702390606624,8485.09432610017,8920.63235819405,4.97018413347497e-05,4.79919204543759e-05,5.14726855828375e-05,1.77176288392764e-06,3.91803010917956e-05,4.11914173597522e-05
"2020/04/07","PK",216565317,228,4,4263,61,10921.6161810208,10568.3063171004,11286.7375742626,157.921156876995,8203.65456353335,9078.55351507104,5.04310493125766e-05,4.87996252747177e-05,5.21170136133231e-05,7.29207977826824e-07,3.78807404490043e-05,4.19206253375791e-05
"2020/04/08","PK",216565317,226,4,4489,65,11020.7620688956,10684.1248431936,11368.0061176544,99.1458878748635,8270.609151022,8789.19570887116,5.08888598671395e-05,4.93344224790788e-05,5.24922747332364e-05,4.57810554562915e-07,3.81899062397974e-05,4.05845027755352e-05
"2020/04/09","PK",216565317,206,1,4695,66,10584.0237185874,10264.4129723562,10913.5864249922,0,8069.70842489331,8776.53887724481,4.88722010763496e-05,4.73963842158357e-05,5.03939715563604e-05,0,3.72622381860587e-05,4.05260592915938e-05
"2020/04/10","PK",216565317,316,20,5011,86,13403.9348856672,13088.1772483937,13727.3103052801,1946.43446646336,8822.15631190713,10722.9733437082,6.18932665273786e-05,6.0435241569146e-05,6.33864669349623e-05,8.98774786944931e-06,4.07366998285655e-05,4.95138071610431e-05
"2020/04/11","PK",216565317,219,5,5230,91,13568.0268938014,13264.0736710409,13878.9453644878,600.830358442423,8464.24737972049,11323.8037021506,6.26509686858188e-05,6.12474511375288e-05,6.40866485767332e-05,2.77436094923003e-06,3.90840393880821e-05,5.22881681102731e-05
"2020/04/12","PK",216565317,266,2,5496,93,13429.4284317368,13133.8694537376,13731.6385425027,0,8421.64342237841,11289.4261957578,6.20109841121828e-05,6.06462273630711e-05,6.34064527631759e-05,0,3.88873137168977e-05,5.21294284428647e-05
"2020/04/13","PK",216565317,341,3,5837,96,13639.1521813426,13347.0677223303,13937.6285560153,0,6954.98320097445,10850.065276314,6.29793928699237e-05,6.16306798670367e-05,6.43576208281556e-05,0,3.21149447996535e-05,5.01006598222466e-05
"2020/04/14","PK",216565317,546,15,6383,111,16042.3611322806,15741.4623175087,16349.0116424734,2406.86106395568,8250.8132049665,13224.7350398835,7.4076317272357e-05,7.26869035890391e-05,7.54922896655397e-05,1.1113788197007e-05,3.80984975769066e-05,6.10658032554837e-05
"2020/04/15","PK",216565317,536,17,6919,128,18691.5841227636,18383.2938890287,19005.0444238863,2716.6961650065,10967.509369973,15740.5304787613,8.63092224631869e-05,8.48856785734933e-05,8.77566393693887e-05,1.25444655803611e-05,5.06429631572677e-05,7.26826007821062e-05
"2020/04/16","PK",216565317,106,7,7025,135,18654.2838025381,18360.4672205751,18952.8022356468,0,10414.5984195914,14546.5438993117,8.61369865726842e-05,8.47802754148999e-05,8.75154087376178e-05,0,4.80898722097378e-05,6.71693145551636e-05
"2020/04/17","PK",216565317,613,8,7638,143,20039.8616453941,19739.5436017114,20344.7487373376,1310.97720240498,9622.56869163143,14898.7818110877,9.25349539944759e-05,9.11482220475376e-05,9.39427837253255e-05,6.0534956407862e-06,4.4432639653151e-05,6.87957888062365e-05
"2020/04/18","PK",216565317,710,25,8348,168,24053.2939393767,23740.4345716985,24370.2762721863,4050.73261420811,13289.5989152329,18906.9104679537,0.000111067156424575,0.000109622514355327,0.00011253083646901,1.8704438320602e-05,6.13653150898254e-05,8.7303501455654e-05
"2020/04/19","PK",216565317,70,8,8418,176,23754.0207321135,23456.7800568562,24055.0279950616,0,13131.6777583559,17440.2502465497,0.000109685249056355,0.000108312726995229,0.000111075163503958,0,6.06361071119986e-05,8.05311325384098e-05
"2020/04/20","PK",216565317,1147,25,9565,201,28834.5030040742,28512.3573043792,29160.2884537458,4481.93585743431,17514.4677279154,20811.1550440204,0.000133144602300627,0.000131657080179552,0.000134648931129382,2.06955385078318e-05,8.08738350652675e-05,9.60964356264877e-05
"2020/04/21","PK",216565317,511,11,10076,212,29992.2708558517,29671.4322315456,30316.5787236389,1457.04105904066,18971.508786956,22268.1961030611,0.000138490646938871,0.00013700916029664,0.000139988152967444,6.72795200646398e-06,8.76017870717314e-05,0.000102824387632952
"2020/04/22","PK",216565317,1079,25,11155,237,34702.0947822973,34363.5196354057,35044.0058252587,4709.82392644568,21734.8982469383,26425.1090791251,0.000160238468758584,0.000158675082933089,0.000161817258232807,2.17478218197131e-05,0.000100361861021995,0.000122019118505135
"2020/04/23","PK",216565317,785,16,11940,253,37016.5997099,36673.7536846239,37362.6508446955,2314.50492760265,23448.5728160986,26636.6070763628,0.000170925798381188,0.00016934269158447,0.00017252370491391,1.06873296226036e-05,0.000108274829695369,0.000122995719930366
"2020/04/24","PK",216565317,783,16,12723,269,39075.2956582459,38730.3492550976,39423.3142779721,2058.69594834594,25507.2687644445,28311.6006341021,0.000180431918644877,0.000178839113259754,0.000182038910126925,9.50612026368905e-06,0.000117780949959058,0.000130730077310127
"2020/04/25","PK",216565317,605,12,13328,281,39808.4486378523,39468.4690462071,40151.3567981887,733.152979606413,26240.4217440509,28886.8324568316,0.000183817285192773,0.000182247414281056,0.0001854006789009,3.38536654789656e-06,0.000121166316506954,0.000133386235880197
"2020/04/26","PK",216565317,587,11,13915,292,40236.4214784145,39902.4850079387,40573.1526010603,427.972840562179,24261.5335206574,29215.6594095189,0.000185793468851776,0.000184251502321301,0.000187348339813158,1.97618365900288e-06,0.00011202871196895,0.000134904608984637
"2020/04/27","PK",216565317,697,20,14612,312,42151.4675102174,41818.8858105769,42486.6942011051,1915.04603180288,23459.8833874538,31130.7054413218,0.000194636279225715,0.000193100568409931,0.000196184203406426,8.84281037393849e-06,0.000108327056762528,0.000143747419358575
"2020/04/28","PK",216565317,913,31,15525,343,46096.2999274554,45757.8356172286,46437.2678108462,3944.83241723798,27404.7158046918,33129.1033920964,0.000212851718668578,0.000211288844636321,0.000214426153061463,1.82154394428632e-05,0.000126542496205391,0.000152975110931989
"2020/04/29","PK",216565317,1292,42,16817,385,52592.7222391347,52238.3580421055,52949.4903016154,6496.42231167934,32590.1609139661,39024.6953453333,0.000242849238131398,0.000241212945663434,0.000244496630555184,2.99975194628202e-05,0.000150486520027425,0.000180198269445579
"2020/04/30","PK",216565317,1297,32,18114,417,57623.4957011247,57256.8336408401,57992.5057967076,5030.77346199003,33570.201761748,44055.4688073233,0.000266079058730927,0.000264385980331468,0.000267782979287988,2.32298205995285e-05,0.000155011902306351,0.000203428090045108
"2020/05/01","PK",216565317,989,23,19103,440,60181.4018313861,59812.3991262806,60552.681037658,2557.90613026133,36128.1078920094,46613.3749375846,0.000277890304251193,0.00027618641781999,0.000279604702527958,1.18112455202664e-05,0.000166823147826618,0.000215239335565374
"2020/05/02","PK",216565317,981,17,20084,457,61641.542643097,61273.0038953986,62012.2980408684,1460.14081171095,33106.312846286,45666.6546853399,0.000284632569503717,0.000282930825416512,0.000286344549071394,6.74226525252404e-06,0.00015286987457131,0.000210867812620891
"2020/05/03","PK",216565317,857,19,20941,476,62820.7195512169,62455.1233287509,63188.4558799024,1179.17690811983,32828.4486953652,44129.1354284533,0.000290077471413471,0.000288389314567627,0.000291775510295134,5.44490190975422e-06,0.0001515868244746,0.000203768248950284
"2020/05/04","PK",216565317,1108,38,22049,514,67119.5238233156,66748.5402233964,67492.5693234794,4298.80427209877,32417.4290410183,48427.939700552,0.000309927391666855,0.000308214358365594,0.000311649945884361,1.98499202533838e-05,0.000149688922908271,0.000223618169203668
"2020/05/05","PK",216565317,2024,50,24073,564,75700.3221165603,75306.6578712837,76096.0442348376,8580.79829324465,38683.7224066603,55697.7607913917,0.000349549610090891,0.000347731847899189,0.00035137687460286,3.96222184240362e-05,0.000178623811709704,0.000257186891986918
"2020/05/06","PK",216565317,571,21,24644,585,75718.8152205059,75333.7934549913,76105.8047849738,18.4931039455842,36643.5195622599,51665.5212811292,0.000349635002822293,0.000347857147665946,0.000351421944377981,8.53927314020654e-08,0.000169203084177417,0.000238567846397718
"2020/05/07","PK",216565317,1791,14,26435,599,78355.4828987896,77962.5182109144,78750.4282980304,2636.66767828372,38547.0342609372,54302.1889594129,0.000361809933299659,0.000359995401345426,0.000363633611276871,1.21749304773659e-05,0.000177992648106886,0.000250742776875084
"2020/05/08","PK",216565317,2301,37,28736,636,85292.4486467548,84880.204263922,85706.6952093968,6936.96574796519,45056.0271683402,56757.2188499438,0.000393841681707301,0.000391938124902622,0.000395754483666453,3.20317484076418e-05,0.000208048212855525,0.000262078986774894
"2020/05/09","PK",216565317,1598,23,30334,659,87947.4366547031,87531.1408495011,88365.7123518127,2654.98800794833,45795.9691444857,57955.1657988514,0.000406101207123129,0.000404178942695155,0.000408032613790197,1.22595254158279e-05,0.000211464927897414,0.000267610560184258
"2020/05/10","PK",216565317,1747,47,32081,706,93834.2276015505,93407.9117067472,94262.4892120737,5886.79094684745,47737.9276740952,59132.1328192532,0.0004332837265976,0.000431315193959461,0.000435261243664763,2.71825194744709e-05,0.000220432007929022,0.000273045257839016
"2020/05/11","PK",216565317,2255,31,34336,737,98689.7122315249,98252.1632953569,99129.2097158482,4855.48462997437,46096.9899923902,61673.1125216249,0.000455704143205557,0.000453683741498446,0.000457733542420591,2.24204166079574e-05,0.000212854905074159,0.00028477834482437
"2020/05/12","PK",216565317,962,24,35298,761,98597.517734158,98168.0017927474,99028.9129431563,0,41066.2165304002,59614.416573279,0.000455278431006374,0.000453295122010453,0.000457270417604109,0,0.000189625084474631,0.000275272224560681
"2020/05/13","PK",216565317,490,9,35788,770,95251.9013115771,94839.2658898713,95666.3320655183,0,38508.3104001388,58881.2635936726,0.000439829898116036,0.000437924535671939,0.000441743550586719,0,0.000177813838954364,0.000271886858012784
"2020/05/14","PK",216565317,3011,64,38799,834,105608.665096667,105171.156684677,106047.993528677,3388.94744782746,40437.1170362554,61842.2382009379,0.000487652716324227,0.000485632501739309,0.000489681334932669,1.56486158299644e-05,0.000186720189531805,0.000285559290183746
"2020/05/15","PK",216565317,0,0,38799,834,99967.6455406597,99553.0369033813,100383.980898965,0,39257.9401281355,59927.192169135,0.000461605057196946,0.000459690583342029,0.000463527504263136,0,0.00018127528762205,0.000276716479809807
"2020/05/16","PK",216565317,1352,39,40151,873,102696.348325978,102280.719061672,103113.666546785,0,34959.1358560368,55982.359751897,0.000474204963881535,0.000472285777235847,0.000476131949359115,0,0.000161425367368667,0.000258501040366944
"2020/05/17","PK",216565317,1974,30,42125,903,106022.032045338,105600.412064115,106445.335385603,2450.04687391849,28828.3844367106,51935.9843141361,0.000489561456626675,0.000487614607578717,0.000491516078660013,1.13132005985912e-05,0.000133116349543222,0.000239816721502715
"2020/05/18","PK",216565317,1841,36,43966,939,109726.953363535,109299.312704775,110156.267194144,5198.24681026436,34008.1381430294,52103.4576624105,0.000506669095880829,0.000504694446086097,0.000508651471621116,2.40031362467166e-05,0.000157034093058536,0.000240590037149903
"2020/05/19","PK",216565317,1932,46,45898,985,114735.269329936,114298.879993031,115173.324786871,5008.31596640059,36379.7864311462,54553.8674985497,0.000529795217993913,0.000527780170788061,0.000531817958583235,2.31261221130833e-05,0.000167985284694253,0.00025190491374272
"2020/05/20","PK",216565317,2193,32,48091,1017,118612.188331214,118168.091484521,119057.954173376,3876.91900127857,33319.7396844596,56970.6456881174,0.0005476970642128,0.000545646427237106,0.00054975540784943,1.79018462188873e-05,0.000153855382505499,0.000263064494709083
"2020/05/21","PK",216565317,2603,50,50694,1067,125407.12070731,124948.506078025,125867.418649065,6794.93237609597,37459.6840526073,62586.4011560935,0.000579072967197746,0.000576955293714111,0.000581198413451701,3.13759029849455e-05,0.000172971760074616,0.000288995495784274
"2020/05/22","PK",216565317,1743,34,52437,1101,127954.641627183,127493.590365567,128417.360174701,2547.52091987248,34120.4140256323,60835.1178038672,0.000590836258546343,0.000588707333804362,0.000592972882055262,1.1763291348598e-05,0.000157552531948744,0.000280908866879488
"2020/05/23","PK",216565317,2164,32,54601,1133,131057.003731817,130590.994423222,131524.675978017,3102.36210463381,32367.2915002917,55356.6816152564,0.000605161553785718,0.000603009735040918,0.000607321051219006,1.43252952393749e-05,0.000149457410580161,0.000255611943694827
"2020/05/24","PK",216565317,1748,34,56349,1167,133218.531852148,132751.194386109,133687.514533572,2161.52812033171,34528.8196206234,57499.7166316425,0.000615142506185089,0.00061298455461411,0.000617308054611402,9.9809523993711e-06,0.000159438362979532,0.000265507503362796
"2020/05/25","PK",216565317,1356,30,57705,1197,133906.997403995,133442.546943006,134373.064397609,688.465551846573,35217.28517247,55551.5145052054,0.000618321526544322,0.00061617690584779,0.000620473611652272,3.17902035923219e-06,0.000162617383338764,0.000256511593244662
"2020/05/26","PK",216565317,1446,28,59151,1225,134596.207204643,134134.092150938,135059.914324313,689.209800648096,32517.5475252906,49303.7585578883,0.000621503983505554,0.000619370146656207,0.000623645171790427,3.18245696123214e-06,0.000150151224470032,0.000227662301798253
"2020/05/27","PK",216565317,2076,35,61227,1260,137544.446744931,137078.02489348,138012.455643932,2948.23954028843,35465.7870655791,49597.0100902284,0.000635117610937357,0.000632963887257534,0.000637278662879949,1.36136274318035e-05,0.000163764851901836,0.000229016403814228
"2020/05/28","PK",216565317,2801,57,64028,1317,144541.955563041,144061.235268681,145024.279980821,6997.50881810932,42463.2958836884,50707.7279614902,0.000667428919668798,0.000665209172291798,0.000669656074157159,3.23113087314407e-05,0.000196076160633276,0.000234145193071198
"2020/05/29","PK",216565317,2429,78,66457,1395,152918.715464347,152422.552219939,153416.493810731,8376.75990130656,48390.0089110765,54229.0032328224,0.000706108981727427,0.000703817925840538,0.000708407495419642,3.86800620586285e-05,0.000223443022093314,0.000250404838521869
"2020/05/30","PK",216565317,3039,88,69496,1483,163631.677938012,163114.081237204,164150.917086502,10712.9624736646,53904.7245744767,64941.9657064871,0.000755576563250024,0.000753186537423276,0.000757974173152121,4.94675815225973e-05,0.000248907467369194,0.000299872420044467
"2020/05/31","PK",216565317,2964,60,72460,1543,170854.278065574,170322.313656267,171387.903949097,7222.60012756157,56119.0087356377,72164.5658340486,0.000788927241131476,0.000786470871770602,0.000791391282423572,3.33506778814521e-05,0.000259132023137563,0.000333223097925919
"2020/06/01","PK",216565317,3938,78,76398,1621,182082.829485135,181526.715487705,182640.647158948,11228.5514195615,63470.6411539207,80004.1698057827,0.000840775577583067,0.000838207696423086,0.000843351325544654,5.18483364515913e-05,0.000293078513370267,0.000369422818547546
"2020/06/02","PK",216565317,4065,67,80463,1688,192010.984601563,191433.442384774,192590.269225573,9928.15511642833,66603.863894253,89932.324922211,0.000886619276167676,0.000883952449250097,0.000889294148728225,4.58436985846091e-05,0.000307546308969931,0.000415266517132155
"2020/06/03","PK",216565317,4801,82,85264,1770,204909.932570575,204304.272792147,205517.387826709,12898.9479690115,76955.2909433921,102831.272891223,0.00094618074310844,0.000943384082097261,0.000948985694817926,5.95614669407636e-05,0.000355344484562097,0.000474827984072918
"2020/06/04","PK",216565317,3985,68,89249,1838,213604.487147357,212981.533524086,214229.262859193,8694.55457678204,82547.4834155403,109075.780594086,0.000986328236239956,0.00098345172012971,0.00098921316592533,4.01474931315158e-05,0.000381166682454238,0.000503662276605843
"2020/06/05","PK",216565317,4734,97,93983,1935,226780.130911392,226130.502686959,227431.625389271,13175.6437640346,93561.5990592432,117053.177547856,0.00104716735834202,0.00104416767107246,0.00105017566312001,6.08391221020613e-05,0.000432024852156928,0.000540498262461188
"2020/06/06","PK",216565317,4960,67,98943,2002,236303.069842169,235633.805303213,236974.235275705,9522.93893077775,102396.072438174,121567.800512233,0.00109113995313557,0.00108804959430883,0.00109423908942772,4.39725947935502e-05,0.000472818426591246,0.000561344735141655
"2020/06/07","PK",216565317,4728,65,103671,2067,244313.546259743,243628.746618125,245000.270758571,8010.47641757413,109717.3390551,125701.357928529,0.00112812868488883,0.00112496659203341,0.00113129966585818,3.69887317532665e-05,0.00050662470138328,0.000580431620676034
"2020/06/08","PK",216565317,4646,105,108317,2172,256160.605998578,255453.954853081,256869.211922351,11847.0597388344,118616.159253646,130753.485291267,0.00118283301106141,0.00117957001791326,0.00118610503048533,5.47043261725717e-05,0.000547715400124048,0.00060376004386366
"2020/06/09","PK",216565317,5385,83,113702,2255,266515.848820344,265789.104545549,267244.580224151,10355.2428217658,121973.893257303,138561.207193161,0.00123064880615368,0.00122729303208578,0.00123401375587833,4.7815795092276e-05,0.000563219886484884,0.000639812547607338
"2020/06/10","PK",216565317,5834,101,119536,2356,279436.218623657,278684.270474679,280190.195685203,12920.3698033136,126517.50315931,148379.214891841,0.00129030918936875,0.00128683703528889,0.00129379071204279,5.96603832150721e-05,0.000584200207641327,0.000685147635583035
"2020/06/11","PK",216565317,6397,107,125933,2463,293719.104716825,292938.950345412,294501.336793653,14282.8860931679,130087.426778813,160500.572864677,0.00135626105225716,0.00135265865468851,0.00135987304372312,6.59518628884049e-05,0.000600684489007135,0.000741118546072069
"2020/06/12","PK",216565317,0,0,125933,2463,280222.105066257,279477.471439704,280968.722678263,0,122864.826651252,159812.10731283,0.00129393805503149,0.00129049967608481,0.00129738559511939,0,0.000567333811125683,0.000737939525712837
"2020/06/13","PK",216565317,6472,88,132405,2551,291347.093912823,290580.553420332,292115.656510095,0,111636.27523169,159122.897512182,0.00134530818668819,0.00134176865181202,0.00134885705872328,0,0.000515485474674091,0.000734757068751605
"2020/06/14","PK",216565317,12073,178,144478,2729,325326.83033213,324486.820698099,326169.014526544,15738.715160734,117446.835275996,171913.373132628,0.00150221113352204,0.00149833235161149,0.00150609995656204,7.26742184702362e-05,0.000542315994559718,0.000793817659790038
"2020/06/15","PK",216565317,4443,110,148921,2839,333692.874969444,332840.203254679,334547.731062917,24235.0550918849,128782.942398869,189150.919406403,0.00154084171737178,0.00153690446773931,0.00154478905347026,0.000111906446644385,0.00059466097426334,0.000873412797702982
"2020/06/16","PK",216565317,5839,136,154760,2975,347176.764372128,346300.23724068,348055.510098106,13483.8894026841,133572.277224771,194258.048907781,0.00160310417744374,0.00159905677436189,0.00160716182498468,6.22624600719609e-05,0.000616775941203785,0.000896995195716314
"2020/06/17","PK",216565317,5358,118,160118,3093,356730.002671152,355837.975071507,357624.266438081,9553.23829902353,129949.87175976,193098.32473314,0.00164721668092011,0.00164309770373576,0.00165134598370653,4.41125034763694e-05,0.000600049322578093,0.000891640117670086
"2020/06/18","PK",216565317,4944,136,165062,3229,366935.799472225,366027.705322178,367846.146552784,10205.7968010738,130632.729630056,196081.521406652,0.00169434240235349,0.00169014923715683,0.00169854597055716,4.71257214333806e-05,0.000603202449217924,0.000905415161222015
"2020/06/19","PK",216565317,6604,153,171666,3382,382432.275918006,381496.000032661,383370.84963225,15496.4764457808,138118.729658263,200349.446432871,0.00176589807276484,0.00176157477714985,0.00177023197870714,7.15556704113465e-05,0.000637769387876004,0.00092512249518177
"2020/06/20","PK",216565317,4951,119,176617,3501,390174.307237169,389226.452713988,391124.470000683,7742.03131916252,134013.701238591,198163.322635605,0.00180164724731601,0.00179727048682494,0.00180603466620965,3.57491745511702e-05,0.000618814236254602,0.000915027971148331
"2020/06/21","PK",216565317,4471,89,181088,3590,393406.600990633,392456.066509685,394359.437680354,3232.29375346412,126890.752170289,188496.668420058,0.00181657250773277,0.00181218337241732,0.00182097227359981,1.49252604167644e-05,0.00058592370157909,0.000870391764624332
"2020/06/22","PK",216565317,3946,105,185034,3695,397333.445537475,396379.315530235,398289.87224395,3926.8445468421,117897.226913818,183728.958390118,0.00183470488738266,0.00183029914956436,0.00183912123031201,1.81323796498869e-05,0.000544395698013905,0.000848376651142703
"2020/06/23","PK",216565317,3892,60,188926,3755,396604.85030867,395655.586949734,397556.391155791,0,103614.34082065,170553.314626083,0.00183134056645215,0.00182695730059922,0.00183573434870825,0,0.0004784438351255,0.000787537529040642
"2020/06/24","PK",216565317,4044,148,192970,3903,405813.165385183,404849.653553885,406778.970302423,7751.1246189035,111365.465439553,168781.500314209,0.00187386037158103,0.00186941131277214,0.00187832001881642,3.5791163267863e-05,0.000514234998393363,0.000779356097514954
"2020/06/25","PK",216565317,2775,59,195745,3962,403493.723974149,402538.527532815,404451.187031419,0,111365.465439553,160771.023896635,0.00186315024752624,0.00185873958540099,0.00186757137585156,0,0.000514234998393363,0.000742367365761688
"2020/06/26","PK",216565317,3138,73,198883,4035,403908.772655131,402956.015286138,404863.782742956,0,95626.7502788192,148923.964157801,0.00186506675330257,0.00186066735370252,0.00186947655493218,0,0.000441560779923127,0.000687663039589116
"2020/06/27","PK",216565317,4072,83,202955,4118,407739.637110291,406781.655856186,408699.874434869,0,71391.6951869344,138568.721336035,0.00188275594060286,0.00187833241948057,0.00188718987923107,0,0.000329654333278742,0.00063984724449684
"2020/06/28","PK",216565317,3557,49,206512,4167,407641.987289053,406686.355884642,408599.864235681,2445.84040310996,60353.6461873603,128094.191935831,0.00188230503820265,0.00187789236761601,0.00188672807768051,1.12937770322196e-05,0.000278685650239001,0.000591480638313988
"2020/06/29","PK",216565317,2825,137,209337,4304,415023.558780796,414056.675624093,415992.699751692,7493.14822130761,58293.5561096444,121304.454063971,0.00191638977344094,0.00191192514738679,0.00192086482505272,3.4599945758201e-05,0.000269173092520832,0.000560128721183784
"2020/06/30","PK",216565317,4133,91,213470,4395,420808.099058691,419831.560729887,421786.908839184,5784.54027789494,53872.2995864655,127088.994341866,0.0019431001458959,0.0019385909366544,0.00194761984366677,2.67103724549529e-05,0.000248757743542404,0.000586839093638737
"2020/07/01","PK",216565317,4339,78,217809,4473,426025.420813787,425039.951150199,427013.175322495,5217.32175509643,43593.1448957812,132306.316096962,0.00196719136155023,0.00196264091147245,0.00197175236200215,2.40912156543351e-05,0.000201293288785393,0.000610930309293072
"2020/07/02","PK",216565317,4087,78,221896,4551,430920.23735387,429926.55105654,431916.220351544,4894.81654008303,40745.9301167017,121462.417476311,0.00198979339500549,0.00198520500425532,0.00199439239087182,2.26020334552602e-05,0.000188146147689483,0.000560858124278096
"2020/07/03","PK",216565317,0,0,221896,4551,420810.352179937,419839.865243883,421783.082459158,0,37513.6363632376,97227.3623844263,0.00194311054978363,0.00193862928311777,0.00194760217518652,0,0.000173220887272719,0.000448951677633711
"2020/07/04","PK",216565317,3387,68,225283,4619,423852.333079092,422877.404435157,424829.509385945,0,33586.7918163955,83743.4729817423,0.00195715703211651,0.00195265525566662,0.00196166918725007,0,0.000155088507622832,0.00038668921756175
"2020/07/05","PK",216565317,6535,143,231818,4762,440098.823134796,439092.017284649,441107.937517049,0,33586.7918163955,74190.2346827188,0.00203217592378744,0.00202752695291762,0.00203683555440712,0,0.000155088507622832,0.00034257671408538
"2020/07/06","PK",216565317,2691,77,234509,4839,443150.31040467,442139.321931889,444163.610586999,4230.86938301305,30066.536580505,68215.307264658,0.00204626630221066,0.00204159801789448,0.00205094526094868,1.95362278762903e-05,0.000138833572231259,0.00031498722052829
"2020/07/07","PK",216565317,2980,83,237489,4922,447295.373648668,446277.882107802,448315.185020019,12144.2669117843,42210.8034922893,64863.0977306616,0.00206540631641708,0.00206070800389428,0.00207011534086051,5.6076693535301e-05,0.00019491026576656,0.000299508243652245
"2020/07/08","PK",216565317,3359,61,240848,4983,450230.194166887,449208.125130152,451254.588684969,2934.82051821926,45145.6240105086,60055.8869297183,0.00207895798091662,0.0020742385316027,0.00208368816824426,1.35516644995342e-05,0.000208461930266094,0.000277310733600608
"2020/07/09","PK",216565317,2751,75,243599,5058,453420.121075953,452393.3616431,454449.210858945,3189.9269090665,48335.5509195751,60013.5200853207,0.00209368761054178,0.00208894650311481,0.00209843947846434,1.47296296251653e-05,0.000223191559891259,0.000277115102809009
"2020/07/10","PK",216565317,2752,65,246351,5123,455864.205612063,454834.064302587,456896.68006059,2444.08453610924,48333.7950525744,58530.7600745878,0.00210497327977989,0.00210021655638694,0.00210974077654637,1.12856692381137e-05,0.000223183452097154,0.000270268392397236
"2020/07/11","PK",216565317,2521,74,248872,5197,458861.895606563,457827.394669746,459898.734088492,2997.68999450054,43838.3368257673,61528.4500690884,0.00211881524688722,0.00211403839272078,0.00212360289477235,1.3841967107321e-05,0.000202425473446273,0.000284110359504557
"2020/07/12","PK",216565317,2753,69,251625,5266,462041.802656775,461002.33494334,463083.614161217,3179.90705021139,41233.7035980838,56957.2325003963,0.0021334986093677,0.00212869882088894,0.00213830922040586,1.46833624804815e-05,0.000190398463471802,0.000263002558717176
"2020/07/13","PK",216565317,1979,54,253604,5320,462701.571267948,461662.291681168,463743.190448147,659.768611173204,36676.1504541605,57617.0011115695,0.00213654512032482,0.00213174620052927,0.00214135484329722,3.04651095712248e-06,0.00016935375877459,0.000266049069674298
"2020/07/14","PK",216565317,2165,66,255769,5386,464971.91645807,463929.563852933,466016.611011291,2270.34519012173,34051.6791041992,59887.3463016912,0.00214702854039213,0.00214221543079741,0.00215185246403648,1.04834200673127e-05,0.000157235145386642,0.000276532489741611
"2020/07/15","PK",216565317,2145,40,257914,5426,465215.897826946,464174.179470741,466259.954049368,243.981368876004,34295.6604730752,60131.3276705672,0.00214815513523315,0.00214334495431113,0.00215297611135659,1.12659484101974e-06,0.000158361740227662,0.000277659084582631
"2020/07/16","PK",216565317,0,0,257914,5426,458502.099192345,457475.355108672,459531.147669909,0,34295.6604730752,57685.4872674572,0.00211715387091436,0.00211241283436291,0.00212190554810727,0,0.000158361740227662,0.000266365307550411
"2020/07/17","PK",216565317,4003,96,261917,5522,467388.326077772,466344.55483534,468434.433486446,0,34295.6604730752,50192.3390461496,0.00215818641947072,0.00215336675925509,0.00216301686703807,0,0.000158361740227662,0.00023176536179221
"2020/07/18","PK",216565317,1579,46,263496,5568,468007.051799169,466963.215478919,469053.221481506,0,30064.7910900622,44407.7987682547,0.0021610434130557,0.00215622345234034,0.00216587414817446,0,0.000138825512351371,0.000205054989337257
"2020/07/19","PK",216565317,1587,31,265083,5599,467567.976854494,466525.979095705,468612.301942045,601.862615997728,18522.3867942756,39792.339629156,0.00215901596493632,0.00215420449386041,0.00216383818255647,2.77912744448239e-06,8.55279462605529e-05,0.000183742901127404
"2020/07/20","PK",216565317,1013,40,266096,5639,467073.067451152,466033.282516738,468115.172290067,1255.30700820894,16842.8732842653,36152.8300972819,0.00215673069871642,0.00215192944545566,0.00216154266423957,5.7964360387815e-06,7.77727177998002e-05,0.000166937303710926
"2020/07/21","PK",216565317,1332,38,267428,5677,467206.043424882,466167.002468317,468247.400302787,132.975973729393,13785.9223489282,36285.8060710113,0.00215734472119966,0.00215254690328977,0.00216215323297953,6.14022483246445e-07,6.36571106578814e-05,0.000167551326194172
"2020/07/22","PK",216565317,1763,32,269191,5709,467852.029495203,466812.41348825,468893.960782151,645.986070321524,11987.8238831405,36931.7921413328,0.00216032759066034,0.00215552711742966,0.00216513875479955,2.9828694606788e-06,5.53543108804466e-05,0.000170534195654851
"2020/07/23","PK",216565317,1209,54,270400,5763,469560.156865205,468518.213071997,470604.417850867,1708.12737000157,10698.2612586415,38639.9195113344,0.00216821494489445,0.00216340372300703,0.00217303686652128,7.88735423411115e-06,4.93996980072367e-05,0.000178421549888962
"2020/07/24","PK",216565317,1487,24,271887,5787,469502.887910008,468461.694858777,470546.395094885,0,7518.3542084301,34409.0501283213,0.0021679505029423,0.0021631427476394,0.00217276894386041,0,3.47163355267552e-05,0.000158885322012672
"2020/07/25","PK",216565317,1226,35,273113,5822,470078.456453033,469036.90693684,471122.318847763,461.030632631853,7319.61622988875,22725.8138491689,0.00217060821633334,0.00216579881503759,0.00217542829744877,2.12882948672641e-06,3.37986540563591e-05,0.000104937457964097
"2020/07/26","PK",216565317,0,0,273113,5822,465920.759482061,464888.389255718,466955.422276488,0,5049.27103976702,19790.9933309496,0.00215140986532973,0.00214664284981384,0.0021561874668809,0,2.33152339890464e-05,9.1385793464563e-05
"2020/07/27","PK",216565317,1176,20,274289,5842,465603.956672299,464572.79302694,466637.409083766,0,4805.28967089101,16601.0664218831,0.00214994701424097,0.00214518557016653,0.00215471902679489,0,2.21886391480267e-05,7.66561638393978e-05
"2020/07/28","PK",216565317,936,23,275225,5865,465354.831748598,464324.802128084,466387.146323555,0,4805.28967089101,14156.9818857739,0.00214879666880638,0.00214404046114219,0.00215356342734952,0,2.21886391480267e-05,6.53704946012841e-05
"2020/07/29","PK",216565317,1063,27,276288,5892,465838.66858542,464808.25308348,466871.368375774,0,4805.28967089101,11159.2918912733,0.00215103080695706,0.00214627281746818,0.00215579934424945,0,2.21886391480267e-05,5.15285274939631e-05
"2020/07/30","PK",216565317,1114,32,277402,5924,466971.517600578,465939.408336992,468005.913104635,0,4805.28967089101,7979.38484106195,0.00215626178775699,0.00215149597724825,0.00216103815508295,0,2.21886391480267e-05,3.68451650134816e-05
"2020/07/31","PK",216565317,903,27,278305,5951,467493.770140855,466461.182930419,468528.643149952,0,4203.42705489328,7319.61622988875,0.00215867331212992,0.00215390529468031,0.00216345188435668,0,1.94095117035443e-05,3.37986540563591e-05
"2020/08/01","PK",216565317,0,0,278305,5951,464515.808247668,463489.776132113,465544.111701138,0,2948.12004668434,5049.27103976702,0.00214492244040936,0.00214018469140242,0.00214967067742033,0,1.36130756647628e-05,2.33152339890464e-05
"2020/08/02","PK",216565317,1394,25,279699,5976,465969.711745072,464941.087509295,467000.611683828,0,2815.14407295495,4805.28967089101,0.00215163590458518,0.00214688618634763,0.00215639613098264,0,1.29990531815164e-05,2.21886391480267e-05
"2020/08/03","PK",216565317,762,23,280461,5999,466359.094275038,465330.175576431,467390.288075807,0,2169.15800263343,4805.28967089101,0.00215343389576567,0.00214868281783288,0.00215819547908406,0,1.00161837208376e-05,2.21886391480267e-05
"2020/08/04","PK",216565317,0,0,280461,5999,463812.334564306,462789.015789188,464837.916101244,0,461.030632631853,4805.28967089101,0.0021416741193342,0.00213694889929761,0.0021464097877743,0,2.12882948672641e-06,2.21886391480267e-05
"2020/08/05","PK",216565317,675,15,281136,6014,463672.926226531,462650.274146144,464697.838798991,0,461.030632631853,4805.28967089101,0.00214103039512338,0.00213630825357942,0.00214576297459021,0,2.12882948672641e-06,2.21886391480267e-05
"2020/08/06","PK",216565317,727,21,281863,6035,464220.332617452,463196.981741403,465245.944404208,0,0,4203.42705489328,0.00214355806852236,0.00213883270025829,0.00214829387664234,0,0,1.94095117035443e-05
"2020/08/07","PK",216565317,782,17,282645,6052,464668.045709327,463644.115065217,465694.237643788,0,0,2948.12004668434,0.00214562540367129,0.00214089735830238,0.00215036389064916,0,0,1.36130756647628e-05
"2020/08/08","PK",216565317,842,16,283487,6068,465230.624330072,464205.835426887,466257.675575122,0,0,2815.14407295495,0.00214822313551746,0.00214349112709902,0.00215296559040025,0,0,1.29990531815164e-05
"2020/08/09","PK",216565317,634,14,284121,6082,465370.195483097,464345.430022454,466397.222502014,0,0,2169.15800263343,0.00214886761153494,0.00214413571136349,0.00215360995455248,0,0,1.00161837208376e-05
"2020/08/10","PK",216565317,539,15,284660,6097,465491.225357267,464466.547793141,466518.163502087,0,0,461.030632631853,0.00214942647237123,0.00214469497806586,0.00215416840500867,0,0,2.12882948672641e-06
"2020/08/11","PK",216565317,531,15,285191,6112,465661.810069786,464637.110265674,466688.769722855,0,0,461.030632631853,0.00215021415488144,0.00214548255788194,0.00215495618683418,0,0,2.12882948672641e-06
"2020/08/12","PK",216565317,730,17,285921,6129,466376.001981939,465350.131740239,467404.133767541,0,0,0,0.00215351196785559,0.00214877496630838,0.00215825941218252,0,0,0
"2020/08/13","PK",216565317,753,10,286674,6139,466656.703515155,465630.446139004,467685.222779914,0,0,0,0.00215480811969146,0.00215006933053368,0.00215955735322066,0,0,0
"2020/08/14","PK",216565317,626,14,287300,6153,467083.012767349,466056.144591665,468112.143456385,0,0,0,0.00215677662165705,0.00215203501210522,0.0021615286784651,0,0,0
"2020/08/15","PK",216565317,747,9,288047,6162,467366.323080385,466339.037540662,468395.87159939,0,0,0,0.00215808481964998,0.00215334128290109,0.00216283880580652,0,0,0
"2020/08/16","PK",216565317,1168,13,289215,6175,468670.669068086,467640.818492969,469702.787606489,0,0,0,0.00216410769536142,0.00215935231444733,0.00216887354869704,0,0,0
"2020/08/17","PK",216565317,0,0,289215,6175,467116.189310165,466089.743553485,468144.895556172,0,0,0,0.00215692981582164,0.00215219015680837,0.00216167991274509,0,0,0
"2020/08/18","PK",216565317,617,15,289832,6190,467716.612543146,466689.195585986,468746.291360262,0,0,0,0.00215970229685091,0.00215495815327616,0.00216445688466479,0,0,0
"2020/08/19","PK",216565317,613,11,290445,6201,468056.637923124,467028.725963799,469086.812276468,0,0,0,0.0021612723791923,0.00215652594992299,0.00216602925516678,0,0,0
"2020/08/20","PK",216565317,513,8,290958,6209,468055.220829124,467027.492167461,469085.21108399,0,0,0,0.00216126583569762,0.00215652025281343,0.00216602186158917,0,0,0
"2020/08/21","PK",216565317,630,10,291588,6219,468433.962006562,467405.62928618,469464.557147672,0,0,0,0.0021630146899587,0.00215826631780646,0.00216777350893944,0,0,0
"2020/08/22","PK",216565317,586,12,292174,6231,468929.467927831,467900.32203965,469960.877420479,0,0,0,0.0021653027106267,0.00216055058363593,0.00217006528991195,0,0,0
"2020/08/23","PK",216565317,1087,13,293261,6244,470334.038194299,469302.107917807,471368.237542414,0,0,0,0.0021717883764107,0.00216702339238285,0.00217656383797787,0,0,0
"2020/08/24","PK",216565317,0,0,293261,6244,469032.567324966,468003.483536072,470063.913946258,0,0,0,0.00216577877668642,0.00216102693644187,0.00217054106566038,0,0,0
"2020/08/25","PK",216565317,450,11,293711,6255,469293.385877347,468263.979456519,470325.055290047,0,0,0,0.00216698311797243,0.00216222978796055,0.0021717468974501,0,0,0
"2020/08/26","PK",216565317,482,12,294193,6267,469720.918458437,468690.846897953,470753.253872432,0,0,0,0.0021689572687137,0.00216420086738983,0.00217372412348203,0,0,0
"2020/08/27","PK",216565317,445,7,294638,6274,469757.43394004,468727.437625678,470789.69360048,0,0,0,0.0021691258805769,0.00216436982670535,0.0021738923855498,0,0,0
"2020/08/28","PK",216565317,415,9,295053,6283,469934.905902145,468904.722366141,470967.352751071,0,0,0,0.00216994536526892,0.0021651884468931,0.002174712734593,0,0,0
"2020/08/29","PK",216565317,319,1,295372,6284,469398.618375377,468369.626087501,470429.871324638,0,0,0,0.00216746903372056,0.00216271761598604,0.00217223089015975,0,0,0
"2020/08/30","PK",216565317,264,4,295636,6288,469038.18950503,468010.072844447,470068.564715011,0,0,0,0.00216580473735335,0.00216105736286687,0.0021705625407923,0,0,0
"2020/08/31","PK",216565317,213,6,295849,6294,468789.14877712,467761.709967259,469818.844356797,0,0,0,0.00216465478069658,0.002159910536216,0.00216940944591232,0,0,0
"2020/09/01","PK",216565317,300,4,296149,6298,468576.48331995,467549.59638994,469605.62561875,0,0,0,0.0021636727884731,0.00215893109232232,0.00216842489888974,0,0,0
"2020/09/02","PK",216565317,865,30,297014,6328,471240.678695218,470208.640536024,472274.982024956,0,0,0,0.00217597482931775,0.00217120934713671,0.00218075077102469,0,0,0
"2020/09/03","PK",216565317,498,7,297512,6335,471638.805433526,470606.050251088,472673.827019607,0,0,0,0.00217781319726984,0.00217304440420202,0.00218259245555745,0,0,0
"2020/09/04","PK",216565317,513,5,298025,6340,471914.691226038,470881.440697419,472950.209006161,0,0,0,0.00217908711220845,0.00217431603185758,0.00218386866169416,0,0,0
"2020/09/05","PK",216565317,0,0,298025,6340,471007.251630745,469975.981822913,472040.784357231,0,0,0,0.00217489696944753,0.00217013503516315,0.00217966935285963,0,0,0
"2020/09/06","PK",216565317,878,5,298903,6345,471872.738952181,470839.682847877,472908.061655825,0,0,0,0.00217889339571479,0.00217412321312686,0.00218367404442617,0,0,0
"2020/09/07","PK",216565317,330,5,299233,6350,471890.707809471,470857.721029846,472925.960797421,0,0,0,0.00217897636771391,0.00217420650523576,0.00218375669450996,0,0,0
"2020/09/08","PK",216565317,426,9,299659,6359,472360.586962671,471326.771673585,473396.669837892,0,0,0,0.00218114605563859,0.0021763723674811,0.00218593021447609,0,0,0
"2020/09/09","PK",216565317,371,6,300030,6365,472528.879245,471494.826857096,473565.199450662,0,0,0,0.00218192315275026,0.00217714836977842,0.00218670840747164,0,0,0
"2020/09/10","PK",216565317,341,5,300371,6370,472587.392302825,471553.320177115,473623.732051548,0,0,0,0.00218219333940173,0.00217741846528969,0.00218697868436407,0,0,0
"2020/09/11","PK",216565317,584,3,300955,6373,472895.239626884,471860.556697931,473932.191380276,0,0,0,0.00218361483813626,0.00217883714361303,0.00218840300905743,0,0,0
"2020/09/12","PK",216565317,526,6,301481,6379,473346.604813577,472311.065480332,474384.414560938,0,0,0,0.00218569903699574,0.00218091738798753,0.00219049116974228,0,0,0
"2020/09/13","PK",216565317,539,4,302020,6383,473672.18898028,472636.022941763,474710.626618945,0,0,0,0.00218720243639142,0.0021824178935437,0.00219199746845403,0,0,0
"2020/09/14","PK",216565317,404,6,302424,6389,473931.713314848,472895.110505583,474970.588394137,0,0,0,0.00218840080156901,0.0021836142419129,0.0021931978535332,0,0,0
"2020/09/15","PK",216565317,665,4,303089,6393,474449.656910367,473412.006679903,475489.581519143,0,0,0,0.00219079242919755,0.00218600103302738,0.0021955943274109,0,0,0
"2020/09/16","PK",216565317,545,6,303634,6399,474925.173496192,473886.614067953,475966.009008317,0,0,0,0.00219298814821854,0.00218819255378715,0.00219779425256869,0,0,0
"2020/09/17","PK",216565317,752,9,304386,6408,475938.006098501,474897.430633394,476980.861629215,0,0,0,0.00219766494788499,0.00219286004431353,0.00220248037976097,0,0,0
"2020/09/18","PK",216565317,645,7,305031,6415,476620.675483317,475578.760621232,477664.873009535,0,0,0,0.00220081720418472,0.00219600611588804,0.00220563883278473,0,0,0
"2020/09/19","PK",216565317,640,1,305671,6416,476828.748665433,475786.39591315,477873.385003941,0,0,0,0.00220177799137353,0.00219696488109936,0.00220660164620885,0,0,0
"2020/09/20","PK",216565317,633,4,306304,6420,477228.34089321,476185.19946274,478273.767451495,0,0,0,0.00220362312628855,0.0021988063742577,0.00220845042999888,0,0,0
"2020/09/21","PK",216565317,582,4,306886,6424,477530.58978125,476486.872367372,478576.593398806,0,0,0,0.00220501877399533,0.00220019936233544,0.00220984874230256,0,0,0
"2020/09/22","PK",216565317,532,8,307418,6432,478038.572212717,476993.919561822,479085.512731688,0,0,0,0.00220736440550504,0.00220254067534656,0.00221219869999631,0,0,0
"2020/09/23","PK",216565317,799,5,308217,6437,478730.663306464,477684.605291639,479779.012032269,0,0,0,0.00221056016696554,0.00220572994747649,0.00221540096391459,0,0,0
"2020/09/24","PK",216565317,798,7,309015,6444,479560.844046613,478513.124254825,480610.857854399,0,0,0,0.00221439356352067,0.00220955567070246,0.00221924204905996,0,0,0
"2020/09/25","PK",216565317,566,7,309581,6451,480012.445101454,478963.890596655,481063.295116565,0,0,0,0.00221647885151182,0.00221163710436909,0.00222133119827569,0,0,0
"2020/09/26","PK",216565317,694,6,310275,6457,480569.188340542,479519.546794934,481621.127492956,10477.6744486258,10477.6744486258,10477.6744486258,0.0022190496382232,0.0022142028716211,0.00222390701412709,4.83811285840649e-05,4.83811285840649e-05,4.83811285840649e-05
"2020/09/27","PK",216565317,566,9,310841,6466,481138.414256832,480087.72594019,482191.40204059,639.552310369734,11117.2267589955,11117.2267589955,0.0022216780642527,0.00221682646413872,0.00222654028225854,2.9531612874546e-06,5.13342898715195e-05,5.13342898715195e-05
"2020/09/28","PK",216565317,675,8,311516,6474,481793.469214326,480741.524139395,482847.716125868,655.054957494198,11772.2817164897,11772.2817164897,0.00222470280970395,0.00221984540645257,0.00222957084178843,3.02474545124969e-06,5.43590353227691e-05,5.43590353227691e-05
"2020/09/29","PK",216565317,747,5,312263,6479,482331.860535405,481278.846011302,483387.179003671,538.391321078932,12310.6730375686,12310.6730375686,0.00222718885561627,0.0022223265141357,0.00223206183566167,2.48604591232368e-06,5.68450812350928e-05,5.68450812350928e-05
"2020/09/30","PK",216565317,543,5,312806,6484,482547.826892164,481494.446806601,483603.511489465,215.966356758727,12526.6393943274,12526.6393943274,0.00222818608989067,0.00222332206041377,0.0022330607605532,9.97234274400119e-07,5.7842315509493e-05,5.7842315509493e-05
"2020/10/01","PK",216565317,625,15,313431,6499,483627.727962422,482572.320753368,484685.443394159,1079.90107025817,13606.5404645855,13606.5404645855,0.00223317258119601,0.00222829919138607,0.00223805662932702,4.98649130533756e-06,6.28288068148305e-05,6.28288068148305e-05
"2020/10/02","PK",216565317,553,8,313984,6507,484074.518865573,483018.309322026,485133.038008112,446.79090315121,14053.3313677367,14053.3313677367,0.00223523565809743,0.00223035856347222,0.00224012341739888,2.06307690141912e-06,6.48918837162496e-05,6.48918837162496e-05
"2020/10/03","PK",216565317,632,6,314616,6513,484496.447058232,483439.444673374,485555.760495806,421.928192658641,14475.2595603954,14475.2595603954,0.00223718393032543,0.00223230317472014,0.00224207535731959,1.94827222799781e-06,6.68401559442474e-05,6.68401559442474e-05
"2020/10/04","PK",216565317,0,0,314616,6513,483504.750939178,482449.905770094,484561.902458243,0,14475.2595603954,14475.2595603954,0.00223260472931212,0.00222773393474678,0.00223748617355125,0,6.68401559442474e-05,6.68401559442474e-05
"2020/10/05","PK",216565317,1111,10,315727,6523,484982.034198636,483924.183157207,486042.197686653,0,14475.2595603954,14475.2595603954,0.00223942615058087,0.00223454147626606,0.00224432150272083,0,6.68401559442474e-05,6.68401559442474e-05
"2020/10/06","PK",216565317,624,12,316351,6535,485880.079341599,484820.530920339,486941.943347256,877.523304717557,15352.7828651129,15352.7828651129,0.0022435729140396,0.00223868040199779,0.00224847611839553,4.05200295630697e-06,7.08921589005544e-05,7.08921589005544e-05
"2020/10/07","PK",216565317,583,9,316934,6544,486487.033186988,485426.355352892,487550.028648578,1113.06282403815,16465.8456891511,16465.8456891511,0.00224637555046262,0.00224147782330673,0.00225128397936673,5.13961718089027e-06,7.60317760814447e-05,7.60317760814447e-05
"2020/10/08","PK",216565317,661,8,317595,6552,487132.72906103,486070.815089839,488196.962984884,645.695874042285,6633.86711456761,17111.5415631934,0.00224935707992905,0.00224445364485505,0.00225427122748785,2.98152946643014e-06,3.063217696381e-05,7.90133055478748e-05
"2020/10/09","PK",216565317,671,6,318266,6558,487640.465181232,486577.571445392,488705.680732051,507.736120202171,6502.05092440004,17619.2776833955,0.00225170157408553,0.0022467936149046,0.00225662025435057,2.34449415647738e-06,3.00235098328328e-05,8.13577997043522e-05
"2020/10/10","PK",216565317,666,12,318932,6570,488581.016511015,487516.332687691,489648.025490581,940.551329782873,6787.54729668872,18559.8290131784,0.0022560446117557,0.00225112838676606,0.00226097157325788,4.34303767016799e-06,3.13418020517511e-05,8.57008373745202e-05
"2020/10/11","PK",216565317,385,10,319317,6580,488935.862498313,487870.62045399,490003.430447426,354.845987298235,6604.00196290802,18914.6750004767,0.0022576831289117,0.00225276432631172,0.00226261267148066,1.6385171559961e-06,3.04942732954235e-05,8.73393545305163e-05
"2020/10/12","PK",216565317,531,8,319848,6588,489365.942238383,488299.933680172,490434.278002002,430.079740069923,6818.11534621922,19344.7547405466,0.00225966904127305,0.00225474669926105,0.0022646021292597,1.98591236134973e-06,3.14829513823731e-05,8.9325266891866e-05
"2020/10/13","PK",216565317,615,13,320463,6601,490306.794537023,489239.017074663,491376.90245274,940.85229864018,6679.06657460122,20285.6070391868,0.00226401346868032,0.0022590829586746,0.00226895473965824,4.34442740727584e-06,3.08408874843114e-05,9.36696942991419e-05
"2020/10/14","PK",216565317,755,13,321218,6614,491472.188305187,490402.153106526,492544.558271996,1165.39376816375,7397.66943961376,10973.3263587247,0.00226939472632724,0.00226445379112356,0.00227434644242686,5.38125764691928e-06,3.41590682298115e-05,5.06698233619963e-05
"2020/10/15","PK",216565317,659,7,321877,6621,492046.872196273,490975.733667115,493120.347577682,574.68389108585,7550.42513804097,10908.4579394409,0.00227204835479853,0.00226710232491713,0.00227700517519932,2.65362847129326e-06,3.4864424473107e-05,5.0370290545835e-05
"2020/10/16","PK",216565317,575,17,322452,6638,493230.012334021,492156.665360538,494305.700175375,1183.14013774844,8733.56527578941,11436.5431196951,0.00227751155709767,0.0022725553296262,0.00228247859363083,5.46320229914028e-06,4.03276267722473e-05,5.28087473937255e-05
"2020/10/17","PK",216565317,567,16,323019,6654,494320.889190182,493245.512496771,495398.610426023,1090.87685616029,9824.44213194971,11989.0286547765,0.00228254872958342,0.00227758312978976,0.00228752515540622,5.03717248575076e-06,4.5364799257998e-05,5.53598739671526e-05
"2020/10/18","PK",216565317,433,5,323452,6659,494388.897609321,493313.476086481,495466.663547037,68.0084191393689,9014.92724637152,11841.0707171571,0.00228286276148882,0.00227789695469326,0.00228783939372451,3.14031905392168e-07,4.16268282070832e-05,5.46766715981447e-05
"2020/10/19","PK",216565317,582,14,324034,6673,495359.070756352,494281.838144066,496438.651078004,970.173147030931,8872.0375693643,11731.3427939299,0.00228734257921988,0.00228236840963812,0.00229232758945425,4.47981773106786e-06,4.09670287572608e-05,5.4169998023875e-05
"2020/10/20","PK",216565317,710,19,324744,6692,496907.005242154,495826.814036431,497989.549715204,1547.93448580237,9774.27618112438,12832.486376581,0.00229449023567405,0.00228950240465527,0.00229948893300954,7.14765645416052e-06,4.51331557449912e-05,5.92545775766164e-05
"2020/10/21","PK",216565317,736,10,325480,6702,497831.548522699,496749.558779194,498915.894990602,924.543280544516,10191.0833414667,13335.1014644669,0.00229875935546364,0.00229376321961653,0.00230376637359066,4.26911978959455e-06,4.70577813781083e-05,6.15754251382131e-05
"2020/10/22","PK",216565317,736,13,326216,6715,498974.047075768,497889.850266422,500060.604814386,1142.49855306948,10393.0305647533,14477.6000175364,0.0023040348934348,0.00229902856636283,0.00230905212220287,5.27553797115853e-06,4.79902816790989e-05,6.68509631093716e-05
"2020/10/23","PK",216565317,847,12,327063,6727,500200.127459845,499113.520522752,501289.100020362,1226.08038407651,11264.2649615316,15703.6804016129,0.0023096963742345,0.00230467891829028,0.00231472475355027,5.66148079970033e-06,5.20132453228031e-05,7.2512443909072e-05
"2020/10/24","PK",216565317,832,9,327895,6736,501162.063875841,500073.555947503,502252.94115464,961.936415996286,11796.121637458,15788.0935128916,0.00231413815849304,0.00230911192463705,0.00231917533293034,4.44178425853982e-06,5.44691172199932e-05,7.29022252113048e-05
"2020/10/25","PK",216565317,707,3,328602,6739,501462.219800553,500373.118616014,502553.691498907,300.155924712133,11155.4252635299,14975.1866135656,0.00231552414184841,0.00231049516860548,0.00232056406104449,1.38598335536864e-06,5.1510673168086e-05,6.91485913857832e-05
"2020/10/26","PK",216565317,773,6,329375,6745,502062.842628317,500972.560333706,503155.497738479,600.622827763669,10590.6543231299,14930.113567287,0.00231829754451548,0.00231326311744418,0.00232334292816831,2.77340266707466e-06,4.89028181882414e-05,6.89404645864277e-05
"2020/10/27","PK",216565317,825,14,330200,6759,503319.678548574,502226.962826649,504414.771736739,1256.83592025709,11272.8063523011,15679.2133673419,0.00232410104037376,0.00231905537684342,0.0023291576819604,5.80349585828227e-06,5.20526855752304e-05,7.23994662882326e-05
"2020/10/28","PK",216565317,908,16,331108,6775,504834.327383319,503738.661848589,505932.376064421,1514.64883474546,11604.3150492981,16253.3108723045,0.00233109499885118,0.00232603571442877,0.00233616528755812,6.9939584774115e-06,5.35834417535016e-05,7.50503870954761e-05
"2020/10/29","PK",216565317,1078,20,332186,6795,506885.805732096,505786.111864568,507987.890583824,2051.47834877635,12564.9165419142,17949.9432337826,0.00234056779152728,0.00233548990609871,0.00234565671743193,9.47279267610681e-06,5.80190619438576e-05,8.28846626155868e-05
"2020/10/30","PK",216565317,807,11,332993,6806,507823.315272617,506721.816942473,508927.208010365,937.50954052154,13434.4176632963,18457.3730342342,0.00234489678360001,0.00233981056598492,0.0023499940574989,4.32899207273129e-06,6.20340221111968e-05,8.52277423269683e-05
"2020/10/31","PK",216565317,977,17,333970,6823,509434.723785339,508330.088017665,510541.760001479,1611.408512722,14075.6530289874,19127.929248316,0.00235233753420147,0.00234723682932879,0.00235744932325188,7.44075060145481e-06,6.49949549815837e-05,8.83240655211473e-05
"2020/11/01","PK",216565317,1123,12,335093,6835,510866.866933265,509759.375754858,511976.764220845,1432.14314792521,13959.8616911102,19394.6786280775,0.00235895051899407,0.00235383662913512,0.00236407551916933,6.61298479259819e-06,6.44602833200214e-05,8.95557926668262e-05
"2020/11/02","PK",216565317,1167,14,336260,6849,512482.375070209,511371.674147419,513595.488438979,1615.50813694421,14650.8265475099,20435.5028739359,0.00236641019979302,0.00236128148879638,0.00237155005036646,7.45968079895363e-06,6.76508443293805e-05,9.43618449944866e-05
"2020/11/03","PK",216565317,1313,18,337573,6867,514578.472962291,513463.606801831,515695.759793933,2096.09789208247,15604.4258865229,21348.4606282699,0.0023760890251983,0.00237094108103114,0.00238124814692249,9.67882540528164e-06,7.20541317635036e-05,9.85774681006279e-05
"2020/11/04","PK",216565317,1302,26,338875,6893,517208.071447451,516088.055888336,518330.517667067,2629.59848515969,17007.9439876061,22887.1822572693,0.00238823131336146,0.00238305959161658,0.0023934142587895,1.21422881631581e-05,7.85349391269614e-05,0.000105682583778035
"2020/11/05","PK",216565317,1376,30,340251,6923,520194.464826112,519068.613624546,521322.757980236,2986.39337866154,19032.4009502713,25805.5672167914,0.00240202111784184,0.00239682244975794,0.00240723106175046,1.37898044803801e-05,8.78829593488017e-05,0.000119158356353023
"2020/11/06","PK",216565317,1502,20,341753,6943,522560.9965308,521430.440159886,523694.004154286,2366.53170468728,21098.7767302465,27201.9257744478,0.00241294868342561,0.00240772828901262,0.00241818039660656,1.09275655837693e-05,9.74245415772023e-05,0.000125606104205725
"2020/11/07","PK",216565317,1436,25,343189,6968,525136.019432835,524000.41380112,526274.086131596,2575.02290203486,23073.1768045177,28229.0141906803,0.00242483896640215,0.00241959525680246,0.00243009404008859,1.18902829765436e-05,0.000106541421886671,0.000130348730728108
"2020/11/08","PK",216565317,1650,9,344839,6977,526760.760332534,525621.822573186,527902.16598641,1624.74089969927,23441.0817839599,28929.211809835,0.00243234127989448,0.00242708218404698,0.00243761177135492,7.50231349232747e-06,0.000108240239520716,0.000133581924430841
"2020/11/09","PK",216565317,1637,23,346476,7000,529348.417625623,528204.362742498,530494.950454157,2587.6572930892,24514.0902423036,30374.3705498548,0.00244428990273462,0.00243900717834009,0.00244958406915248,1.19486228401439e-05,0.000113194903883449,0.000140255009299826
"2020/11/10","PK",216565317,1708,21,348184,7021,531815.241260699,530666.289164501,532966.680967182,2466.82363507571,24929.435528603,31615.113800854,0.00245568057077532,0.00245037523328124,0.00246099739492073,1.13906680406988e-05,0.000115112779248041,0.000145984196540824
"2020/11/11","PK",216565317,1808,34,349992,7055,535340.770047443,534184.909273828,536499.131854137,3525.52878674457,27517.454774826,34178.7061716022,0.00247195985702292,0.00246662261840306,0.00247730864427445,1.62792862475969e-05,0.000127063073422906,0.000157821698529882
"2020/11/12","PK",216565317,2304,37,352296,7092,539774.179869088,538609.516355613,540941.361795361,4433.40982164431,30339.4560837483,38311.9600685344,0.00249243132439848,0.00248705343873513,0.00249782083894514,2.04714673755646e-05,0.000140093790197016,0.000176907182550078
"2020/11/13","PK",216565317,2165,17,354461,7109,542376.373413804,541206.441144873,543548.834738952,2602.19354471657,31509.5064805397,40313.5307854873,0.00250444706902816,0.00249904485465174,0.00250986096143434,1.20157446296748e-05,0.000145496550034093,0.000186149524512678
"2020/11/14","PK",216565317,2443,32,356904,7141,546430.779816383,545252.763250531,547611.341482641,4054.40640257846,33948.4047461739,43111.1012678087,0.00252316847123024,0.00251772892725261,0.0025286197673224,1.87214022020823e-05,0.000156758271437222,0.000199067430856478
"2020/11/15","PK",216565317,2128,19,359032,7160,548880.26052602,547697.349095367,550065.726797325,2449.48070963705,34301.7875637285,44045.9331427003,0.00253447905754004,0.0025290169113061,0.00253995300086452,1.1310586309797e-05,0.000158390032341737,0.000203384058688863
"2020/11/16","PK",216565317,2050,33,361082,7193,552153.565007208,550964.277306896,553345.419852601,3273.3044811883,34945.4935597571,45267.7592751122,0.00254959368681924,0.00254410209787607,0.0025550971296692,1.5114629279204e-05,0.000161362373457783,0.000209025895291961
"2020/11/17","PK",216565317,2298,37,363380,7230,556002.67660336,554805.857519424,557202.077447926,3849.1115961523,35808.2117772479,48179.361330743,0.00256736713110604,0.00256184076566343,0.00257290541794338,1.77734442867983e-05,0.000165346013264201,0.000222470347506028
"2020/11/18","PK",216565317,2547,18,365927,7248,558671.728999604,557469.525074613,559876.525522418,2669.05239624344,36110.7324688041,49237.0052142644,0.00257969159946144,0.00257414036927535,0.00258525480108349,1.23244683553989e-05,0.000166742916035831,0.000227354065259972
"2020/11/19","PK",216565317,2738,313,368665,7561,584322.930641496,583072.039075693,585576.505803159,25651.2016418925,59186.9112086617,73456.0637082318,0.00269813716589483,0.00269236111835808,0.00270392560505503,0.000118445566433394,0.000273298199492681,0.000339186646900767
"2020/11/20","PK",216565317,2843,42,371508,7603,589134.374400127,587874.007855281,590397.443095103,4811.44375863031,62373.6140675928,76651.9993299179,0.00272035422181718,0.00271453442314256,0.00272618649779042,2.22170559223493e-05,0.000288012941922703,0.000353944022024163
"2020/11/21","PK",216565317,2665,59,374173,7662,594849.648418964,593578.215749758,596123.804471524,5715.27401883702,65501.2307933406,80271.1754566724,0.00274674475423488,0.00274087385723799,0.00275262822657574,2.63905324176956e-05,0.000302454851500255,0.000370655729036577
"2020/11/22","PK",216565317,2756,34,376929,7696,598632.045363655,597353.185128938,599913.64348199,3782.39694469096,66816.8041029559,81423.9739162037,0.00276421014064618,0.00275830494653462,0.00277012797705733,1.74653864113013e-05,0.000308529569870857,0.00037597882728472
"2020/11/23","PK",216565317,2954,48,379883,7744,603688.162210874,602399.432682309,604979.648753652,5056.11684721918,68347.3921634305,83493.6973847614,0.00278755698545614,0.00278160621944053,0.00279352048210772,2.33468448099618e-05,0.000315597128433222,0.000385535867614302
"2020/11/24","PK",216565317,3009,59,382892,7803,609565.824152398,608265.691784552,610868.735477198,5877.66194152436,69791.6442833105,87004.8276215984,0.0028146973513418,0.00280869393220777,0.00282071360243338,2.71403658856619e-05,0.000322266026943319,0.000401748667916195
"2020/11/25","PK",216565317,3306,40,386198,7843,614303.273031862,612993.801399632,615615.541945161,4737.4488794643,71926.8996180582,89167.2535990279,0.00283657273261287,0.00283052618900944,0.00284263219278626,2.18753812710661e-05,0.000332125663584711,0.000411733766210717
"2020/11/26","PK",216565317,3113,54,389311,7897,619692.449892026,618372.526384306,621015.190792163,5389.17686016345,73261.6700756432,92931.689559492,0.00286145749687161,0.00285536269126744,0.00286756531191078,2.48847642587361e-05,0.000338289025641364,0.000429116216977126
"2020/11/27","PK",216565317,3045,45,392356,7942,624124.271314357,622795.762531933,625455.613988228,4431.82142233127,75244.0107883374,94775.8536887341,0.00288192162974257,0.00287578718124996,0.00288806916385521,2.04641328709678e-05,0.000347442572202535,0.00043763172700795
"2020/11/28","PK",216565317,2829,43,395185,7985,627922.315793545,626586.533184158,629260.946078527,3798.04447918758,75768.7507863367,96107.074532846,0.00289945926934157,0.00289329123362888,0.0029056404543232,1.75376395989926e-05,0.000349865582522324,0.000443778698566244
"2020/11/29","PK",216565317,2839,40,398024,8025,631389.508561832,630047.098543837,632734.77878609,3467.19276828761,75386.831958472,96048.738514389,0.00291546918642486,0.00290927054835764,0.00292168103162193,1.60099170832955e-05,0.000348102055318821,0.000443509329401942
"2020/11/30","PK",216565317,2458,66,400482,8091,636213.279537456,634861.855649254,637567.580187759,4823.77097562328,77541.5505378519,96439.099668368,0.0029377431638209,0.0029315029038064,0.00294399670741257,2.22739773960356e-05,0.000358051564359458,0.000445311839422413
"2020/12/01","PK",216565317,2829,75,403311,8166,642279.272930153,640916.366818375,643645.077256371,6065.99339269742,57956.3422886567,99902.8995163488,0.00296575315857318,0.00295945987887975,0.00297205982090092,2.80099947522872e-05,0.000267615992678351,0.000461306089545026
"2020/12/02","PK",216565317,3499,39,406810,8205,646547.448789898,645176.19873756,647921.613281283,4268.17585974466,57413.0743897711,100116.668973515,0.00298546165076792,0.0029791298425572,0.00299180691653079,1.97084921947343e-05,0.000265107428950736,0.000462293179537677
"2020/12/03","PK",216565317,3262,55,410072,8260,651648.871968307,650267.813608766,653032.86346117,5101.42317840958,56799.2235493436,102768.611442288,0.00300901769958071,0.00300264060107449,0.00301540834196073,2.35560488127911e-05,0.000262272945345831,0.000474538642040672
"2020/12/04","PK",216565317,3119,43,413191,8303,655495.103744311,654106.674420069,656886.48019639,3846.23177600408,56863.0583806568,103341.538737103,0.00302677784616967,0.00302036671190553,0.0030332025889279,1.77601465889576e-05,0.000262567705523488,0.000477184159350425
"2020/12/05","PK",216565317,3308,58,416499,8361,660738.931999302,659340.451552706,662140.378663964,5243.8282549904,57050.769788428,104736.255395941,0.00305099145676822,0.00304453391099881,0.00305746269918172,2.4213610598554e-05,0.00026343447131208,0.000483624325662181
"2020/12/06","PK",216565317,3795,37,420294,8398,665010.061103989,663603.202123065,666419.902668763,4271.12910468772,55444.2369515913,106338.332104386,0.00307071358570306,0.00306421735167808,0.00307722359194184,1.97221289348364e-05,0.000256016234361254,0.000491021986241618
"2020/12/07","PK",216565317,2885,89,423179,8487,671858.832377257,670439.101082868,673281.570114654,6848.77127326711,57555.5593453941,87535.9017357603,0.00310233809219441,0.00309578241968851,0.00310890764708485,3.16245064913469e-05,0.000265765359581535,0.000404200926299571
"2020/12/08","PK",216565317,2963,60,426142,8547,676438.209896499,675009.871474354,677869.570719848,4579.37751924247,56745.7600044732,87303.8354963724,0.00312348357191701,0.00311688815561521,0.00313009294429102,2.11454797226024e-05,0.000262026075045401,0.000403129350099824
"2020/12/09","PK",216565317,3138,56,429280,8603,680918.296107486,679481.487287164,682358.14315567,4480.08621098683,56794.0247931287,86068.6476885222,0.00314417056959996,0.0031375360408572,0.00315081912749524,2.06869976829523e-05,0.000262248939857386,0.000397425815365081
"2020/12/10","PK",216565317,3047,50,432327,8653,684739.840842842,683295.84301211,686186.890250364,3821.54473535635,56817.5250492975,86107.7954791876,0.00316181672267883,0.00315514899836021,0.00316849853778924,1.76461530788716e-05,0.000262357453337265,0.000397606582032651
"2020/12/11","PK",216565317,2729,71,435056,8724,689687.351896823,688234.164688077,691143.607469758,4947.51105398114,58297.843334991,85999.1896859496,0.00318466207539974,0.00317795191871871,0.00319138640038912,2.28453527209121e-05,0.000269192888974882,0.000397105089943602
"2020/12/12","PK",216565317,3369,72,438425,8796,695712.32255349,694247.692728171,697180.042256597,6024.97065666656,59499.0430160343,86146.4984010918,0.0032124826458407,0.00320571965236784,0.00321925990696191,2.78205704409564e-05,0.000274739482019802,0.000397785294498896
"2020/12/13","PK",216565317,2362,36,440787,8832,697285.85450246,695818.519676236,698756.283629039,1573.5319489704,55006.5815723073,82982.5814705979,0.0032197484997215,0.00321297301578644,0.0032265382717263,7.26585388079661e-06,0.000253995341148312,0.000383175767108627
"2020/12/14","PK",216565317,2459,73,443246,8905,701932.046744538,700456.184795477,703411.018336344,4646.19224207802,55384.5979546406,82239.5968525124,0.00324120249940363,0.00323438764109895,0.00324803171662221,2.14539996821283e-05,0.000255740848635706,0.000379745002532019
"2020/12/15","PK",216565317,2731,105,445977,9010,709559.952334647,708069.844413844,711053.196134818,7627.90559010906,57911.0803663401,85435.6810202902,0.00327642469331619,0.00326954405360229,0.00328331981309278,3.52221939125602e-05,0.000267406993735475,0.000394503063573611
"2020/12/16","PK",216565317,2545,70,448522,9080,714179.147224599,712680.510436043,715680.935372272,4619.19488995161,58684.0434802877,86256.8314310543,0.00329775403152204,0.00329083400938131,0.00330468860520391,2.13293382058569e-05,0.000270976185352374,0.000398294762180475
"2020/12/17","PK",216565317,2972,84,451494,9164,720623.874110778,719113.113317352,722137.808811248,6444.7268861793,59884.9421114766,89234.365548946,0.0033275128450544,0.003320536839781,0.00333450350598498,2.97588135323594e-05,0.00027652138828618,0.000412043658629539
"2020/12/18","PK",216565317,3179,86,454673,9250,727592.55021179,726068.600689945,729119.698359968,6968.67610101204,62582.4891078009,91379.2706743347,0.00335969101743005,0.00335265411261557,0.00336674269204412,3.21781723756442e-05,0.000288977431726987,0.000421947853609148
"2020/12/19","PK",216565317,2615,80,457288,9330,733192.723746573,731658.351148657,734730.314102155,5600.17353478237,61333.8913693161,90913.4508164197,0.00338555006823448,0.00337846503440187,0.00339264996020649,2.58590508044387e-05,0.000283211976040079,0.000419796909661299
"2020/12/20","PK",216565317,1680,62,458968,9392,735871.73635863,734332.753072097,737413.944980743,2679.01261205692,59433.5264621306,89324.2875687319,0.00339792052833016,0.00339081420443744,0.00340504174535363,1.23704600956806e-05,0.000274436956413157,0.000412458877562246
"2020/12/21","PK",216565317,1704,82,460672,9474,740185.889618829,738639.195712101,741735.822267902,4314.15326019924,59267.593511343,88537.0176505216,0.00341784132321995,0.00341069939519494,0.00342499820628204,1.99207948897895e-05,0.000273670753619994,0.000408823623639244
"2020/12/22","PK",216565317,2142,83,462814,9557,745371.451210604,743815.236265069,746930.922078899,5185.56159177527,60631.6103677619,89876.3474662928,0.00344178588490513,0.00343459999305923,0.00344898681111943,2.39445616851717e-05,0.000279969162226295,0.000415008038735458
"2020/12/23","PK",216565317,2256,111,465070,9668,753036.869443951,751466.398664326,754610.622311069,7665.41823334643,63349.5175471272,92297.9374446488,0.00347718129511916,0.0034699295763242,0.00348444816909935,3.53954102140299e-05,0.000292519219719412,0.000426189838350934
"2020/12/24","PK",216565317,2152,85,467222,9753,758606.871963486,757026.10188827,760190.942894545,5570.00251953583,62894.5494099965,93596.8108594969,0.00350290102991647,0.00349560175366525,0.0035102155480166,2.57197347973121e-05,0.000290418384075768,0.00043218744421341
"2020/12/25","PK",216565317,2260,63,469482,9816,762724.756372581,761136.367254753,764316.460244634,4117.88440909458,65438.9018701207,90865.9239953244,0.00352191554464181,0.00351458108712187,0.00352926530818706,1.90145147253407e-05,0.000302167044920312,0.000419577452447404
"2020/12/26","PK",216565317,1853,58,471335,9874,765864.805143427,764270.753690956,767462.181333918,3140.04877084552,63932.7583988882,89426.5952469275,0.00353641485974149,0.00352905425613907,0.00354379081546986,1.4499315099682e-05,0.000295212360337866,0.000412931287824483
"2020/12/27","PK",216565317,1974,55,473309,9929,769037.157230312,767437.327693612,770640.321833542,3172.35208688513,59477.2048956642,88118.8611228258,0.00355106333684221,0.00354367605267843,0.0035584660208243,1.46484771007222e-05,0.000274638643526028,0.000406892767242253
"2020/12/28","PK",216565317,1776,63,475085,9992,772582.714910506,770976.450502824,774192.325834602,3545.55768019392,58403.5676859065,87842.8740676633,0.00356743510739767,0.00356001810993043,0.00357486755755356,1.63717705554575e-05,0.000269681075875629,0.000405618384718839
"2020/12/29","PK",216565317,2155,55,477240,10047,776205.186579443,774592.204372989,777821.527600488,3622.47166893771,55581.312468665,86517.8346826199,0.00358416203172294,0.00357671401452057,0.00359162555840134,1.67269243252728e-05,0.000256649186668542,0.0003994999563232
"2020/12/30","PK",216565317,2475,58,479715,10105,780655.862566815,779034.48626847,782280.613377003,4450.67598737136,53063.3123550243,84943.5400133247,0.00360471322638802,0.00359722644909235,0.00361221558564248,2.05511946650782e-05,0.000245022208957976,0.000392230580547321
"2020/12/31","PK",216565317,2463,71,482178,10176,786138.403031693,784506.684040065,787773.515884612,5482.5404648782,52945.6792851201,88852.5485292325,0.00363002910125121,0.0036224945661085,0.00363757930769963,2.5315874863186e-05,0.000244479033016723,0.000410280601529711
"2021/01/01","PK",216565317,2184,82,484362,10258,792027.941591303,790385.197775711,793674.099700647,5889.53855960979,56156.205232673,90095.8948467643,0.00365722430795002,0.00364963886519147,0.0036648255163621,2.71952066988168e-05,0.000259303779619859,0.000416021808546399
"2021/01/02","PK",216565317,2272,53,486634,10311,795821.131038502,794171.282485681,797474.407063842,3793.18944719888,55635.2414196726,86261.1787038541,0.0036747395292225,0.00366712128002325,0.00368237360492882,1.75152212724759e-05,0.000256898206002546,0.000398314835906315
"2021/01/03","PK",216565317,1895,39,488529,10350,797921.255538338,796267.606355056,799578.338938458,2100.12449983647,52549.8043277338,83742.108313739,0.00368443694766849,0.00367680114888875,0.00369208860409748,9.69741844598538e-06,0.000242651062763359,0.000386682916146443
"2021/01/04","PK",216565317,1947,59,490476,10409,801662.024065962,800001.464073461,803326.030876516,3740.76852762396,48625.1546220114,81038.1499551836,0.00370171011300929,0.00369404240326008,0.00370939373859442,1.72731653408009e-05,0.00022452881789013,0.000374197267954885
"2021/01/05","PK",216565317,2118,52,492594,10461,805174.899499774,803507.798286134,806845.459580226,3512.87543381227,46568.0275362878,77582.3492879838,0.00371793097183597,0.00371023305770671,0.00372564485743683,1.62208588266803e-05,0.000215029941919499,0.000358239954405921
"2021/01/06","PK",216565317,2481,50,495075,10511,809164.238415935,807489.580526237,810842.369389516,3989.33891616098,46439.4820433542,75971.5146693625,0.00373635192202053,0.0037286191146029,0.00374410076655772,1.84209501845625e-05,0.00021443637737872,0.000350801853786045
"2021/01/07","PK",216565317,2435,47,497510,10558,812868.061205356,811186.394850521,814553.213814086,3703.82278942049,47003.2560619292,76996.324846726,0.00375345448876911,0.00374568931945146,0.00376123575601945,1.71025667485828e-05,0.000217039629027621,0.000355533960438947
"2021/01/08","PK",216565317,2007,40,499517,10598,815329.613959325,813643.408970364,817019.313461033,2461.55275396898,46292.456729013,75143.7243404958,0.00376482081828146,0.00375703469161853,0.00377262308101271,1.13663295123521e-05,0.000213757481439251,0.00034697949506151
"2021/01/09","PK",216565317,2899,46,502416,10644,819701.658948893,818007.049594199,821399.778910087,4372.04498956865,47118.9440383877,74330.2077382891,0.0037850089308109,0.00377718399661474,0.00379285007538897,2.01881125294345e-05,0.000217573823413228,0.000343223045905772
"2021/01/10","PK",216565317,1877,32,504293,10676,821315.397960147,819617.888671304,823016.422957744,1613.73901125381,45110.2113807038,68278.5285161965,0.00379246044259316,0.00378462211782187,0.00380031500130625,7.45151178225742e-06,0.000208298410870213,0.000315279147474
"2021/01/11","PK",216565317,2408,41,506701,10717,824464.797120281,822761.340315827,826171.780785979,3149.39916013379,43808.9345534663,65857.9251567945,0.00380700293353197,0.00379913714584237,0.00381488500666051,1.45424909388136e-05,0.000202289707143948,0.000304101903615501
"2021/01/12","PK",216565317,2123,55,508824,10772,828222.522913984,826512.057835761,829936.527796322,3757.72579370276,42084.1198822908,65497.7665414027,0.0038243543998044,0.00381645625109842,0.00383226889371358,1.73514662724261e-05,0.000194325298553188,0.000302438855162587
"2021/01/13","PK",216565317,3097,46,511921,10818,832871.168925931,831151.730371637,834594.164555105,4648.6460119473,40843.2273346283,67006.3637825045,0.00384581972987822,0.00383788014574669,0.00385377573896149,2.14653300738239e-05,0.000188595421928195,0.000309404870136729
"2021/01/14","PK",216565317,2417,45,514338,10863,836318.226614985,834592.282076888,838047.740422307,3447.05768905382,40497.0955764833,67281.0693846731,0.00386173667233606,0.00385376704653446,0.00386972277939735,1.59169424578444e-05,0.000186997143113564,0.000310673335493851
"2021/01/15","PK",216565317,2432,45,516770,10908,839743.529919039,838011.124082959,841479.517127603,3425.30330405454,41822.2743807014,67160.8150085338,0.00387755316295194,0.00386955370181902,0.00388556916123187,1.58164906158752e-05,0.000193116215283454,0.000310118055554269
"2021/01/16","PK",216565317,2521,43,519291,10951,843121.023283204,841382.227062641,844863.412891171,3377.49336416484,41458.9992172422,66915.8367037609,0.00389314888904027,0.00388511992002229,0.00390119445068469,1.55957260883322e-05,0.000191438776030985,0.000308986857317328
"2021/01/17","PK",216565317,1920,46,521211,10997,845723.827007225,843980.278586072,847470.977362184,2602.80372402084,40548.9275074508,65067.9644404104,0.00390516745120007,0.00389711653868413,0.00391323499580583,1.20185621597979e-05,0.000187236479364102,0.000300454224812048
"2021/01/18","PK",216565317,1800,58,523011,11055,849043.004355621,847293.389234854,850796.232337186,3319.17734839593,39878.7659396857,62904.6013239281,0.0039204939004874,0.00391241497471571,0.0039285895088048,1.53264492873341e-05,0.000184141978466874,0.000290464799236196
"2021/01/19","PK",216565317,1772,48,524783,11103,851574.82551739,849820.628511782,853332.64353081,2531.82116176921,38706.7643120345,59546.8839260875,0.00393218469750348,0.00392408461467439,0.00394030150049747,1.16907970160763e-05,0.000178730208734368,0.000274960389553455
"2021/01/20","PK",216565317,2363,54,527146,11157,855581.661941844,853819.924920697,857347.034058918,4006.83642445377,40252.0479825193,59760.5309033424,0.00395068644321216,0.00394255154402539,0.00395883812761633,1.85017457086804e-05,0.000185865624930696,0.00027594691398966
"2021/01/21","PK",216565317,1745,47,528891,11204,858103.755965555,856337.441393087,859873.713806458,2522.09402371128,38402.0970166619,60182.5004272172,0.00396233232473488,0.00395417628850093,0.00397050518392314,1.16458815227153e-05,0.000177323393923977,0.00027789537706639
"2021/01/22","PK",216565317,1927,43,530818,11247,860659.031131168,858888.016168697,862433.697901486,2555.27516561258,39343.6331710207,58997.0070652058,0.00397413142165866,0.00396595368116445,0.0039823260245383,1.1799096923782e-05,0.000181670979065501,0.000272421308649371
"2021/01/23","PK",216565317,1594,48,532412,11295,863108.893071074,861333.460017822,864887.985755205,2449.86193990661,38644.0959507935,57933.9935713002,0.00398544376831621,0.00397724562709098,0.00399365880805007,1.13123466575519e-05,0.00017844083478424,0.000267512796480242
"2021/01/24","PK",216565317,1629,23,534041,11318,863766.482837669,861989.986625539,865546.640274221,657.589766594232,35543.9599236849,54602.2444217334,0.00398848021836141,0.0039802771679527,0.00399670017463702,3.03645004520383e-06,0.000164125818557017,0.000252128296340884
"2021/01/25","PK",216565317,1873,58,535914,11376,867563.273102104,865779.718389102,869350.502037714,3796.79026443581,34692.1041761735,54695.2118967487,0.00400601206656791,0.00399777642321694,0.00401426467580547,1.75318482064966e-05,0.00016019233668969,0.000252557577798798
"2021/01/26","PK",216565317,1563,74,537477,11450,872144.890770249,870352.872410573,873940.598817066,4581.61766814429,35826.6641552639,56815.2768109241,0.00402716789027787,0.0040188931656613,0.00403545965218921,2.11558237099632e-05,0.000165431217941809,0.000262347071996409
"2021/01/27","PK",216565317,1910,64,539387,11514,876587.849544239,874787.520955144,878391.883242232,4442.95877398981,36844.3196251992,56886.1905953452,0.00404768345036633,0.00403937035289517,0.00405601365634291,2.05155600884596e-05,0.000170130287414393,0.000262674519555434
"2021/01/28","PK",216565317,1644,46,541031,11560,879285.832764051,877480.544238141,881094.835408392,2697.98321981286,36164.8094808472,57970.4348039043,0.00406014150808853,0.00405180550788814,0.00406849465839626,1.24580577222015e-05,0.000166992619048262,0.000267681065495378
"2021/01/29","PK",216565317,2183,63,543214,11623,884201.012274164,882386.430144525,886019.325998252,4915.17951011239,38477.1852669388,59736.2151538829,0.00408283756846515,0.00407445865463547,0.00409123371309845,2.26960603766132e-05,0.000177670117265078,0.000275834634933178
"2021/01/30","PK",216565317,1599,34,544813,11657,885994.977009009,884177.135322491,887816.556123544,1793.96473484556,36951.9726533884,57772.4540950257,0.00409112128055578,0.004082727315577,0.00409953250327496,8.28371209063713e-06,0.000170627380068381,0.000266766880751389
"2021/01/31","PK",216565317,1615,26,546428,11683,887229.645210457,885409.588944452,889053.442801215,1234.66820144793,35654.8196930671,54358.4762845263,0.00409682241598482,0.00408841822508658,0.00410524388261678,5.70113542903054e-06,0.000164637718481335,0.000251002686106595
"2021/02/01","PK",216565317,1220,63,547648,11746,890664.151277387,888837.836791198,892494.218331778,3434.50606693001,35082.4893355434,54345.9246624025,0.00411268140076828,0.00410424831225952,0.0041211318169279,1.58589847834684e-05,0.000161994957556123,0.000250944728432219
"2021/02/02","PK",216565317,1384,56,549032,11802,893882.527946338,892050.308199401,895718.510966679,3218.37666895031,35778.7719807824,54138.9980272983,0.00412754239842725,0.00411908204211389,0.00413602013182323,1.48609976589664e-05,0.000165210073692374,0.00024998923547531
"2021/02/03","PK",216565317,1508,31,550540,11833,895480.095224482,893644.977774765,897318.981123793,1597.56727814407,34821.0640933139,52359.0719412775,0.00413491923651136,0.00412644549992631,0.00414341037408032,7.37683808411513e-06,0.000160787814852707,0.000241770347471093
"2021/02/04","PK",216565317,1302,53,551842,11886,898478.449402353,896637.838028179,900322.839169638,2998.35417787137,35369.5563312786,52754.622395128,0.00414876427051499,0.00414026516548898,0.00415728082243953,1.38450340036275e-05,0.000163320502198783,0.000243596819314923
"2021/02/05","PK",216565317,1286,28,553128,11914,899628.039429865,897785.409653019,901474.451050856,1149.59002751217,35861.5565921966,50585.0350742443,0.00415407255368534,0.00414556412859507,0.00416259844160945,5.30828317034794e-06,0.000165592335323927,0.000233578653197937
"2021/02/06","PK",216565317,1346,53,554474,11967,902832.312634345,900983.765279619,904684.652651552,3204.27320447983,35269.0395322406,51257.4871169549,0.00416886842796876,0.00416033267819897,0.00417742169052652,1.47958742834146e-05,0.000162856361400845,0.000236683730465275
"2021/02/07","PK",216565317,1037,59,555511,12026,906051.007043233,904196.585241274,907909.232089172,3218.69440888776,33906.1162729841,50469.3451013889,0.00418373089280604,0.00417516801751443,0.00419231132974618,1.4862464837284e-05,0.000156563002528166,0.000233044449593879
"2021/02/08","PK",216565317,1008,40,556519,12066,907858.549818472,906000.907588884,909720.000912516,1807.54277523956,31270.7002742338,49754.7938529172,0.00419207730210315,0.00418349955634348,0.00420067263546413,8.34640929710625e-06,0.000144393851736813,0.00022974497736827
"2021/02/09","PK",216565317,1072,62,557591,12128,911504.139745886,909639.783256425,913372.317335945,3645.58992741362,32218.3069818346,50845.1086147182,0.00420891097601693,0.00420030222686315,0.00421753736927296,1.68336739137856e-05,0.000148769467928397,0.000234779554358273
"2021/02/10","PK",216565317,1502,57,559093,12185,915559.012729369,913687.043512926,917434.817251099,4054.87298348325,31358.0004552054,52450.1196582948,0.00422763453267713,0.00421899063141734,0.00423629614362995,1.8723556660198e-05,0.000144796964211982,0.000242190764360919
"2021/02/11","PK",216565317,1270,33,560363,12218,917499.658498372,915624.10970662,919379.049132243,1940.64576900296,31504.6814893628,53733.1756607036,0.00423659555097815,0.00422793512086989,0.00424527372096356,8.96101830101892e-06,0.000145474270422363,0.000248115332616735
"2021/02/12","PK",216565317,1262,58,561625,12276,921349.327891403,919466.597198581,923235.913726839,3849.66939303046,34119.6826809454,53786.0547892982,0.00425437157091688,0.00424567797806045,0.0042630829650661,1.7776019938735e-05,0.000157549154932068,0.000248359504348973
"2021/02/13","PK",216565317,1404,31,563029,12307,923442.103547903,921555.457842673,925332.611670729,2092.77565650002,32777.9522705154,51297.2127776539,0.00426403505575134,0.0042553233851507,0.00427276456123733,9.66348483446228e-06,0.000151353654983062,0.000236867165473472
"2021/02/14","PK",216565317,1048,26,564077,12333,924606.163788084,922717.440639206,926498.752990617,1164.06024018151,30723.6358417466,48018.3142438456,0.00426941015577339,0.00426068889248413,0.00427814927073765,5.37510002204791e-06,0.000141867757346143,0.00022172670540706
"2021/02/15","PK",216565317,0,0,564077,12333,922138.592464105,920254.901074492,924026.139625904,0,29126.0685636025,45320.3310240328,0.00425801603524587,0.0042493180063292,0.00426673186836239,0,0.000134490919262028,0.000209268647684859
"2021/02/16","PK",216565317,1912,103,565989,12436,930576.019485841,928676.306372895,932479.618678239,3502.28437377827,29629.9987595094,43907.4358876987,0.00429697623043602,0.00428820422049804,0.00430576618451901,1.6171954135104e-05,0.000136817839393505,0.00020274454144335
"2021/02/17","PK",216565317,1272,52,567261,12488,934229.85067061,932323.282023722,936140.318183991,6121.4025087473,34601.8112407445,48234.8736616004,0.00431384795872282,0.00430504429305142,0.00432266962758395,2.82658488143201e-05,0.000159775405037477,0.000222726678167033
"2021/02/18","PK",216565317,1245,39,568506,12527,936897.045637577,934985.482471183,938812.516964908,2667.19496696768,34064.7330032324,49667.4004271202,0.00432616385031578,0.00431733712222804,0.00433500862451077,1.23158915929631e-05,0.000157295422347025,0.000229341434330965
"2021/02/19","PK",216565317,1340,36,569846,12563,939511.523287725,937595.038019693,941431.925935472,2614.47765014798,33460.5162444926,48847.3720103381,0.00433823631734958,0.00432938686123823,0.0043471038621363,1.20724670338048e-05,0.000154505424543546,0.000225554916581302
"2021/02/20","PK",216565317,1328,38,571174,12601,942264.632209354,940342.965283399,944190.226217142,2753.10892162891,34406.082390882,48382.1042630167,0.00435094892045597,0.00434207553780829,0.00435984043657896,1.27126031063825e-05,0.000158871618352822,0.000223406522028718
"2021/02/21","PK",216565317,1160,16,572334,12617,943098.542298829,941175.352300613,945025.662127719,833.910089475103,31594.4025529434,47618.4470743478,0.00435479953744777,0.00434591912194607,0.00436369809911769,3.85061699180161e-06,0.000145888561430838,0.000219880300936404
"2021/02/22","PK",216565317,1050,41,573384,12658,945623.628472078,943695.756097207,947555.439289894,2525.08617324824,30064.6157427084,47145.1790697246,0.00436645923535428,0.00435755719876977,0.00437537945787457,1.16596979065131e-05,0.000138824702677153,0.00021769496483929
"2021/02/23","PK",216565317,1196,50,574580,12708,949075.234831033,947140.8946437,951013.525509768,3451.60635895561,31575.5763326611,49447.1954011681,0.00438239718149806,0.00437346527950133,0.00439134732506484,1.59379461437752e-05,0.00014580163051991,0.000228324627812717
"2021/02/24","PK",216565317,1361,64,575941,12772,953865.972986248,951922.596476111,955813.316953691,4790.73815521458,32516.6450948452,51033.6603519028,0.00440451862837413,0.00439554500075426,0.00441351057590487,2.21214468760692e-05,0.000150147057457244,0.000235650200405372
"2021/02/25","PK",216565317,1541,32,577482,12804,956579.94178081,954631.394246617,958532.4665962,2713.96879456262,33137.8382329078,50528.9347375777,0.00441705050019995,0.00440805299514611,0.00442606637052691,1.25318718258225e-05,0.000153015444448604,0.00023331960739391
"2021/02/26","PK",216565317,1315,33,578797,12837,958992.374998739,957039.282165356,960949.453636767,2412.43321792898,34386.2112106553,51133.8251802671,0.00442819001806619,0.00441917152489083,0.00443722691587207,1.11395178662379e-05,0.000158779862292794,0.000236112715963042
"2021/02/27","PK",216565317,1176,23,579973,12860,960414.020777324,958458.286523286,962373.745707354,1421.64577858499,35807.8569892403,48909.8810314385,0.00443475453078816,0.00442572384073524,0.00444380364796527,6.56451272197474e-06,0.000165344375014769,0.000225843554771231
"2021/02/28","PK",216565317,1392,36,581365,12896,963157.060057154,961196.141154514,965121.979395063,2743.03927982971,35048.6118952917,47598.0473277849,0.0044474206368749,0.00443836600647607,0.00445649373946181,1.26661060867365e-05,0.000161838526966401,0.000219786104197769
"2021/03/01","PK",216565317,1163,42,582528,12938,965966.875148259,964000.703462828,967937.057028997,2809.81509110529,31737.0244776497,48467.2166498873,0.0044603950832453,0.0044513161978879,0.00446949248585819,1.29744463704006e-05,0.000146547124522482,0.000223799532267151
"2021/03/02","PK",216565317,1388,75,583916,13013,971613.409728825,969636.583614074,973594.266056084,5646.53458056529,34716.3640912473,50264.0818374221,0.00448646820824419,0.00447734012558472,0.00449561490058948,2.60731249988902e-05,0.000160304357928409,0.000232096637327306
"2021/03/03","PK",216565317,1519,63,585435,13076,976585.566195336,974599.323250142,978575.857123063,4972.15646651108,37074.0429076104,53143.4626474332,0.0045094273622555,0.0045002557969619,0.00451861761928879,2.29591540113096e-05,0.000171191044905914,0.000245392306504153
"2021/03/04","PK",216565317,1579,52,587014,13128,980830.562731771,978836.259355423,982828.929347419,4244.99653643556,38565.9305224171,56224.3989436872,0.00452902882289213,0.00451982003819856,0.0045382563697742,1.96014606366335e-05,0.000178079902436165,0.000259618667118739
"2021/03/05","PK",216565317,1714,38,588728,13166,984235.529034486,982234.71775857,986240.415961252,3404.96630271478,41136.9867356567,59629.365246402,0.00454475140649823,0.00453551257128846,0.0045540090612074,1.57225836061034e-05,0.000189951869050466,0.000275341250724842
"2021/03/06","PK",216565317,1780,39,590508,13205,987792.315637056,985784.699325791,989804.020592886,3556.78660256974,42168.6871649782,59683.8674751935,0.00456117502710305,0.00455190476933936,0.00457046416436518,1.64236206048162e-05,0.000194715791748769,0.000275592917194555
"2021/03/07","PK",216565317,1592,22,592100,13227,989715.811341958,987704.521355004,991731.196974243,1923.49570490199,40640.5765109246,55485.9606713481,0.00457005685421899,0.00456076963309413,0.00457936298716864,8.88182711593651e-06,0.000187659672720931,0.000256208895496171
"2021/03/08","PK",216565317,1353,54,593453,13281,993583.038059927,991564.478234509,995605.70713276,3867.22671796905,39717.0650736791,56685.9924223495,0.00458791394588787,0.00457859315596001,0.00459725371044875,1.785709166888e-05,0.000183395317513742,0.000261750095572088
"2021/03/09","PK",216565317,1786,43,595239,13324,997316.130199215,995290.451842702,999345.931345007,3733.09213928785,40736.1884184043,57804.6069114894,0.00460515166516352,0.00459579800510117,0.00461452436238905,1.72377192756486e-05,0.000188101164963568,0.000266915347813932
"2021/03/10","PK",216565317,2258,53,597497,13377,1002564.0754305,1000528.31242629,1004603.98057737,5247.94523128157,43571.7004317569,60299.443221142,0.00462938428608352,0.00461998405971115,0.00463880363898419,2.42326209200043e-05,0.000201194268017334,0.000278435365627554
"2021/03/11","PK",216565317,2701,53,600198,13430,1008510.67131752,1006463.40667481,1010562.10033669,5946.59588702628,48096.6505401982,65412.1290186932,0.00465684295753379,0.00464738962183318,0.00466631552242823,2.74586714502687e-05,0.000222088426745628,0.000302043420086021
"2021/03/12","PK",216565317,2338,46,602536,13476,1013230.97878196,1011174.62669737,1015291.5127198,4720.30746443884,50073.9187248073,67607.3503098838,0.00467863918755726,0.00466914389018887,0.00468815379481934,2.17962300234753e-05,0.000231218550682367,0.000312179952202983
"2021/03/13","PK",216565317,2664,32,605200,13508,1017320.16925201,1015255.85853075,1019388.67731794,4089.19047005253,51353.2941037546,68244.9344209807,0.00469752120674066,0.00468798916001285,0.00470707263489444,1.88820191833974e-05,0.000237126123495364,0.000315124025242605
"2021/03/14","PK",216565317,2253,29,607453,13537,1020356.00260612,1018285.83834396,1022430.37549017,3035.83335410326,48742.5928772925,66490.0296198694,0.00471153930251037,0.0047019802267967,0.00472111781172314,1.40180957697084e-05,0.000225071094266182,0.000307020674136244
"2021/03/15","PK",216565317,2511,58,609964,13595,1025879.26047229,1023798.51237926,1027964.2374371,5523.25786617724,49293.6942769587,69299.318691484,0.00473704319178816,0.00472743524476386,0.00474667066581627,2.55038892777888e-05,0.000227615829532661,0.000319992691588211
"2021/03/16","PK",216565317,2351,61,612315,13656,1031245.48069579,1029154.50060881,1033340.70912227,5366.22022349178,50414.9179640149,72253.1056970468,0.00476182195275426,0.00475216675904209,0.00477149676336339,2.47787609661051e-05,0.000232793129862133,0.000333631934688078
"2021/03/17","PK",216565317,3495,61,615810,13717,1038436.37720419,1036331.46708288,1040545.56264355,7190.89650840685,54200.848169707,78022.3564268687,0.00479502623776176,0.00478530672149538,0.00480476549549968,3.32042850074966e-05,0.000250274831263526,0.0003602717069736
"2021/03/18","PK",216565317,0,0,615810,13717,1035008.1503712,1032910.17792808,1037110.38406421,0,50644.0615671373,75279.317147039,0.00477919624762077,0.00476950876639253,0.00478890340536019,0,0.00023385121065871,0.000347605600886863
