"","date","ccaa","reg_code","population","cases","deaths","cum_cases","cum_deaths","cases_infected","cases_infected_low","cases_infected_high","cases_daily","cases_contagious","cases_active","p_cases_infected","p_cases_infected_low","p_cases_infected_high","p_cases_daily","p_cases_contagious","p_cases_active"
"1",2020-01-01,"Melilla","ESML",86487,0,0,0,0,NA,NA,NA,0,0,0,NA,NA,NA,0,0,0
"2",2020-01-02,"Melilla","ESML",86487,0,0,0,0,NA,NA,NA,0,0,0,NA,NA,NA,0,0,0
"3",2020-01-03,"Melilla","ESML",86487,0,0,0,0,NA,NA,NA,0,0,0,NA,NA,NA,0,0,0
"4",2020-01-04,"Melilla","ESML",86487,0,0,0,0,NA,NA,NA,0,0,0,NA,NA,NA,0,0,0
"5",2020-01-05,"Melilla","ESML",86487,0,0,0,0,NA,NA,NA,0,0,0,NA,NA,NA,0,0,0
"6",2020-01-06,"Melilla","ESML",86487,0,0,0,0,NA,NA,NA,0,0,0,NA,NA,NA,0,0,0
"7",2020-01-07,"Melilla","ESML",86487,0,0,0,0,NA,NA,NA,0,0,0,NA,NA,NA,0,0,0
"8",2020-01-08,"Melilla","ESML",86487,0,0,0,0,NA,NA,NA,0,0,0,NA,NA,NA,0,0,0
"9",2020-01-09,"Melilla","ESML",86487,0,0,0,0,NA,NA,NA,0,0,0,NA,NA,NA,0,0,0
"10",2020-01-10,"Melilla","ESML",86487,0,0,0,0,NA,NA,NA,0,0,0,NA,NA,NA,0,0,0
"11",2020-01-11,"Melilla","ESML",86487,0,0,0,0,NA,NA,NA,0,0,0,NA,NA,NA,0,0,0
"12",2020-01-12,"Melilla","ESML",86487,0,0,0,0,NA,NA,NA,0,0,0,NA,NA,NA,0,0,0
"13",2020-01-13,"Melilla","ESML",86487,0,0,0,0,NA,NA,NA,0,0,0,NA,NA,NA,0,0,0
"14",2020-01-14,"Melilla","ESML",86487,0,0,0,0,NA,NA,NA,0,0,0,NA,NA,NA,0,0,0
"15",2020-01-15,"Melilla","ESML",86487,0,0,0,0,NA,NA,NA,0,0,0,NA,NA,NA,0,0,0
"16",2020-01-16,"Melilla","ESML",86487,0,0,0,0,NA,NA,NA,0,0,0,NA,NA,NA,0,0,0
"17",2020-01-17,"Melilla","ESML",86487,0,0,0,0,NA,NA,NA,0,0,0,NA,NA,NA,0,0,0
"18",2020-01-18,"Melilla","ESML",86487,0,0,0,0,NA,NA,NA,0,0,0,NA,NA,NA,0,0,0
"19",2020-01-19,"Melilla","ESML",86487,0,0,0,0,NA,NA,NA,0,0,0,NA,NA,NA,0,0,0
"20",2020-01-20,"Melilla","ESML",86487,0,0,0,0,NA,NA,NA,0,0,0,NA,NA,NA,0,0,0
"21",2020-01-21,"Melilla","ESML",86487,0,0,0,0,NA,NA,NA,0,0,0,NA,NA,NA,0,0,0
"22",2020-01-22,"Melilla","ESML",86487,0,0,0,0,NA,NA,NA,0,0,0,NA,NA,NA,0,0,0
"23",2020-01-23,"Melilla","ESML",86487,0,0,0,0,NA,NA,NA,0,0,0,NA,NA,NA,0,0,0
"24",2020-01-24,"Melilla","ESML",86487,0,0,0,0,NA,NA,NA,0,0,0,NA,NA,NA,0,0,0
"25",2020-01-25,"Melilla","ESML",86487,0,0,0,0,NA,NA,NA,0,0,0,NA,NA,NA,0,0,0
"26",2020-01-26,"Melilla","ESML",86487,0,0,0,0,NA,NA,NA,0,0,0,NA,NA,NA,0,0,0
"27",2020-01-27,"Melilla","ESML",86487,0,0,0,0,NA,NA,NA,0,0,0,NA,NA,NA,0,0,0
"28",2020-01-28,"Melilla","ESML",86487,0,0,0,0,NA,NA,NA,0,0,0,NA,NA,NA,0,0,0
"29",2020-01-29,"Melilla","ESML",86487,0,0,0,0,NA,NA,NA,0,0,0,NA,NA,NA,0,0,0
"30",2020-01-30,"Melilla","ESML",86487,0,0,0,0,NA,NA,NA,0,0,0,NA,NA,NA,0,0,0
"31",2020-01-31,"Melilla","ESML",86487,0,0,0,0,NA,NA,NA,0,0,0,NA,NA,NA,0,0,0
"32",2020-02-01,"Melilla","ESML",86487,0,0,0,0,NA,NA,NA,0,0,0,NA,NA,NA,0,0,0
"33",2020-02-02,"Melilla","ESML",86487,0,0,0,0,NA,NA,NA,0,0,0,NA,NA,NA,0,0,0
"34",2020-02-03,"Melilla","ESML",86487,0,0,0,0,NA,NA,NA,0,0,0,NA,NA,NA,0,0,0
"35",2020-02-04,"Melilla","ESML",86487,0,0,0,0,NA,NA,NA,0,0,0,NA,NA,NA,0,0,0
"36",2020-02-05,"Melilla","ESML",86487,0,0,0,0,NA,NA,NA,0,0,0,NA,NA,NA,0,0,0
"37",2020-02-06,"Melilla","ESML",86487,0,0,0,0,NA,NA,NA,0,0,0,NA,NA,NA,0,0,0
"38",2020-02-07,"Melilla","ESML",86487,0,0,0,0,NA,NA,NA,0,0,0,NA,NA,NA,0,0,0
"39",2020-02-08,"Melilla","ESML",86487,0,0,0,0,NA,NA,NA,0,0,0,NA,NA,NA,0,0,0
"40",2020-02-09,"Melilla","ESML",86487,0,0,0,0,NA,NA,NA,0,0,0,NA,NA,NA,0,0,0
"41",2020-02-10,"Melilla","ESML",86487,0,0,0,0,NA,NA,NA,0,0,0,NA,NA,NA,0,0,0
"42",2020-02-11,"Melilla","ESML",86487,0,0,0,0,NA,NA,NA,0,0,0,NA,NA,NA,0,0,0
"43",2020-02-12,"Melilla","ESML",86487,0,0,0,0,NA,NA,NA,0,0,0,NA,NA,NA,0,0,0
"44",2020-02-13,"Melilla","ESML",86487,0,0,0,0,NA,NA,NA,0,0,0,NA,NA,NA,0,0,0
"45",2020-02-14,"Melilla","ESML",86487,0,0,0,0,NA,NA,NA,0,0,0,NA,NA,NA,0,0,0
"46",2020-02-15,"Melilla","ESML",86487,0,0,0,0,NA,NA,NA,0,0,0,NA,NA,NA,0,0,0
"47",2020-02-16,"Melilla","ESML",86487,0,0,0,0,NA,NA,NA,0,0,0,NA,NA,NA,0,0,0
"48",2020-02-17,"Melilla","ESML",86487,0,0,0,0,NA,NA,NA,0,0,0,NA,NA,NA,0,0,0
"49",2020-02-18,"Melilla","ESML",86487,0,0,0,0,NA,NA,NA,0,0,0,NA,NA,NA,0,0,0
"50",2020-02-19,"Melilla","ESML",86487,0,0,0,0,NA,NA,NA,0,0,0,NA,NA,NA,0,0,0
"51",2020-02-20,"Melilla","ESML",86487,0,0,0,0,NA,NA,NA,0,0,0,NA,NA,NA,0,0,0
"52",2020-02-21,"Melilla","ESML",86487,0,0,0,0,NA,NA,NA,0,0,0,NA,NA,NA,0,0,0
"53",2020-02-22,"Melilla","ESML",86487,0,0,0,0,NA,NA,NA,0,0,0,NA,NA,NA,0,0,0
"54",2020-02-23,"Melilla","ESML",86487,0,0,0,0,NA,NA,NA,0,0,0,NA,NA,NA,0,0,0
"55",2020-02-24,"Melilla","ESML",86487,0,0,0,0,NA,NA,NA,0,0,0,NA,NA,NA,0,0,0
"56",2020-02-25,"Melilla","ESML",86487,0,0,0,0,NA,NA,NA,0,0,0,NA,NA,NA,0,0,0
"57",2020-02-26,"Melilla","ESML",86487,0,0,0,0,NA,NA,NA,0,0,0,NA,NA,NA,0,0,0
"58",2020-02-27,"Melilla","ESML",86487,0,0,0,0,NA,NA,NA,0,0,0,NA,NA,NA,0,0,0
"59",2020-02-28,"Melilla","ESML",86487,0,0,0,0,NA,NA,NA,0,0,0,NA,NA,NA,0,0,0
"60",2020-02-29,"Melilla","ESML",86487,0,0,0,0,NA,NA,NA,0,0,0,NA,NA,NA,0,0,0
"61",2020-03-01,"Melilla","ESML",86487,0,0,0,0,NA,NA,NA,0,0,0,NA,NA,NA,0,0,0
"62",2020-03-02,"Melilla","ESML",86487,0,0,0,0,NA,NA,NA,0,0,0,NA,NA,NA,0,0,0
"63",2020-03-03,"Melilla","ESML",86487,0,0,0,0,NA,NA,NA,0,0,0,NA,NA,NA,0,0,0
"64",2020-03-04,"Melilla","ESML",86487,0,0,0,0,NA,NA,NA,0,0,0,NA,NA,NA,0,0,0
"65",2020-03-05,"Melilla","ESML",86487,1,0,1,0,NA,NA,NA,0,0,0,NA,NA,NA,0,0,0
"66",2020-03-06,"Melilla","ESML",86487,1,0,2,0,0,NA,NA,0,0,0,0,NA,NA,0,0,0
"67",2020-03-07,"Melilla","ESML",86487,3,0,5,0,0,NA,NA,0,0,0,0,NA,NA,0,0,0
"68",2020-03-08,"Melilla","ESML",86487,1,0,6,0,0,NA,NA,0,0,0,0,NA,NA,0,0,0
"69",2020-03-09,"Melilla","ESML",86487,2,0,8,0,0,0,NA,0,0,0,0,0,NA,0,0,0
"70",2020-03-10,"Melilla","ESML",86487,5,0,13,0,0,0,NA,0,0,0,0,0,NA,0,0,0
"71",2020-03-11,"Melilla","ESML",86487,4,0,17,0,0,0,NA,0,0,0,0,0,NA,0,0,0
"72",2020-03-12,"Melilla","ESML",86487,2,0,19,0,0,0,NA,0,0,0,0,0,NA,0,0,0
"73",2020-03-13,"Melilla","ESML",86487,9,0,28,0,0,0,NA,0,0,0,0,0,NA,0,0,0
"74",2020-03-14,"Melilla","ESML",86487,3,0,31,0,0,0,NA,0,0,0,0,0,NA,0,0,0
"75",2020-03-15,"Melilla","ESML",86487,3,0,34,0,0,0,NA,0,0,0,0,0,NA,0,0,0
"76",2020-03-16,"Melilla","ESML",86487,4,0,38,0,0,0,NA,0,0,0,0,0,NA,0,0,0
"77",2020-03-17,"Melilla","ESML",86487,3,0,41,0,0,0,NA,0,0,0,0,0,NA,0,0,0
"78",2020-03-18,"Melilla","ESML",86487,6,0,47,0,0,0,NA,0,0,0,0,0,NA,0,0,0
"79",2020-03-19,"Melilla","ESML",86487,5,0,52,0,0,0,NA,0,0,0,0,0,NA,0,0,0
"80",2020-03-20,"Melilla","ESML",86487,4,0,56,0,0,0,NA,0,0,0,0,0,NA,0,0,0
"81",2020-03-21,"Melilla","ESML",86487,3,0,59,0,0,0,NA,0,0,0,0,0,NA,0,0,0
"82",2020-03-22,"Melilla","ESML",86487,5,0,64,0,0,0,NA,0,0,0,0,0,NA,0,0,0
"83",2020-03-23,"Melilla","ESML",86487,5,0,69,0,0,0,NA,0,0,0,0,0,NA,0,0,0
"84",2020-03-24,"Melilla","ESML",86487,1,0,70,0,0,0,NA,0,0,0,0,0,NA,0,0,0
"85",2020-03-25,"Melilla","ESML",86487,3,1,73,1,155.769343407354,23.1995738627868,1045.88508776356,155.769343407354,155.769343407354,155.769343407354,0.00180107233928051,0.000268243480092809,0.01209297452523,0.00180107233928051,0.00180107233928051,0.00180107233928051
"86",2020-03-26,"Melilla","ESML",86487,5,0,78,1,151.817120518317,22.5055089501882,1024.12427701532,0,155.769343407354,155.769343407354,0.00175537503345378,0.000260218402189788,0.0118413666448752,0,0.00180107233928051,0.00180107233928051
"87",2020-03-27,"Melilla","ESML",86487,5,0,83,1,148.541538902771,21.9326226878315,1006.01688606284,0,155.769343407354,155.769343407354,0.00171750134589905,0.00025359444411104,0.0116320011800946,0,0.00180107233928051,0.00180107233928051
"88",2020-03-28,"Melilla","ESML",86487,3,0,86,1,142.263731794619,20.9123221590941,967.801147579872,0,155.769343407354,155.769343407354,0.00164491463219465,0.000241797289293121,0.0111901343274697,0,0.00180107233928051,0.00180107233928051
"89",2020-03-29,"Melilla","ESML",86487,5,0,91,1,139.746969804604,20.4840403411457,953.386892640573,0,155.769343407354,155.769343407354,0.00161581474446569,0.000236845310175467,0.0110234704943006,0,0.00180107233928051,0.00180107233928051
"90",2020-03-30,"Melilla","ESML",86487,3,0,94,1,134.559199242753,19.6592138047526,921.00214589831,0,155.769343407354,155.769343407354,0.00155583150349477,0.000227308309974361,0.0106490240833687,0,0.00180107233928051,0.00180107233928051
"91",2020-03-31,"Melilla","ESML",86487,3,0,97,1,129.906363495603,18.9389512298143,891.055849496332,0,155.769343407354,155.769343407354,0.00150203340959454,0.000218980323399057,0.0103027720870921,0,0.00180107233928051,0.00180107233928051
"92",2020-04-01,"Melilla","ESML",86487,5,0,102,1,128.313868063219,18.6600143910461,882.338480148517,0,155.769343407354,155.769343407354,0.00148362029048549,0.000215755135350354,0.0102019781024722,0,0.00180107233928051,0.00180107233928051
"93",2020-04-02,"Melilla","ESML",86487,3,1,105,2,249.029398655086,96.3331609920804,643.762135030659,0,155.769343407354,155.769343407354,0.00287938532559906,0.00111384556051291,0.00744345549077502,0,0.00180107233928051,0.00180107233928051
"94",2020-04-03,"Melilla","ESML",86487,3,0,108,2,242.161125565298,93.4912328313481,627.246095265833,64.4152253760878,220.184568783441,220.184568783441,0.00279997138951863,0.00108098596125832,0.00725248991485233,0.000744796621181076,0.00254586896046159,0.00254586896046159
"95",2020-04-04,"Melilla","ESML",86487,2,0,110,2,233.898087336502,90.1810694702841,606.64966140927,13.7135185530601,233.898087336502,233.898087336502,0.00270443057727175,0.00104271242464514,0.00701434506237088,0.000158561616810158,0.00270443057727175,0.00270443057727175
"96",2020-04-05,"Melilla","ESML",86487,0,0,110,2,222.545735203527,85.6668006891925,578.130662740235,0,233.898087336502,233.898087336502,0.00257316978509518,0.000990516501777059,0.00668459609814463,0,0.00270443057727175,0.00270443057727175
"97",2020-04-06,"Melilla","ESML",86487,0,0,110,2,212.585387869938,81.7436043745838,552.857284451523,0,78.1287439291479,233.898087336502,0.00245800395284769,0.000945154813724419,0.00639237439674775,0,0.000903358237991235,0.00270443057727175
"98",2020-04-07,"Melilla","ESML",86487,2,0,112,2,207.726745636816,79.7951084332551,540.764987981135,0,78.1287439291479,233.898087336502,0.00240182623558241,0.000922625463170824,0.00625255804896845,0,0.000903358237991235,0.00270443057727175
"99",2020-04-08,"Melilla","ESML",86487,0,0,112,2,200.222530327621,76.8409297020707,521.714948091198,0,78.1287439291479,233.898087336502,0.00231505926124876,0.000888467974401595,0.00603229327056318,0,0.000903358237991235,0.00270443057727175
"100",2020-04-09,"Melilla","ESML",86487,0,0,112,2,193.701398093835,74.2740497845634,505.159362285161,0,78.1287439291479,233.898087336502,0.00223965911748396,0.000858788601576692,0.0058408704462539,0,0.000903358237991235,0.00270443057727175
"101",2020-04-10,"Melilla","ESML",86487,1,0,113,2,189.742112652598,72.7164079154429,495.102416991437,0,78.1287439291479,233.898087336502,0.00219388015138226,0.000840778474400117,0.00572458770672399,0,0.000903358237991235,0.00270443057727175
"102",2020-04-11,"Melilla","ESML",86487,0,0,113,2,184.808915598464,70.7714294945278,482.600613391895,0,78.1287439291479,233.898087336502,0.00213684039911737,0.00081828979493482,0.0055800364608773,0,0.000903358237991235,0.00270443057727175
"103",2020-04-12,"Melilla","ESML",86487,1,0,114,2,182.09197305667,69.6972508198547,475.735933076797,0,78.1287439291479,78.1287439291479,0.00210542593750125,0.000805869677753359,0.00550066406600758,0,0.000903358237991235,0.000903358237991235
"104",2020-04-13,"Melilla","ESML",86487,1,0,115,2,179.826147738989,68.7981127492012,470.03387329139,0,78.1287439291479,78.1287439291479,0.00207922748781886,0.000795473455538997,0.00543473439119625,0,0.000903358237991235,0.000903358237991235
"105",2020-04-14,"Melilla","ESML",86487,0,0,115,2,176.367967182953,67.4599511491775,461.098167406937,0,78.1287439291479,78.1287439291479,0.00203924251255048,0.000780001053906107,0.00533141590536078,0,0.000903358237991235,0.000903358237991235
"106",2020-04-15,"Melilla","ESML",86487,0,0,115,2,173.251370704263,66.239086745495,453.146909561635,0,13.7135185530601,78.1287439291479,0.00200320707972601,0.000765884893053233,0.00523948003239371,0,0.000158561616810158,0.000903358237991235
"107",2020-04-16,"Melilla","ESML",86487,0,0,115,2,170.466375286926,65.1471509107285,446.048441063562,0,0,78.1287439291479,0.00197100576140837,0.000753259459927255,0.00515740447770834,0,0,0.000903358237991235
"108",2020-04-17,"Melilla","ESML",86487,0,0,115,2,167.994402756011,64.1894680534451,439.669001990337,0,0,78.1287439291479,0.00194242374872537,0.000742186317636698,0.00508364265138503,0,0,0.000903358237991235
"109",2020-04-18,"Melilla","ESML",86487,0,0,115,2,165.80680662453,63.328770881574,434.113859156287,0,0,78.1287439291479,0.00191712981863783,0.000732234565675466,0.00501941169373764,0,0,0.000903358237991235
"110",2020-04-19,"Melilla","ESML",86487,0,0,115,2,163.871557539995,62.577708974683,429.128643578948,0,0,78.1287439291479,0.00189475363395649,0.000723550463938892,0.00496177048086936,0,0,0.000903358237991235
"111",2020-04-20,"Melilla","ESML",86487,2,0,117,2,164.977594336576,62.9883195669549,432.10561609208,0,0,78.1287439291479,0.00190754210848539,0.000728298120722824,0.00499619152117751,0,0,0.000903358237991235
"112",2020-04-21,"Melilla","ESML",86487,0,0,117,2,163.380986595368,62.3673234094053,428.002122291659,0,0,13.7135185530601,0.00188908144108788,0.000721117895283745,0.00494874515582295,0,0,0.000158561616810158
"113",2020-04-22,"Melilla","ESML",86487,1,0,118,2,163.241723895331,62.3029791550453,427.714064106061,0,0,0,0.00188747122567937,0.000720373919260066,0.00494541450282772,0,0,0
"114",2020-04-23,"Melilla","ESML",86487,0,0,118,2,161.777866070152,61.7334096472792,423.95322240824,0,0,0,0.0018705454700724,0.00071378831092857,0.00490193002888572,0,0,0
"115",2020-04-24,"Melilla","ESML",86487,1,0,119,2,161.740802586193,61.7086017314479,423.929346755787,0,0,0,0.0018701169260836,0.000713501471104881,0.00490165396829334,0,0,0
"116",2020-04-25,"Melilla","ESML",86487,1,0,120,2,161.751702109252,61.7022940583917,424.029827974957,0,0,0,0.0018702429510707,0.000713428539068204,0.00490281577549177,0,0,0
"117",2020-04-26,"Melilla","ESML",86487,0,0,120,2,160.443689736751,61.203335698216,420.600891808795,0,0,0,0.00185511914781124,0.000707659367283129,0.00486316893647363,0,0,0
"118",2020-04-27,"Melilla","ESML",86487,0,0,120,2,159.175514089704,60.709464804519,417.345868017526,0,0,0,0.00184045595395497,0.000701949018979951,0.00482553294735077,0,0,0
"119",2020-04-28,"Melilla","ESML",86487,0,0,120,2,157.980185057557,60.2437180654713,414.279524442639,0,0,0,0.00182663504408243,0.000696563854284127,0.00479007856027657,0,0,0
"120",2020-04-29,"Melilla","ESML",86487,1,0,121,2,158.184761947462,60.3120485214412,414.882590225397,0,0,0,0.00182900045032736,0.000697353920490261,0.00479705146698807,0,0,0
"121",2020-04-30,"Melilla","ESML",86487,1,0,122,2,158.448715226473,60.4031637918352,415.640403264996,0,0,0,0.00183205239199502,0.000698407434548952,0.0048058136282331,0,0,0
"122",2020-05-01,"Melilla","ESML",86487,0,0,122,2,157.436603619192,60.0173307915306,412.985446574446,0,0,0,0.00182034992101925,0.000693946266971112,0.00477511587376653,0,0,0
"123",2020-05-02,"Melilla","ESML",86487,0,0,122,2,156.446180074136,59.6305300928649,410.450942188045,0,0,0,0.00180889821677403,0.000689473910447408,0.0047458108407974,0,0,0
"124",2020-05-03,"Melilla","ESML",86487,0,0,122,2,155.505135993221,59.2628271717423,408.044105796569,0,0,0,0.00179801745919296,0.000685222370665445,0.00471798196025494,0,0,0
"125",2020-05-04,"Melilla","ESML",86487,0,0,122,2,154.631845863891,58.9300173151758,405.752600196787,0,0,0,0.00178792010202564,0.000681374279546936,0.00469148658407376,0,0,0
"126",2020-05-05,"Melilla","ESML",86487,0,0,122,2,153.832726915505,58.6167099105752,403.716071856686,0,0,0,0.00177868034404598,0.000677751684190401,0.00466793936495296,0,0,0
"127",2020-05-06,"Melilla","ESML",86487,0,0,122,2,153.107003678909,58.340178971497,401.811495761545,0,0,0,0.00177028921894515,0.000674554314191693,0.00464591783460572,0,0,0
"128",2020-05-07,"Melilla","ESML",86487,0,0,122,2,152.450341176747,58.081428733685,400.146949405663,0,0,0,0.00176269660384505,0.000671562532330698,0.00462667163164017,0,0,0
"129",2020-05-08,"Melilla","ESML",86487,0,0,122,2,151.856943183151,57.8553524716726,398.589416670163,0,0,0,0.00175583548028201,0.000668948541071751,0.00460866276631358,0,0,0
"130",2020-05-09,"Melilla","ESML",86487,0,0,122,2,151.320659566262,57.642710909634,397.239159127428,0,0,0,0.00174963473777864,0.000666489887608935,0.00459305050617351,0,0,0
"131",2020-05-10,"Melilla","ESML",86487,0,0,122,2,150.835534688523,57.4579118665772,395.965634421304,0,0,0,0.00174402551468455,0.000664353161360404,0.00457832546418888,0,0,0
"132",2020-05-11,"Melilla","ESML",86487,0,0,122,2,150.39605483374,57.2823676238557,394.867989013315,0,0,0,0.00173894405903477,0.000662323443105388,0.00456563401451449,0,0,0
"133",2020-05-12,"Melilla","ESML",86487,0,0,122,2,149.99723787167,57.1304674968132,393.820886734129,0,0,0,0.00173433276529039,0.000660567108314697,0.004553526966297,0,0,0
"134",2020-05-13,"Melilla","ESML",86487,0,0,122,2,149.634642775599,56.9923634380683,392.868885722067,0,0,0,0.00173014028438492,0.00065897028961657,0.00454251951995175,0,0,0
"135",2020-05-14,"Melilla","ESML",86487,0,0,122,2,149.304340618348,56.8665590104222,392.001670496611,0,0,0,0.00172632118836759,0.000657515684558629,0.00453249240344342,0,0,0
"136",2020-05-15,"Melilla","ESML",86487,0,0,122,2,149.002869144878,56.7438145955474,391.264760250146,0,0,0,0.00172283544515219,0.000656096460688281,0.00452397192930898,0,0,0
"137",2020-05-16,"Melilla","ESML",86487,0,0,122,2,148.727182442876,56.6388265829365,390.540838006353,0,0,0,0.00171964783658672,0.000654882544000098,0.00451560162806379,0,0,0
"138",2020-05-17,"Melilla","ESML",86487,0,0,122,2,148.474601506377,56.5426377919867,389.877588901619,0,0,0,0.00171672738684862,0.000653770367708288,0.00450793285582364,0,0,0
"139",2020-05-18,"Melilla","ESML",86487,1,0,123,2,149.457873057779,56.9170908406429,392.459549302972,0,0,0,0.00172809639665821,0.000658099955376449,0.0045377865957077,0,0,0
"140",2020-05-19,"Melilla","ESML",86487,0,0,123,2,149.223620075193,56.8278817677669,391.844427341931,0,0,0,0.00172538786262899,0.000657068481595695,0.00453067429026248,0,0,0
"141",2020-05-20,"Melilla","ESML",86487,0,0,123,2,148.966886511563,56.7223256066911,391.223967628211,0,0,0,0.00172241939842477,0.000655847995729891,0.00452350026741836,0,0,0
"142",2020-05-21,"Melilla","ESML",86487,0,0,123,2,148.702040045312,56.6214796546392,390.528415161718,0,0,0,0.00171935712934097,0.000654681971332561,0.00451545798977555,0,0,0
"143",2020-05-22,"Melilla","ESML",86487,0,0,123,2,148.442729841638,56.5227417528787,389.847402292996,0,0,0,0.00171635887291314,0.000653540321122004,0.0045075838252338,0,0,0
"144",2020-05-23,"Melilla","ESML",86487,0,0,123,2,148.196567299661,56.4290101042875,389.20091844273,0,0,0,0.00171351263542105,0.000652456555370026,0.00450010890009748,0,0,0
"145",2020-05-24,"Melilla","ESML",86487,0,0,123,2,147.966901962764,56.3415601190923,388.597760342086,0,0,0,0.00171085714573016,0.000651445420919818,0.00449313492596674,0,0,0
"146",2020-05-25,"Melilla","ESML",86487,0,0,123,2,147.754652854025,56.2531478223253,388.092725210112,0,0,0,0.00170840302998168,0.000650423159808125,0.00448729549192494,0,0,0
"147",2020-05-26,"Melilla","ESML",86487,0,0,123,2,147.559466423097,56.1788364491141,387.580048062964,0,0,0,0.00170614620027399,0.00064956393965699,0.00448136769760731,0,0,0
"148",2020-05-27,"Melilla","ESML",86487,0,0,123,2,147.380374690171,56.1106526489331,387.109645288154,0,0,0,0.00170407546440704,0.000648775569148347,0.00447592869781763,0,0,0
"149",2020-05-28,"Melilla","ESML",86487,0,0,123,2,147.216154668438,56.0481308062734,386.678304585593,0,0,0,0.00170217668167976,0.00064805266463484,0.00447094135055665,0,0,0
"150",2020-05-29,"Melilla","ESML",86487,0,0,123,2,147.065519318124,55.9907809193846,386.282645413532,0,0,0,0.00170043497078317,0.000647389560504868,0.00446636656854246,0,0,0
"151",2020-05-30,"Melilla","ESML",86487,0,0,123,2,146.927215277878,55.9381258085636,385.919375690044,0,0,0,0.00169883583981267,0.000646780739400876,0.0044621662873038,0,0,0
"152",2020-05-31,"Melilla","ESML",86487,0,0,123,2,146.800069463244,55.8897188571243,385.58541418868,0,0,0,0.00169736572505976,0.000646221037348091,0.00445830488037139,0,0,0
"153",2020-06-01,"Melilla","ESML",86487,1,0,124,2,147.875552678908,56.2917022673483,388.461854932686,0,0,0,0.00170980092590688,0.000650868942931867,0.00449156352900073,0,0,0
"154",2020-06-02,"Melilla","ESML",86487,0,0,124,2,147.747918127284,56.2431156954038,388.126565198993,0,0,0,0.00170832516016608,0.00065030716402932,0.00448768676447319,0,0,0
"155",2020-06-03,"Melilla","ESML",86487,0,0,124,2,147.590128540086,56.1830500232727,387.712059659561,0,0,0,0.00170650072889667,0.000649612658818929,0.00448289407263012,0,0,0
"156",2020-06-04,"Melilla","ESML",86487,0,0,124,2,147.416866912471,56.1170946183435,387.256909825578,0,0,0,0.00170449740322212,0.000648850053977402,0.00447763143392161,0,0,0
"157",2020-06-05,"Melilla","ESML",86487,0,0,124,2,147.242107739153,56.0505691435458,386.797826012168,0,0,0,0.00170247676227818,0.000648080857742155,0.00447232330884605,0,0,0
"158",2020-06-06,"Melilla","ESML",86487,0,0,124,2,147.073914766084,55.9865432204507,386.355991286134,0,0,0,0.00170053204257384,0.000647340562401872,0.00446721462515909,0,0,0
"159",2020-06-07,"Melilla","ESML",86487,0,0,124,2,146.916147852915,55.9264861796292,385.941545310269,0,0,0,0.00169870787347133,0.000646646156990405,0.00446242262201567,0,0,0
"160",2020-06-08,"Melilla","ESML",86487,0,0,124,2,146.77023964227,55.8709433843317,385.55825156678,0,0,0,0.00169702081980263,0.000646003947232898,0.00445799081442044,0,0,0
"161",2020-06-09,"Melilla","ESML",86487,1,0,125,2,147.818876080943,56.2627780090242,388.363690863764,0,0,0,0.00170914560663387,0.0006505345081807,0.00449042851369297,0,0,0
"162",2020-06-10,"Melilla","ESML",86487,0,0,125,2,147.676810801623,56.2087051633561,387.990443564887,0,0,0,0.00170750298659479,0.000649909294614868,0.00448611286742385,0,0,0
"163",2020-06-11,"Melilla","ESML",86487,0,0,125,2,147.507388930862,56.1442198597383,387.545322449192,0,0,0,0.00170554405784525,0.000649163687718829,0.00448096618508206,0,0,0
"164",2020-06-12,"Melilla","ESML",86487,0,0,125,2,147.325025433696,56.0748087180083,387.066199872184,0,0,0,0.00170343549242887,0.000648361126157784,0.00447542636317809,0,0,0
"165",2020-06-13,"Melilla","ESML",86487,0,0,125,2,147.143333854633,56.0056533215532,386.58884262178,0,0,0,0.00170133469601943,0.000647561521633924,0.0044699069527418,0,0,0
"166",2020-06-14,"Melilla","ESML",86487,0,0,125,2,146.97003776495,55.9396934138461,386.133542792788,0,0,0,0.00169933097187959,0.000646798864729336,0.00446464257972629,0,0,0
"167",2020-06-15,"Melilla","ESML",86487,1,0,126,2,147.983167300246,56.3253104855626,388.795332248116,0,0,0,0.00171104521257815,0.0006512575356477,0.00449541933756653,0,0,0
"168",2020-06-16,"Melilla","ESML",86487,0,0,126,2,147.815245354779,56.2541665229413,388.404061597515,0,0,0,0.00170910362661184,0.000650434938464062,0.00449089529753044,0,0,0
"169",2020-06-17,"Melilla","ESML",86487,0,0,126,2,147.622621117783,56.1808593625176,387.897915997773,0,0,0,0.00170687642209561,0.000649587329454341,0.00448504302378129,0,0,0
"170",2020-06-18,"Melilla","ESML",86487,0,0,126,2,147.419851112716,56.1036910189986,387.365111053675,0,0,0,0.00170453190783258,0.000648695075780159,0.00447888250319325,0,0,0
"171",2020-06-19,"Melilla","ESML",86487,0,0,126,2,147.220407813242,56.0277887224959,386.841047467483,0,0,0,0.00170222585837457,0.000647817460687686,0.00447282305395589,0,0,0
"172",2020-06-20,"Melilla","ESML",86487,0,0,126,2,147.031773479718,55.9560000028377,386.345385865586,0,0,0,0.00170004478684332,0.000646987408545073,0.00446709200071209,0,0,0
"173",2020-06-21,"Melilla","ESML",86487,2,0,128,2,149.188307529397,56.7767138964004,392.011963638794,0,0,0,0.00172497956374249,0.000656476856595793,0.00453261141719327,0,0,0
"174",2020-06-22,"Melilla","ESML",86487,0,0,128,2,148.989193428827,56.693767411772,391.538272582025,0,0,0,0.00172267732062422,0.000655517793561714,0.00452713439686919,0,0,0
"175",2020-06-23,"Melilla","ESML",86487,0,0,128,2,148.729352446668,56.5948920244535,390.855419772643,0,0,0,0.00171967292710659,0.000654374553683831,0.00451923895813987,0,0,0
"176",2020-06-24,"Melilla","ESML",86487,0,0,128,2,148.438509192485,56.4842195694487,390.091094101001,0,0,0,0.00171631007194705,0.000653094911020717,0.00451040149503394,0,0,0
"177",2020-06-25,"Melilla","ESML",86487,0,0,128,2,148.144436133002,56.3723181002703,389.318280616525,0,0,0,0.00171290987238547,0.000651801057965593,0.00450146589217484,0,0,0
"178",2020-06-26,"Melilla","ESML",86487,0,0,128,2,147.862952022606,56.2652070117568,388.578550440079,0,0,0,0.00170965523168344,0.00065056259335804,0.00449291281279358,0,0,0
"179",2020-06-27,"Melilla","ESML",86487,0,0,128,2,147.601465370417,56.1587163345436,387.939646798755,0,0,0,0.00170663181021907,0.000649331302213553,0.00448552553330275,0,0,0
"180",2020-06-28,"Melilla","ESML",86487,0,0,128,2,147.362574273649,56.0678241655224,387.311771408285,0,0,0,0.00170386964831303,0.00064828036774917,0.00447826576720531,0,0,0
"181",2020-06-29,"Melilla","ESML",86487,0,0,128,2,147.146338066839,55.9855516232478,386.743439667917,0,0,0,0.00170136943201683,0.000647329097127288,0.00447169447047437,0,0,0
"182",2020-06-30,"Melilla","ESML",86487,0,0,128,2,146.951567961341,55.9114464029666,386.231527094799,0,0,0,0.00169911741604335,0.000646472260605253,0.00446577551649148,0,0,0
"183",2020-07-01,"Melilla","ESML",86487,0,0,128,2,146.776532206223,55.8448496161703,385.771482143027,0,0,0,0.00169709357714134,0.000645702239829921,0.0044604562783196,0,0,0
"184",2020-07-02,"Melilla","ESML",86487,0,0,128,2,146.619331398694,55.7782061922694,385.405516012801,0,0,0,0.00169527595359642,0.000644931679816266,0.00445622482006314,0,0,0
"185",2020-07-03,"Melilla","ESML",86487,0,0,128,2,146.478091455165,55.7244744597784,385.034250826976,0,0,0,0.00169364287644577,0.000644310410348126,0.00445193209184011,0,0,0
"186",2020-07-04,"Melilla","ESML",86487,0,0,128,2,146.35105666841,55.6761467770531,384.700325504347,0,0,0,0.0016921740454451,0.000643751624834405,0.00444807110322184,0,0,0
"187",2020-07-05,"Melilla","ESML",86487,0,0,128,2,146.236628555055,55.6326150350922,384.399538250351,0,0,0,0.00169085097824013,0.00064324829205652,0.00444459327124714,0,0,0
"188",2020-07-06,"Melilla","ESML",86487,0,0,128,2,146.133375832876,55.5933347330156,384.128126777584,0,0,0,0.00168965712572844,0.000642794116260428,0.00444145509472619,0,0,0
"189",2020-07-07,"Melilla","ESML",86487,0,0,128,2,146.040029582866,55.5578231375758,383.882755588741,0,0,0,0.00168857781612111,0.000642383515876095,0.0044386180072004,0,0,0
"190",2020-07-08,"Melilla","ESML",86487,0,0,128,2,145.955471368254,55.5256547632905,383.660484746111,0,0,0,0.00168760011756974,0.000642011571256842,0.00443604801584182,0,0,0
"191",2020-07-09,"Melilla","ESML",86487,0,0,128,2,145.878718564796,55.4964557916661,383.4587313106,0,0,0,0.00168671266854899,0.000641673960152,0.00443371525559448,0,0,0
"192",2020-07-10,"Melilla","ESML",86487,0,0,128,2,145.808909179124,55.4698982956591,383.275229435024,0,0,0,0.00168590550231971,0.000641366890927644,0.00443159352775589,0,0,0
"193",2020-07-11,"Melilla","ESML",86487,0,0,128,2,145.745287319767,55.4456947124364,383.107992173051,0,0,0,0.00168516987893865,0.000641087038658254,0.0044296598583955,0,0,0
"194",2020-07-12,"Melilla","ESML",86487,2,0,130,2,147.963552204966,56.2895864078583,388.938952624018,0,0,0,0.00171081841438558,0.000650844478451771,0.00449707993830308,0,0,0
"195",2020-07-13,"Melilla","ESML",86487,0,0,130,2,147.873619686009,56.2553734937909,388.702554813824,0,0,0,0.00170977857580918,0.00065044889398165,0.00449434660485187,0,0,0
"196",2020-07-14,"Melilla","ESML",86487,0,0,130,2,147.714625877796,56.1881126232517,388.331440219755,0,0,0,0.00170794022081695,0.000649671194783628,0.00449005561783569,0,0,0
"197",2020-07-15,"Melilla","ESML",86487,0,0,130,2,147.51567667764,56.1124357564674,387.808416660187,0,0,0,0.0017056398843484,0.000648796186206799,0.00448400819383476,0,0,0
"198",2020-07-16,"Melilla","ESML",86487,0,0,130,2,147.30445011269,56.0320887904856,387.253116765595,0,0,0,0.00170319759169228,0.000647867179928609,0.00447758757692595,0,0,0
"199",2020-07-17,"Melilla","ESML",86487,0,0,130,2,147.097211600685,55.9532588115094,386.708301183808,0,0,0,0.00170080141062455,0.000646955713708527,0.00447128818416419,0,0,0
"200",2020-07-18,"Melilla","ESML",86487,0,0,130,2,146.902086156031,55.8790364357985,386.195330010535,0,0,0,0.00169854528606647,0.00064609752258488,0.00446535699018969,0,0,0
"201",2020-07-19,"Melilla","ESML",86487,0,0,130,2,146.722474136535,55.8107151011984,385.723142549089,0,0,0,0.00169646853442176,0.000645307561843958,0.0044598973550833,0,0,0
"202",2020-07-20,"Melilla","ESML",86487,0,0,130,2,146.559225836902,55.7420011905627,385.339711871499,0,0,0,0.00169458098716457,0.000644513061969576,0.00445546396419692,0,0,0
"203",2020-07-21,"Melilla","ESML",86487,0,0,130,2,146.411887328916,55.6859627989792,384.952323238057,0,0,0,0.00169287739578105,0.000643865121914035,0.00445098480971773,0,0,0
"204",2020-07-22,"Melilla","ESML",86487,0,0,130,2,146.27938871576,55.6355685790993,384.603952283414,0,0,0,0.00169134538966273,0.000643282442206335,0.00444695679447101,0,0,0
"205",2020-07-23,"Melilla","ESML",86487,0,0,130,2,146.16041658611,55.5903189910592,384.291145730989,0,0,0,0.00168996978258132,0.000642759246951093,0.00444333999018337,0,0,0
"206",2020-07-24,"Melilla","ESML",86487,0,0,130,2,146.053610775762,55.5496967131125,384.010327379563,0,0,0,0.00168873484773159,0.000642289554651133,0.00444009304727372,0,0,0
"207",2020-07-25,"Melilla","ESML",86487,0,0,130,2,145.95766400719,55.5132045383113,383.758060079804,0,0,0,0.00168762546980691,0.000641867616385252,0.00443717622393891,0,0,0
"208",2020-07-26,"Melilla","ESML",86487,4,0,134,2,150.359717940273,57.1874716762389,395.332126362774,0,0,0,0.00173852391619865,0.00066122621522586,0.00457100057075369,0,0,0
"209",2020-07-27,"Melilla","ESML",86487,1,0,135,2,151.328558399718,57.5559582436009,397.879442653238,0,0,0,0.00174972606749822,0.000665486815863667,0.00460045374048398,0,0,0
"210",2020-07-28,"Melilla","ESML",86487,1,0,136,2,152.135676646801,57.8561733971147,400.048305129254,0,0,0,0.00175905831681988,0.000668958032965818,0.0046255310639663,0,0,0
"211",2020-07-29,"Melilla","ESML",86487,1,0,137,2,152.800577757868,58.1090308124278,401.796695568785,0,0,0,0.00176674619026984,0.000671881679471225,0.004645746708393,0,0,0
"212",2020-07-30,"Melilla","ESML",86487,4,0,141,2,156.689895420772,59.5881121302429,412.023849208534,0,0,0,0.00181171615873798,0.000688983455666666,0.0047639974702387,0,0,0
"213",2020-07-31,"Melilla","ESML",86487,0,0,141,2,155.984929145969,59.313191394651,410.217315045154,0,0,0,0.00180356503458288,0.000685804703535225,0.00474310954299668,0,0,0
"214",2020-08-01,"Melilla","ESML",86487,8,0,149,2,163.929809039268,62.3271629950942,431.160043234538,0,0,0,0.00189542716291776,0.000720653543250364,0.00498525839992759,0,0,0
"215",2020-08-02,"Melilla","ESML",86487,4,0,153,2,167.185875340959,63.5580440602074,439.773081862702,0,0,0,0.00193307520599581,0.000734885521063367,0.00508484606776397,0,0,0
"216",2020-08-03,"Melilla","ESML",86487,4,0,157,2,170.005504630277,64.6228581081223,447.239141856565,0,0,0,0.00196567697608053,0.000747197360390837,0.00517117187388354,0,0,0
"217",2020-08-04,"Melilla","ESML",86487,5,0,162,2,173.461804223494,65.9295304801977,456.38118920788,0,0,0,0.00200564020284545,0.00076230566998737,0.00527687616876386,0,0,0
"218",2020-08-05,"Melilla","ESML",86487,1,0,163,2,172.252385495575,65.4559786282098,453.295251720959,0,0,0,0.00199165638183282,0.000756830259209012,0.00524119522842692,0,0,0
"219",2020-08-06,"Melilla","ESML",86487,3,0,166,2,172.890066870562,65.6847752203703,455.06702462213,0,0,0,0.00199902952895304,0.000759475704098539,0.00526168123096107,0,0,0
"220",2020-08-07,"Melilla","ESML",86487,5,0,171,2,175.424410231789,66.6342996625306,461.83007641747,0,0,0,0.00202833270007966,0.000770454515274326,0.00533987855304809,0,0,0
"221",2020-08-08,"Melilla","ESML",86487,3,0,174,2,175.725212229574,66.7292307078104,462.755974939099,0,0,0,0.0020318107025284,0.000771552148968173,0.0053505841911397,0,0,0
"222",2020-08-09,"Melilla","ESML",86487,5,0,179,2,177.84300571885,67.5208429601665,468.420317290378,0,0,0,0.00205629754435754,0.000780705111290327,0.00541607776070829,0,0,0
"223",2020-08-10,"Melilla","ESML",86487,14,0,193,2,188.524839570659,71.5633823081456,496.645267297507,0,0,0,0.0021798055149405,0.000827446694973182,0.00574242680746825,0,0,0
"224",2020-08-11,"Melilla","ESML",86487,9,0,202,2,193.659257039929,73.4930502054718,510.305501437261,0,0,0,0.00223917186444123,0.00084975834756058,0.00590037232690764,0,0,0
"225",2020-08-12,"Melilla","ESML",86487,9,0,211,2,197.923977293481,75.086341523353,521.718064736005,0,0,0,0.00228848239959163,0.000868180669041046,0.0060323293065548,0,0,0
"226",2020-08-13,"Melilla","ESML",86487,1,0,212,2,193.990795213701,73.576544080734,511.473175287369,0,0,0,0.00224300525181474,0.000850723739761282,0.00591387347563644,0,0,0
"227",2020-08-14,"Melilla","ESML",86487,6,0,218,2,194.252658335067,73.6478330834839,512.358526930001,0,0,0,0.00224603302617812,0.00085154801396145,0.00592411029322327,0,0,0
"228",2020-08-15,"Melilla","ESML",86487,12,0,230,2,199.52227746318,75.6239422920845,526.409203190415,0,0,0,0.00230696263557737,0.000874396641022171,0.00608657027287818,0,0,0
"229",2020-08-16,"Melilla","ESML",86487,4,0,234,2,197.518977526153,74.8391036021752,521.301627159564,0,0,0,0.00228379961758592,0.00086532199755079,0.00602751427566645,0,0,0
"230",2020-08-17,"Melilla","ESML",86487,10,0,244,2,200.24581560766,75.8478714460322,528.668582306992,0,0,0,0.00231532849570062,0.000876985806491521,0.00611269418880285,0,0,0
"231",2020-08-18,"Melilla","ESML",86487,8,0,252,2,200.984857931858,76.1046455871114,530.781173820095,0,0,0,0.00232387362183748,0.000879954739869708,0.00613712088313961,0,0,0
"232",2020-08-19,"Melilla","ESML",86487,7,0,259,2,200.625378350771,75.9466537647673,529.984409360019,0,0,0,0.00231971716386013,0.000878127970270298,0.0061279083487694,0,0,0
"233",2020-08-20,"Melilla","ESML",86487,9,0,268,2,201.546679420023,76.2705556257553,532.591688259848,0,0,0,0.00233036964422426,0.000881873063301482,0.00615805483205393,0,0,0
"234",2020-08-21,"Melilla","ESML",86487,15,0,283,2,206.583553508525,78.1527074686846,546.068920226594,0,0,0,0.00238860815508139,0.000903635314771984,0.00631388440143136,0,0,0
"235",2020-08-22,"Melilla","ESML",86487,7,0,290,2,205.337600555811,77.6589604806623,542.93194167229,0,0,0,0.00237420190960272,0.000897926399119664,0.00627761330225687,0,0,0
"236",2020-08-23,"Melilla","ESML",86487,16,0,306,2,209.955750104347,79.383965400367,555.29371428547,0,0,0,0.00242759894671277,0.000917871650078821,0.00642054544943714,0,0,0
"237",2020-08-24,"Melilla","ESML",86487,17,0,323,2,214.575411235164,81.1064570488017,567.681153660009,0,0,0,0.00248101346138916,0.00093778784151146,0.00656377436678355,0,0,0
"238",2020-08-25,"Melilla","ESML",86487,15,0,338,2,217.073195495866,82.0244748063884,574.472098895007,0,0,0,0.0025098939204258,0.00094840235880986,0.00664229420485167,0,0,0
"239",2020-08-26,"Melilla","ESML",86487,10,0,348,2,215.683720907901,81.4752794369545,570.964196577861,0,0,0,0.00249382821589258,0.000942052325054106,0.00660173432513396,0,0,0
"240",2020-08-27,"Melilla","ESML",86487,6,0,354,2,211.493591278496,79.8676625543568,560.045677077794,0,0,0,0.00244538012971309,0.000923464365215082,0.00647548969299194,0,0,0
"241",2020-08-28,"Melilla","ESML",86487,16,0,370,2,213.108371688932,80.4542828248041,564.48428212086,0,0,0,0.00246405091735096,0.000930247121819511,0.00652681075908356,0,0,0
"242",2020-08-29,"Melilla","ESML",86487,20,0,390,2,216.690804353771,81.7848123092631,574.127437181466,0,0,0,0.00250547254909722,0.000945631277640144,0.00663830907745055,0,0,0
"243",2020-08-30,"Melilla","ESML",86487,11,0,401,2,214.891866401607,81.0855459661978,569.503648218839,0,0,0,0.00248467245252589,0.000937546058554439,0.00658484683500224,0,0,0
"244",2020-08-31,"Melilla","ESML",86487,15,0,416,2,214.913444902642,81.0706470789163,569.722710550968,0,0,0,0.00248492195246271,0.000937373791193085,0.00658737972817843,0,0,0
"245",2020-09-01,"Melilla","ESML",86487,35,0,451,2,224.611620644753,84.7087313511479,595.574733843289,0,0,0,0.00259705644368233,0.000979438890829233,0.00688629197270444,0,0,0
"246",2020-09-02,"Melilla","ESML",86487,28,0,479,2,229.756531097326,86.6277982951706,609.366330678396,0,0,0,0.00265654411758213,0.00100162797062183,0.00704575636429054,0,0,0
"247",2020-09-03,"Melilla","ESML",86487,20,1,499,3,344.940453501205,180.258334738986,660.074423931107,0,0,0,0.0039883503127777,0.00208422462033584,0.00763206521131623,0,0,0
"248",2020-09-04,"Melilla","ESML",86487,22,0,521,3,345.276585488839,180.38592361541,660.893700004021,0,0,0,0.0039922368158086,0.00208569985796028,0.00764153803466441,0,0,0
"249",2020-09-05,"Melilla","ESML",86487,13,0,534,3,338.897403894406,177.006928714132,648.85285113248,0,0,0,0.00391847796656615,0.00204663046138879,0.00750231654621481,0,0,0
"250",2020-09-06,"Melilla","ESML",86487,18,0,552,3,335.460116134795,175.169679966357,642.425615773136,0,0,0,0.0038787345628221,0.00202538739887332,0.00742800207861454,0,0,0
"251",2020-09-07,"Melilla","ESML",86487,16,0,568,3,330.841761189961,172.720047818649,633.720707755949,0,0,0,0.00382533515083147,0.00199706369533743,0.00732735217727461,0,0,0
"252",2020-09-08,"Melilla","ESML",86487,26,0,594,3,332.017197668429,173.296240236,636.109700922965,0,0,0,0.00383892605441776,0.00200372588060634,0.00735497474675923,0,0,0
"253",2020-09-09,"Melilla","ESML",86487,42,0,636,3,341.49112632162,178.205677287261,654.39098872494,0,0,0,0.00394846770406674,0.00206049090946918,0.00756635088192376,0,0,0
"254",2020-09-10,"Melilla","ESML",86487,38,0,674,3,347.563886543272,181.33936440362,666.157927851724,0,0,0,0.00401868357722284,0.0020967239516184,0.00770240530775404,0,0,0
"255",2020-09-11,"Melilla","ESML",86487,26,0,700,3,346.153315659117,180.569095375047,663.580429934182,0,0,0,0.00400237394821322,0.00208781776885598,0.00767260316503269,0,0,0
"256",2020-09-12,"Melilla","ESML",86487,28,1,728,4,459.662364025003,282.272491906729,748.530214452744,0,0,0,0.00531481452732784,0.00326375630911846,0.00865482921656138,0,0,0
"257",2020-09-13,"Melilla","ESML",86487,17,0,745,4,450.254865663685,276.44382352311,733.347706851101,0,0,0,0.00520604097336808,0.00319636273108224,0.00847928251472593,0,0,0
"258",2020-09-14,"Melilla","ESML",86487,21,0,766,4,443.333226141873,272.147547406094,722.197761011166,0,0,0,0.00512600999158108,0.00314668733342692,0.00835036203141704,0,0,0
"259",2020-09-15,"Melilla","ESML",86487,11,0,777,4,431.226137794338,264.673748544225,702.585666088262,0,0,0,0.00498602261373777,0.00306027204717732,0.00812359853027925,0,0,0
"260",2020-09-16,"Melilla","ESML",86487,9,0,786,4,419.095778942549,257.189439194703,682.925677187291,0,0,0,0.00484576617228658,0.0029737352341358,0.00789628125830808,0,0,0
"261",2020-09-17,"Melilla","ESML",86487,12,0,798,4,409.817659660977,251.463540805571,667.892107269172,0,0,0,0.00473848855505425,0.00290752992710547,0.00772245663821351,0,0,0
"262",2020-09-18,"Melilla","ESML",86487,10,0,808,4,400.749762629536,245.870228438,653.191617659101,0,0,0,0.00463364161815691,0.00284285763684716,0.00755248323631413,0,0,0
"263",2020-09-19,"Melilla","ESML",86487,26,0,834,4,400.516060452371,245.699539756038,652.883252608312,0,0,0,0.00463093945277754,0.00284088406068008,0.00754891778658425,0,0,0
"264",2020-09-20,"Melilla","ESML",86487,22,0,856,4,398.829974761686,244.642223147878,650.195811343071,0,0,0,0.00461144420273204,0.00282865890998506,0.00751784443145295,0,0,0
"265",2020-09-21,"Melilla","ESML",86487,33,0,889,4,402.307665561617,246.752389444811,655.926607777949,0,0,0,0.00465165476385604,0.00285305756292634,0.00758410637180096,0,0,0
"266",2020-09-22,"Melilla","ESML",86487,44,0,933,4,410.265356537783,251.612164257445,668.956778269491,0,0,0,0.00474366501945706,0.00290924837556448,0.00773476682356297,0,0,0
"267",2020-09-23,"Melilla","ESML",86487,32,0,965,4,412.111741985636,252.722395529436,672.026266317395,0,0,0,0.00476501372443992,0.00292208534842735,0.00777025756839057,0,0,0
"268",2020-09-24,"Melilla","ESML",86487,36,0,1001,4,414.738389525059,254.311130661563,676.368082271428,0,0,0,0.00479538415629007,0.00294045498932282,0.007820459517285,0,0,0
"269",2020-09-25,"Melilla","ESML",86487,33,1,1034,5,519.080307494753,351.034248999332,767.572869020424,0,0,0,0.00600183041953996,0.00405880940487394,0.00887500860268507,0,0,0
"270",2020-09-26,"Melilla","ESML",86487,26,0,1060,5,515.45240882432,348.551626281134,762.272116178546,0,0,0,0.00595988309022535,0.00403010425013163,0.00881371901185781,0,0,0
"271",2020-09-27,"Melilla","ESML",86487,33,0,1093,5,514.717724072399,348.026251731141,761.2481361864,0,0,0,0.00595138834821879,0.00402402964296531,0.00880187931349683,0,0,0
"272",2020-09-28,"Melilla","ESML",86487,32,0,1125,5,513.134864582871,346.928159338835,758.968051922578,0,0,0,0.0059330866440375,0.00401133302506545,0.00877551599572858,0,0,0
"273",2020-09-29,"Melilla","ESML",86487,36,0,1161,5,513.02451663316,346.826406441116,758.864232303985,0,0,0,0.00593181075344457,0.0040101565141711,0.00877431558851602,0,0,0
"274",2020-09-30,"Melilla","ESML",86487,42,0,1203,5,515.100035215995,348.203965666692,761.990305801103,0,0,0,0.00595580879457023,0.00402608444814472,0.00881046059871545,0,0,0
"275",2020-10-01,"Melilla","ESML",86487,39,0,1242,5,515.325036272739,348.331104871389,762.37777590247,0,0,0,0.00595841035384207,0.00402755448647067,0.00881494069516194,0,0,0
"276",2020-10-02,"Melilla","ESML",86487,38,0,1280,5,514.572594120959,347.798228681726,761.317720403576,0,0,0,0.00594971029311873,0.00402139314211068,0.00880268387623084,0,0,0
"277",2020-10-03,"Melilla","ESML",86487,36,0,1316,5,512.552370060607,346.409265623659,758.38021128498,0,0,0,0.0059263515911132,0.00400533335210678,0.00876871912871276,0,0,0
"278",2020-10-04,"Melilla","ESML",86487,36,0,1352,5,510.204676750251,344.799864340393,754.956248825105,0,0,0,0.00589920654838589,0.00398672476025753,0.0087291297978321,0,0,0
"279",2020-10-05,"Melilla","ESML",86487,55,0,1407,5,514.595755902954,347.745176167159,761.5024165455,0,0,0,0.00594997809963294,0.00402077972605316,0.00880481941269208,0,0,0
"280",2020-10-06,"Melilla","ESML",86487,42,1,1449,6,616.417890604409,444.649697452488,854.54014257547,0,0,0,0.00712728954183182,0.00514123160073177,0.00988056173269359,0,0,0
"281",2020-10-07,"Melilla","ESML",86487,47,0,1496,6,616.766716136,444.87463277551,855.075012391505,0,0,0,0.0071313228130933,0.00514383239996196,0.00988674612822165,0,0,0
"282",2020-10-08,"Melilla","ESML",86487,61,0,1557,6,622.048095177429,448.658816002001,862.445624409935,0,0,0,0.00719238839568292,0.00518758675872675,0.00997196832367795,0,0,0
"283",2020-10-09,"Melilla","ESML",86487,48,2,1605,8,828.311365192109,648.229603606893,1058.4208340514,0,0,0,0.00957729329485482,0.00749511028948736,0.0122379182310798,0,0,0
"284",2020-10-10,"Melilla","ESML",86487,58,0,1663,8,831.188783177197,650.445235857474,1062.15674309432,0,0,0,0.00961056324276709,0.00752072838527726,0.0122811144229112,0,0,0
"285",2020-10-11,"Melilla","ESML",86487,42,0,1705,8,825.114457090748,645.657178309305,1054.45101544897,0,0,0,0.00954032926440677,0.00746536679858597,0.0121920174760249,0,0,0
"286",2020-10-12,"Melilla","ESML",86487,72,1,1777,9,936.669661306886,753.137548227963,1164.92672085869,0,0,0,0.0108301786546751,0.00870810119703496,0.0134693852354538,0,0,0
"287",2020-10-13,"Melilla","ESML",86487,66,0,1843,9,940.551265900745,756.220145474331,1169.81369655607,223.289367941032,223.289367941032,223.289367941032,0.0108750594413119,0.00874374351606983,0.0135258905564543,0.00258176798757076,0.00258176798757076,0.00258176798757076
"288",2020-10-14,"Melilla","ESML",86487,71,0,1914,9,945.39061566383,760.073978909156,1175.89003305698,488.203160386296,711.492528327328,711.492528327328,0.0109310140907169,0.00878830320058686,0.0135961477800938,0.00564481552587436,0.00822658351344512,0.00822658351344512
"289",2020-10-15,"Melilla","ESML",86487,81,1,1995,10,1059.22135056673,870.298056087958,1289.15589509602,113.830734902896,825.323263230224,825.323263230224,0.0122471741483313,0.0100627615258704,0.0149057765339996,0.0013161600576144,0.00954274357105952,0.00954274357105952
"290",2020-10-16,"Melilla","ESML",86487,94,0,2089,10,1072.37697143966,881.065121375125,1305.22970547199,13.1556208729355,838.47888410316,838.47888410316,0.0123992851115157,0.0101872549790734,0.0150916288629735,0.000152110963184473,0.00969485453424399,0.00969485453424399
"291",2020-10-17,"Melilla","ESML",86487,78,0,2167,10,1074.65847152731,882.89849789385,1308.06749946954,2.28150008765351,840.760384190814,840.760384190814,0.0124256647996498,0.0102084532692064,0.0151244406612502,2.63796881340954e-05,0.00972123422237809,0.00972123422237809
"292",2020-10-18,"Melilla","ESML",86487,65,0,2232,10,1068.38206420089,877.700820086032,1300.48896957197,0,840.760384190814,840.760384190814,0.0123530942708255,0.0101483554763841,0.0150368144295902,0,0.00972123422237809,0.00972123422237809
"293",2020-10-19,"Melilla","ESML",86487,90,0,2322,10,1072.36004814231,880.928848848236,1305.39041189909,0,840.760384190814,840.760384190814,0.012399089437052,0.0101856793373367,0.015093487020004,0,0.00972123422237809,0.00972123422237809
"294",2020-10-20,"Melilla","ESML",86487,84,0,2406,10,1071.99115455229,880.58724503078,1304.99850176478,0,840.760384190814,840.760384190814,0.0123948241302425,0.0101817295666491,0.0150889555859815,0,0.00972123422237809,0.00972123422237809
"295",2020-10-21,"Melilla","ESML",86487,99,0,2505,10,1076.66217837098,884.386319497199,1310.74104243674,0,840.760384190814,840.760384190814,0.0124488325224714,0.0102256561043532,0.0151553533182645,0,0.00972123422237809,0.00972123422237809
"296",2020-10-22,"Melilla","ESML",86487,82,0,2587,10,1072.46910254539,880.905741222283,1305.69018010779,0,840.760384190814,840.760384190814,0.0124003503711007,0.010185412156998,0.0150969530693375,0,0.00972123422237809,0.00972123422237809
"297",2020-10-23,"Melilla","ESML",86487,93,0,2680,10,1071.49641398043,880.07193847024,1304.55763328688,0,840.760384190814,840.760384190814,0.0123891037263454,0.0101757713699196,0.0150838580744722,0,0.00972123422237809,0.00972123422237809
"298",2020-10-24,"Melilla","ESML",86487,88,2,2768,12,1280.87286704616,1086.93526670483,1509.41399344675,191.624528147251,1032.38491233806,1032.38491233806,0.014810004590819,0.0125676144010641,0.0174524956750349,0.00221564545130772,0.0119368796736858,0.0119368796736858
"299",2020-10-25,"Melilla","ESML",86487,55,0,2823,12,1260.17918631318,1069.33531610981,1485.08288999019,0,809.095544397032,1032.38491233806,0.0145707353280051,0.0123641161805799,0.0171711689616959,0,0.00935511168611504,0.0119368796736858
"300",2020-10-26,"Melilla","ESML",86487,78,0,2901,12,1249.97596786715,1060.6402733903,1473.11011984404,0,320.892384010736,1032.38491233806,0.0144527613151936,0.0122635803460671,0.0170327346288349,0,0.00371029616024068,0.0119368796736858
"301",2020-10-27,"Melilla","ESML",86487,83,1,2984,13,1345.80660789268,1156.35528786758,1566.29666059435,57.1127630493074,264.174412157147,1089.49767538737,0.0155607965115299,0.0133702786299395,0.0181101976088239,0.000660362401855856,0.00305449850448214,0.0125972420755417
"302",2020-10-28,"Melilla","ESML",86487,88,1,3072,14,1443.01418699488,1253.26484871371,1661.49233819622,119.618424271002,370.637215555214,1209.11609965837,0.0166847524714104,0.014490788774194,0.0192108910957279,0.00138307981859704,0.00428546735989471,0.0139803218941387
"303",2020-10-29,"Melilla","ESML",86487,78,1,3150,15,1534.40136393917,1345.09236519499,1750.35380958176,91.387176944294,459.742892411854,1300.50327660267,0.0177414104309222,0.0155525381293719,0.0202383457581111,0.00105665795951176,0.00531574563127238,0.0150369798536505
"304",2020-10-30,"Melilla","ESML",86487,91,2,3241,17,1732.90728378234,1542.59735857236,1946.6957061077,198.505919843172,658.248812255026,1499.00919644584,0.0200366215012932,0.0178361760561976,0.0225085354574409,0.00229521107037095,0.00761095670164332,0.0173321909240214
"305",2020-10-31,"Melilla","ESML",86487,54,3,3295,20,2008.72738753409,1819.27206412629,2217.91220620283,275.820103751749,934.068916006775,1551.53993225656,0.0232257725153386,0.0210352083449107,0.0256444576202531,0.00318915101404545,0.0108001077156888,0.0179395739504961
"306",2020-11-01,"Melilla","ESML",86487,41,0,3336,20,1972.44116054276,1786.36373996919,2177.90142329601,0,934.068916006775,1063.33677187026,0.0228062155068711,0.0206547081060643,0.0251818356897107,0,0.0108001077156888,0.0122947584246217
"307",2020-11-02,"Melilla","ESML",86487,43,3,3379,23,2230.98797869583,2046.46555882748,2432.14811977438,185.974364170405,1120.04328017718,1135.48040113777,0.0257956453420263,0.0236621175301199,0.0281215456632139,0.00215031581822014,0.0129504235339089,0.0131289141852275
"308",2020-11-03,"Melilla","ESML",86487,52,1,3431,24,2298.8588191674,2116.17810650766,2497.3095857159,104.157067462901,1224.20034764008,1226.48184772773,0.0265803972755142,0.0244681640767707,0.0288749706397019,0.00120430894195545,0.0141547324758644,0.0141811121639985
"309",2020-11-04,"Melilla","ESML",86487,39,2,3470,26,2453.36149810559,2272.59073803234,2648.5114718008,154.502678938189,1378.70302657827,1378.70302657827,0.028366823893829,0.0262766743907447,0.0306232320672563,0.00178642661831477,0.0159411590941791,0.0159411590941791
"310",2020-11-05,"Melilla","ESML",86487,39,0,3509,26,2420.11610563608,2241.75452825173,2612.66873377381,0,1187.07849843102,1378.70302657827,0.0279824263257609,0.025920132832122,0.0302088028694926,0,0.0137255136428714,0.0159411590941791
"311",2020-11-06,"Melilla","ESML",86487,38,2,3547,28,2573.65050505894,2396.80554772011,2763.5437211378,87.043614483855,1274.12211291487,1465.74664106213,0.0297576572786539,0.0277128996001724,0.0319532845530287,0.00100643581675691,0.0147319494596283,0.016947594910936
"312",2020-11-07,"Melilla","ESML",86487,32,2,3579,30,2721.84645674425,2546.63587114225,2909.11167082883,181.441344154813,1455.56345706969,1647.18798521694,0.0314711627960763,0.0294453024285991,0.0336364039778097,0.00209790308549046,0.0168298525451188,0.0190454979964265
"313",2020-11-08,"Melilla","ESML",86487,23,0,3602,30,2683.27474959805,2510.5123007256,2867.92595270277,0,1398.45069402038,1647.18798521694,0.0310251800802208,0.0290276261256096,0.0331601969394565,0,0.0161694901432629,0.0190454979964265
"314",2020-11-09,"Melilla","ESML",86487,41,0,3643,30,2661.73685692342,2490.32907442404,2844.9425291889,0,1278.83226974938,1647.18798521694,0.0307761496747884,0.0287942589571154,0.0328944526829338,0,0.0147864103246659,0.0190454979964265
"315",2020-11-10,"Melilla","ESML",86487,36,0,3679,30,2639.65424182468,2469.63897857609,2821.37372175767,0,1187.44509280508,1647.18798521694,0.0305208209537235,0.0285550311442887,0.0326219399650545,0,0.0137297523651541,0.0190454979964265
"316",2020-11-11,"Melilla","ESML",86487,29,2,3708,32,2789.53158018011,2620.51312155619,2969.45143026077,0,988.939172961912,1455.56345706969,0.0322537673890887,0.030299503064694,0.0343340783038003,0,0.0114345412947832,0.0168298525451188
"317",2020-11-12,"Melilla","ESML",86487,21,0,3729,32,2760.041885663,2592.78337426888,2938.09011821603,0,713.119069210164,1455.56345706969,0.0319127948207592,0.0299788797653853,0.0339714652862977,0,0.00824539028073772,0.0168298525451188
"318",2020-11-13,"Melilla","ESML",86487,27,2,3756,34,2908.67068233512,2742.24183204658,3085.20023267305,111.831256058875,824.950325269039,1567.39471312856,0.033631305078626,0.0317069829228275,0.0356724158853128,0.0012930412207485,0.00953843150148622,0.0181228937658673
"319",2020-11-14,"Melilla","ESML",86487,32,0,3788,34,2891.20529521295,2725.75132891547,3066.70236950533,57.527582409818,696.503543508451,1567.80953248907,0.0334293627390584,0.031516312612479,0.0354585356123502,0.000665158722233608,0.00805327440549969,0.018127690086245
"320",2020-11-15,"Melilla","ESML",86487,21,1,3809,35,2951.93804440421,2787.57283152041,3125.9948150837,60.7327491912683,653.079225236819,1508.92385740934,0.0341315809821617,0.0322311194921827,0.0361441004438089,0.000702218243103222,0.00755118370664746,0.0174468285107512
"321",2020-11-16,"Melilla","ESML",86487,33,0,3842,35,2938.95637484452,2775.29243570217,3112.2718680469,0,498.57654629863,1417.53668046505,0.0339814813190944,0.0320891282586073,0.0359854298108028,0,0.00576475708833269,0.0163901705512394
"322",2020-11-17,"Melilla","ESML",86487,37,1,3879,36,3014.42539465846,2850.96959874964,3187.25266798601,49.5056806945481,548.082226993178,1268.53644131642,0.0348540866795988,0.0329641402609599,0.0368523901625217,0.000572406034369884,0.00633716312270258,0.0146673655152384
"323",2020-11-18,"Melilla","ESML",86487,32,0,3911,36,3003.28599870315,2840.41470352889,3175.49644381168,1.84227360438899,462.880886113712,994.558611169062,0.0347252881786066,0.0328421000095839,0.0367164596275935,2.13011620750979e-05,0.00535202846802076,0.011499515663268
"324",2020-11-19,"Melilla","ESML",86487,28,1,3939,37,3073.09795589769,2910.70103378474,3244.55549949174,69.8119571945404,351.251499153439,1064.3705683636,0.0355324841409425,0.0336547808778746,0.0375149502178563,0.000807195962335846,0.00406132134486615,0.0123067116256039
"325",2020-11-20,"Melilla","ESML",86487,27,0,3966,37,3059.648832419,2897.94455351909,3230.37615276489,0,351.251499153439,878.396204193197,0.0353769795740285,0.0335072849505601,0.0373510024947667,0,0.00406132134486615,0.0101563958073837
"326",2020-11-21,"Melilla","ESML",86487,14,0,3980,37,3037.25854047187,2876.72005080021,3206.7560550785,0,351.251499153439,774.239136730296,0.0351180933605267,0.0332618780949762,0.0370778967368333,0,0.00406132134486615,0.00895208686542829
"327",2020-11-22,"Melilla","ESML",86487,14,1,3994,38,3097.75248764151,2938.09236813776,3266.08876519816,0,351.251499153439,619.736457792107,0.0358175504716491,0.0339714913008632,0.0377639271242864,0,0.00406132134486615,0.00716566024711352
"328",2020-11-23,"Melilla","ESML",86487,21,0,4015,38,3083.22592609059,2924.29830624354,3250.79082767333,0,351.251499153439,619.736457792107,0.0356495881009931,0.0338119984072003,0.0375870457718887,0,0.00406132134486615,0.00716566024711352
"329",2020-11-24,"Melilla","ESML",86487,24,1,4039,39,3153.44329640639,2994.83907383086,3320.44706860666,65.839303540894,417.090802694333,598.532146849146,0.0364614716247111,0.0346276211896685,0.0383924412756444,0.000761262427195925,0.00482258377206208,0.00692048685755254
"330",2020-11-25,"Melilla","ESML",86487,14,0,4053,39,3136.12747376094,2978.38003014017,3302.22988072321,0,305.259546635458,417.090802694333,0.0362612586141378,0.0344373146269401,0.0381818062913873,0,0.00352954255131358,0.00482258377206208
"331",2020-11-26,"Melilla","ESML",86487,11,1,4064,40,3197.76512702814,3040.72114160376,3362.91995596939,56.0180819119064,303.750046137546,473.108884606239,0.0369739397484956,0.0351581294483998,0.03888353111993,0.000647705226356636,0.00351208905543661,0.00547028899841871
"332",2020-11-27,"Melilla","ESML",86487,15,0,4079,40,3183.5690171273,3027.20920092774,3348.00504824932,0,243.017296946278,473.108884606239,0.0368097982023575,0.0350018985619543,0.038711078523354,0,0.00280987081233339,0.00547028899841871
"333",2020-11-28,"Melilla","ESML",86487,11,0,4090,40,3167.69446703612,3012.10242919646,3331.3237090573,0,243.017296946278,473.108884606239,0.0366262498067469,0.0348272275509205,0.0385182016841525,0,0.00280987081233339,0.00547028899841871
"334",2020-11-29,"Melilla","ESML",86487,7,1,4097,41,3228.88029040641,3073.94250155339,3391.62750263106,0,193.51161625173,473.108884606239,0.0373337066889407,0.0355422491421068,0.039215460157377,0,0.00223746477796351,0.00547028899841871
"335",2020-11-30,"Melilla","ESML",86487,21,0,4118,41,3223.29320694066,3068.61258713803,3385.77086643569,23.6156161085169,215.284958755858,496.724500714756,0.037269106419932,0.0354806223725881,0.0391477432034374,0.000273053939996957,0.00248921755588537,0.00574334293841567
"336",2020-12-01,"Melilla","ESML",86487,21,1,4139,42,3297.37107689787,3142.7004192794,3459.65398167212,78.8001194388598,224.273121000177,463.693364094741,0.0381256267057231,0.0363372578454495,0.0400020116511398,0.00091112097123105,0.00259314256478057,0.00536142268889823
"337",2020-12-02,"Melilla","ESML",86487,21,1,4160,43,3372.0209453004,3217.32815104338,3534.15154492623,74.649868402531,298.922989402708,480.815650087454,0.0389887606842693,0.0372001358706324,0.0408633846118634,0.000863133978546267,0.00345627654332684,0.00555939794521089
"338",2020-12-03,"Melilla","ESML",86487,12,0,4172,43,3361.38594098833,3207.17130542565,3523.01588167721,0,298.922989402708,420.082900896185,0.0388657941770247,0.0370826980404645,0.0407346292700314,0,0.00345627654332684,0.00485717970210766
"339",2020-12-04,"Melilla","ESML",86487,18,0,4190,43,3356.05239470315,3202.07285707944,3517.43641656724,0,298.922989402708,420.082900896185,0.0388041254142605,0.0370237475814798,0.0406701170877385,0,0.00345627654332684,0.00485717970210766
"340",2020-12-05,"Melilla","ESML",86487,6,0,4196,43,3341.65885372019,3188.33026575424,3502.36109934644,0,298.922989402708,370.577220201637,0.0386377010847895,0.0368648498127376,0.0404958097673227,0,0.00345627654332684,0.00428477366773778
"341",2020-12-06,"Melilla","ESML",86487,10,0,4206,43,3331.11563787255,3178.26231645539,3491.32018947208,0,233.083685861814,368.734946597248,0.0385157958753633,0.0367484398401539,0.0403681500048803,0,0.00269501411613091,0.00426347250566268
"342",2020-12-07,"Melilla","ESML",86487,12,0,4218,43,3322.9771913462,3170.48892767628,3482.79955114056,0,233.083685861814,298.922989402708,0.0384216956461225,0.0366585605660536,0.0402696307091304,0,0.00269501411613091,0.00345627654332684
"343",2020-12-08,"Melilla","ESML",86487,8,0,4226,43,3312.50764404181,3160.49193737197,3471.83511594701,0,177.065603949908,298.922989402708,0.0383006422241702,0.0365429710519728,0.0401428551799347,0,0.00204730888977427,0.00345627654332684
"344",2020-12-09,"Melilla","ESML",86487,24,0,4250,43,3315.30860339884,3163.15693701437,3474.77894857306,0,177.065603949908,298.922989402708,0.0383330281244446,0.0365737849273807,0.0401768930425736,0,0.00204730888977427,0.00345627654332684
"345",2020-12-10,"Melilla","ESML",86487,21,0,4271,43,3316.25790334156,3164.05531858441,3475.7819867687,0,177.065603949908,298.922989402708,0.0383440043398611,0.0365841724026086,0.0401884906028501,0,0.00204730888977427,0.00345627654332684
"346",2020-12-11,"Melilla","ESML",86487,15,0,4286,43,3312.67923627022,3160.63400439162,3472.03874512772,0,177.065603949908,298.922989402708,0.0383026262475311,0.0365446136921343,0.0401452096283571,0,0.00204730888977427,0.00345627654332684
"347",2020-12-12,"Melilla","ESML",86487,11,0,4297,43,3306.04448161208,3154.29657622988,3465.09272360861,0,153.449987841391,233.083685861814,0.0382259123522851,0.0364713376140909,0.0400648967314003,0,0.00177425494977732,0.00269501411613091
"348",2020-12-13,"Melilla","ESML",86487,5,0,4302,43,3294.97625606931,3143.7296518824,3453.49941956989,0,74.649868402531,233.083685861814,0.0380979367543019,0.036349158276763,0.0399308499493553,0,0.000863133978546267,0.00269501411613091
"349",2020-12-14,"Melilla","ESML",86487,28,0,4330,43,3301.88327453181,3150.31293654665,3460.74608403318,0,0,177.065603949908,0.0381777986810943,0.0364252770537382,0.0400146390097145,0,0,0.00204730888977427
"350",2020-12-15,"Melilla","ESML",86487,26,0,4356,43,3307.50939461484,3155.67415484513,3466.65018587838,0,0,177.065603949908,0.0382428503083104,0.0364872657722562,0.0400829047819716,0,0,0.00204730888977427
"351",2020-12-16,"Melilla","ESML",86487,13,0,4369,43,3303.12057594266,3151.48060139504,3462.05701992455,0,0,177.065603949908,0.0381921048937142,0.0364387780983852,0.0400297966159602,0,0,0.00204730888977427
"352",2020-12-17,"Melilla","ESML",86487,18,0,4387,43,3302.28942099853,3150.68108637582,3461.19303130829,0,0,177.065603949908,0.0381824947217331,0.0364295337608637,0.0400198068068992,0,0,0.00204730888977427
"353",2020-12-18,"Melilla","ESML",86487,4,0,4391,43,3290.87936054371,3139.78806850328,3449.24139125578,0,0,153.449987841391,0.0380505666810469,0.0363035839895392,0.0398816167892953,0,0,0.00177425494977732
"354",2020-12-19,"Melilla","ESML",86487,10,0,4401,43,3284.16384683905,3133.37451192377,3442.20971091728,0,0,74.649868402531,0.0379729190148699,0.0362294276818917,0.0398003134681199,0,0,0.000863133978546267
"355",2020-12-20,"Melilla","ESML",86487,7,0,4408,43,3275.68095497928,3125.27515702849,3433.32512488793,0,0,0,0.0378748361601083,0.0361357794469515,0.0396975860520995,0,0,0
"356",2020-12-21,"Melilla","ESML",86487,17,0,4425,43,3275.17512952664,3124.7866588096,3432.80143584465,0,0,0,0.0378689875880379,0.0361301312198319,0.0396915309334889,0,0,0
"357",2020-12-22,"Melilla","ESML",86487,13,0,4438,43,3272.17681883334,3121.92052077461,3429.66486893575,0,0,0,0.0378343198264865,0.0360969916955682,0.0396552645939361,0,0,0
"358",2020-12-23,"Melilla","ESML",86487,22,0,4460,43,3276.08199770676,3125.64090845993,3433.76400873463,0,0,0,0.0378794731891124,0.036140008422768,0.0397026606164468,0,0,0
"359",2020-12-24,"Melilla","ESML",86487,5,0,4465,43,3267.61069837026,3117.55320729047,3424.89092123102,0,0,0,0.0377815243721052,0.0360464949332324,0.0396000661513409,0,0,0
"360",2020-12-25,"Melilla","ESML",86487,9,0,4474,43,3262.16179902187,3112.34950690399,3419.185274466,0,0,0,0.0377185218474669,0.0359863275047578,0.039534095002324,0,0,0
"361",2020-12-26,"Melilla","ESML",86487,16,0,4490,43,3262.09257430274,3112.27813570984,3419.1185682362,0,0,0,0.0377177214414043,0.0359855022802252,0.0395333237161215,0,0,0
"362",2020-12-27,"Melilla","ESML",86487,10,0,4500,43,3257.93723294476,3108.30868158105,3414.76864144934,0,0,0,0.0376696755922249,0.0359396057393718,0.0394830279862794,0,0,0
"363",2020-12-28,"Melilla","ESML",86487,33,0,4533,43,3270.58429121232,3120.36995835446,3428.02992872222,0,0,0,0.0378159063351986,0.0360790634240344,0.0396363607099589,0,0,0
"364",2020-12-29,"Melilla","ESML",86487,22,0,4555,43,3275.18044228486,3124.75010542728,3432.85272985325,0,0,0,0.0378690490164402,0.0361297085738582,0.0396921240169418,0,0,0
"365",2020-12-30,"Melilla","ESML",86487,28,2,4583,45,3436.31992871978,3285.131691471,3594.46614672219,0,0,0,0.0397322132658062,0.0379841096519824,0.041560768054415,0,0,0
"366",2020-12-31,"Melilla","ESML",86487,38,0,4621,45,3451.92413419038,3300.04390500117,3610.79445341556,0,0,0,0.0399126358203011,0.0381565310971726,0.0417495629795872,0,0,0
"367",2021-01-01,"Melilla","ESML",86487,20,0,4641,45,3453.1649723443,3301.22406023955,3612.09906041953,0,0,0,0.0399269829262699,0.0381701765610964,0.0417646474085069,0,0,0
"368",2021-01-02,"Melilla","ESML",86487,23,0,4664,45,3455.69712909852,3303.63875863427,3614.75437253816,0,0,0,0.0399562608149031,0.0381980963455117,0.0417953492725862,0,0,0
"369",2021-01-03,"Melilla","ESML",86487,19,0,4683,45,3454.61491319836,3302.597840096,3613.62926287919,0,0,0,0.0399437477678537,0.038186060796374,0.0417823402693953,0,0,0
"370",2021-01-04,"Melilla","ESML",86487,42,0,4725,45,3470.02752564315,3317.32560878376,3629.75856118501,0,0,0,0.0401219550411409,0.0383563496107364,0.0419688341737488,0,0,0
"371",2021-01-05,"Melilla","ESML",86487,51,0,4776,45,3491.41102428956,3337.76116978535,3652.13396658772,0,0,0,0.0403692002762213,0.0385926343818765,0.0422275482626027,0,0,0
"372",2021-01-06,"Melilla","ESML",86487,23,0,4799,45,3491.21025069475,3337.56236112337,3651.93146846659,0,0,0,0.0403668788453149,0.038590335670371,0.042225206891979,0,0,0
"373",2021-01-07,"Melilla","ESML",86487,37,0,4836,45,3499.9806921959,3345.93902285604,3661.1141930757,0,0,0,0.0404682864730642,0.0386871902465809,0.0423313815148601,0,0,0
"374",2021-01-08,"Melilla","ESML",86487,55,0,4891,45,3520.7519650866,3365.78835091367,3682.85022921784,0,0,0,0.0407084528898747,0.0389166967395524,0.0425827029405326,0,0,0
"375",2021-01-09,"Melilla","ESML",86487,40,0,4931,45,3529.5161540546,3374.15845847455,3692.02704468254,0,0,0,0.0408097882231388,0.0390134755336009,0.0426888092393371,0,0,0
"376",2021-01-10,"Melilla","ESML",86487,40,1,4971,46,3615.49437279279,3459.61766162492,3778.39427307026,0,0,0,0.0418039054747279,0.0400015917030874,0.0436874243882926,0,0,0
"377",2021-01-11,"Melilla","ESML",86487,58,0,5029,46,3634.79732461266,3478.07904204047,3798.57715460673,0,0,0,0.0420270945299602,0.0402150501467327,0.0439207875704641,0,0,0
"378",2021-01-12,"Melilla","ESML",86487,70,1,5099,47,3740.87080457966,3582.81581021715,3905.89835420769,48.4143902022793,48.4143902022793,48.4143902022793,0.0432535618599287,0.0414260618383936,0.045161681573042,0.00055978806297223,0.00055978806297223,0.00055978806297223
"379",2021-01-13,"Melilla","ESML",86487,61,1,5160,48,3839.31935248555,3680.28988966673,4005.22065714363,418.884016982867,467.298407185147,467.298407185147,0.0443918664364072,0.0425530991902451,0.0463100888820705,0.00484331768916562,0.00540310575213785,0.00540310575213785
"380",2021-01-14,"Melilla","ESML",86487,60,0,5220,48,3855.10516345999,3695.41031948231,4021.70112016624,15.7858109744438,483.08421815959,483.08421815959,0.0445743887920727,0.0427279281219409,0.0465006431043538,0.00018252235566552,0.00558562810780337,0.00558562810780337
"381",2021-01-15,"Melilla","ESML",86487,47,1,5267,49,3939.52021880927,3779.46453761348,4106.35406152188,84.4150553492759,567.499273508866,567.499273508866,0.0455504320742917,0.0436997992485978,0.04747943692719,0.000976043282219015,0.00656167139002239,0.00656167139002239
"382",2021-01-16,"Melilla","ESML",86487,57,0,5324,49,3949.28667882407,3788.82113188816,4116.54832165818,9.76646001480594,577.265733523672,577.265733523672,0.0456633560977265,0.0438079842275505,0.0475973073601603,0.000112924023434805,0.00667459541345719,0.00667459541345719
"383",2021-01-17,"Melilla","ESML",86487,52,0,5376,49,3953.93873268686,3793.2709763362,4121.41173129197,4.65205386279013,581.917787386462,581.917787386462,0.0457171451511425,0.0438594352484906,0.0476535402001685,5.37890534160062e-05,0.0067283844668732,0.0067283844668732
"384",2021-01-18,"Melilla","ESML",86487,75,0,5451,49,3974.19958043542,3812.69517853177,4142.54525094642,20.260847748561,602.178635135023,602.178635135023,0.0459514098122888,0.0440840262528677,0.047897895070316,0.000234264661146311,0.00696264912801951,0.00696264912801951
"385",2021-01-19,"Melilla","ESML",86487,90,0,5541,49,4003.78720759879,3841.06657520652,4173.40123891755,29.5876271633624,631.766262298386,631.766262298386,0.0462935147201173,0.0444120685791683,0.0482546653129088,0.000342104907828488,0.007304754035848,0.007304754035848
"386",2021-01-20,"Melilla","ESML",86487,89,0,5630,49,4030.35288443715,3866.53827557703,4201.10786842442,26.565676838361,658.331939136747,658.331939136747,0.0466006785347757,0.0447065833660206,0.0485750213144683,0.0003071638146584,0.0076119178505064,0.0076119178505064
"387",2021-01-21,"Melilla","ESML",86487,65,0,5695,49,4037.02722491753,3872.92636467155,4208.08124920481,6.67434048038149,665.006279617128,665.006279617128,0.0466778501383737,0.0447804452076214,0.0486556505510055,7.71716035980146e-05,0.00768908945410441,0.00768908945410441
"388",2021-01-22,"Melilla","ESML",86487,60,0,5755,49,4037.75201402493,3873.60611829601,4208.85366990649,0.724789107404831,665.731068724533,665.731068724533,0.0466862304626699,0.0447883048122378,0.0486645816123405,8.38032429619285e-06,0.0076974697784006,0.0076974697784006
"389",2021-01-23,"Melilla","ESML",86487,73,0,5828,49,4045.86026391943,3881.36887603822,4217.3227533762,8.10824989449657,673.83931861903,673.83931861903,0.046779981545428,0.0448780611657038,0.04876250480854,9.37510827580627e-05,0.00779122086115867,0.00779122086115867
"390",2021-01-24,"Melilla","ESML",86487,52,0,5880,49,4038.21329279449,3874.01701335374,4209.36886489949,0,625.42492841675,673.83931861903,0.0466915639667753,0.0447930557581341,0.0486705385190779,0,0.00723143279818644,0.00779122086115867
"391",2021-01-25,"Melilla","ESML",86487,70,0,5950,49,4042.12948463711,3877.75793905828,4213.46845969984,0,206.540911433883,673.83931861903,0.0467368446661014,0.044836309954771,0.0487179398025118,0,0.00238811510902081,0.00779122086115867
"392",2021-01-26,"Melilla","ESML",86487,62,0,6012,49,4040.09452347196,3875.79005126078,4211.36427482146,0,190.755100459439,673.83931861903,0.0467133155673333,0.0448135563872117,0.0486936103093119,0,0.00220559275335529,0.00779122086115867
"393",2021-01-27,"Melilla","ESML",86487,50,2,6062,51,4194.13810873319,4029.86912301865,4365.1031679042,131.134353959033,237.474399069196,804.973672578063,0.048494433946526,0.0465950850765855,0.0504712057061084,0.00151623196502403,0.00274578143616031,0.00930745282618269
"394",2021-01-28,"Melilla","ESML",86487,59,0,6121,51,4189.45906600506,4025.35747797521,4360.25057694022,12.4644481266005,240.172387180991,817.438120704663,0.0484403328362073,0.0465429194905039,0.0504150979562272,0.000144119325755321,0.00277697673848082,0.00945157215193801
"395",2021-01-29,"Melilla","ESML",86487,38,0,6159,51,4170.72983712565,4007.34668221129,4340.774271292,0,235.520333318201,817.438120704663,0.0482237774130869,0.0463346709009595,0.0501899045092558,0,0.00272318768506482,0.00945157215193801
"396",2021-01-30,"Melilla","ESML",86487,59,1,6218,52,4248.50085858546,4085.0737203583,4418.46605006146,40.3125637009834,255.572049270623,809.336294203367,0.0491229995095848,0.0472333844434227,0.0510882103675866,0.000466111250257073,0.00295503427417558,0.00935789533922286
"397",2021-01-31,"Melilla","ESML",86487,35,0,6253,52,4228.91174340568,4066.22335680145,4398.10924395014,0,225.984422107261,390.4522772205,0.0488965017101492,0.0470154284089106,0.0508528361944585,0,0.00261292936634709,0.00451457765005723
"398",2021-02-01,"Melilla","ESML",86487,50,1,6303,53,4301.53307648696,4138.97892818492,4470.47137208443,70.9015604805445,270.320305749444,445.568026726601,0.0497361808883065,0.0478566597082212,0.0516895183332111,0.000819794425526894,0.00312555997721558,0.00515184971991861
"399",2021-02-02,"Melilla","ESML",86487,35,0,6338,53,4283.66947189053,4121.77674388746,4451.92092745428,0,263.645965269063,361.152971377325,0.0495296341865313,0.047657760633245,0.0514750300906989,0,0.00304838837361757,0.00417580643769959
"400",2021-02-03,"Melilla","ESML",86487,39,1,6377,54,4350.21440258727,4188.66071152304,4517.99910563695,32.5374941046248,295.458670266283,383.924005467144,0.050299055379274,0.0484311019173175,0.0522390544895412,0.000376212541822757,0.00341622059114413,0.00443909495608755
"401",2021-02-04,"Melilla","ESML",86487,40,0,6417,54,4337.86713631685,4176.75891855033,4505.1897079252,4.65645202563064,292.006872397417,383.928403629984,0.050156290960686,0.0482934882531517,0.052090946707889,5.38399068719073e-05,0.00337630941525798,0.00443914580954345
"402",2021-02-05,"Melilla","ESML",86487,55,1,6472,55,4417.07737872431,4255.82235027306,4584.44243293807,79.2102424074646,371.217114804881,442.877798288888,0.0510721539505858,0.0492076537545881,0.0530073008999973,0.000915862989899807,0.00429217240515779,0.00512074413829694
"403",2021-02-06,"Melilla","ESML",86487,33,0,6505,55,4401.81954234512,4241.10945134611,4568.61948639913,0,371.217114804881,413.290171125525,0.0508957362649313,0.0490375368708143,0.0528243491669167,0,0.00429217240515779,0.00477863923046846
"404",2021-02-07,"Melilla","ESML",86487,26,3,6531,58,4621.70156019543,4461.16688539792,4788.01306031116,189.366345091925,560.583459896806,576.090839379089,0.0534381070009994,0.0515819358446694,0.0553610723034809,0.00218953536475915,0.00648170776991694,0.00666101078056921
"405",2021-02-08,"Melilla","ESML",86487,33,0,6564,58,4607.58575209246,4447.52962172633,4773.40192613377,1.14202827622557,430.591134213999,570.558527174933,0.0532748939388863,0.0514242559196912,0.0551921320676375,1.32046235414059e-05,0.00497868042843432,0.0065970438005126
"406",2021-02-09,"Melilla","ESML",86487,28,2,6592,60,4749.62251949223,4589.7878875249,4915.02322775811,142.036767399772,560.16345348717,711.8705054673,0.0549171843108471,0.0530691073516818,0.0568296186450925,0.00164229037196078,0.00647685147463977,0.00823095384817718
"407",2021-02-10,"Melilla","ESML",86487,27,1,6619,61,4812.36287312857,4652.89651768195,4977.29453785573,62.7403536363399,622.90380712351,766.502609209143,0.0556426153425205,0.053798796555343,0.0575496263930501,0.00072543103167343,0.0072022825063132,0.00886263379709255
"408",2021-02-11,"Melilla","ESML",86487,33,0,6652,61,4801.71902517887,4642.59461986243,4966.29740148364,0,582.591243422527,766.502609209143,0.0555195465813228,0.05367968156905,0.0574224727587226,0,0.00673617125605613,0.00886263379709255
"409",2021-02-12,"Melilla","ESML",86487,45,0,6697,61,4800.94768900662,4641.83872558159,4965.51045290573,0,582.591243422527,766.502609209143,0.0555106280597849,0.0536709415933214,0.057413373719816,0,0.00673617125605613,0.00886263379709255
"410",2021-02-13,"Melilla","ESML",86487,12,1,6709,62,4855.7752326629,4697.27306765628,5019.62580640581,21.353327462667,533.043010404649,787.85593667181,0.0561445677692937,0.0543118973678852,0.0580390787795369,0.000246896382839815,0.00616327321336905,0.00910953017993237
"411",2021-02-14,"Melilla","ESML",86487,18,0,6727,62,4837.22700605943,4679.3205958998,5000.46206037978,3.51080546818594,536.553815872835,660.232388180963,0.0559301051725627,0.0541043231456728,0.0578174992817392,4.05934472023071e-05,0.00620386666057136,0.00763389166211065
"412",2021-02-15,"Melilla","ESML",86487,21,0,6748,62,4822.18311442435,4664.75871948493,4984.9202043202,0,504.01632176821,647.767940054363,0.0557561612083243,0.0539359524493269,0.0576377976380289,0,0.0058276541187486,0.00748977233635532
"413",2021-02-16,"Melilla","ESML",86487,32,0,6780,62,4816.39455759659,4659.15063691679,4978.94537915116,0,499.35986974258,647.767940054363,0.055689231417399,0.0538711093796385,0.0575687141321952,0,0.00577381421187669,0.00748977233635532
"414",2021-02-17,"Melilla","ESML",86487,21,2,6801,64,4958.93990918154,4801.77515025379,5121.24875767532,85.8365630241988,505.986190359314,693.291939377578,0.0573374022590857,0.0555201955236485,0.0592140871769782,0.000992479367121056,0.00585043058909794,0.00801614045321931
"415",2021-02-18,"Melilla","ESML",86487,16,1,6817,65,5020.73096886191,4863.89075367839,5182.62862763219,97.6673997782891,603.653590137603,790.959339155867,0.0580518571445641,0.056238402923889,0.0599237877095076,0.00112927260488038,0.00697970319397832,0.00914541305809968
"416",2021-02-19,"Melilla","ESML",86487,29,0,6846,65,5015.6501340571,4858.96076084233,5177.39234899808,0,414.287245045678,720.057778675323,0.0579931103409425,0.0561814002201756,0.0598632435972814,0,0.00479016782921917,0.00832561863257279
"417",2021-02-20,"Melilla","ESML",86487,20,0,6866,65,5004.93999632225,4848.5776600615,5166.34487947305,0,413.145216769452,720.057778675323,0.057869275108655,0.0560613463302172,0.0597355079893285,0,0.00477696320567776,0.00832561863257279
"418",2021-02-21,"Melilla","ESML",86487,17,0,6883,65,4992.86010464228,4836.86815914795,5153.882885433,0,271.108449369681,687.520284570698,0.0577296021904133,0.0559259560297843,0.0595914170387805,0,0.00313467283371698,0.00794940609075003
"419",2021-02-22,"Melilla","ESML",86487,19,2,6902,67,5136.39582052574,4980.39315958237,5297.28500938801,66.9221800997047,275.290275833046,749.786012644772,0.0593892240513111,0.0575854539940381,0.0612494942521768,0.000773783113065602,0.00318302491510916,0.00866934929694373
"420",2021-02-23,"Melilla","ESML",86487,27,2,6929,69,5286.34827742337,5130.13238141538,5447.32104993107,198.695128461749,473.985404294795,869.270898699056,0.0611230390396634,0.0593168034665948,0.0629842756706911,0.0022973987820337,0.00548042369714286,0.0100508850890776
"421",2021-02-24,"Melilla","ESML",86487,18,0,6947,69,5276.85006617922,5120.90810366361,5437.54077543681,0,473.985404294795,869.270898699056,0.0610132166242235,0.0592101483883544,0.0628711919182861,0,0.00548042369714286,0.0100508850890776
"422",2021-02-25,"Melilla","ESML",86487,14,2,6961,71,5417.5394370864,5261.64166807476,5578.05631851885,121.692948418887,574.325025251014,801.597502026018,0.0626399278167401,0.0608373705652266,0.0644958932385081,0.00140706636163686,0.0066405936759399,0.00926841608595533
"423",2021-02-26,"Melilla","ESML",86487,37,1,6998,72,5500.22547735627,5343.99040749109,5661.02818211495,92.1842515140179,662.998471296846,892.639725263811,0.0635959794808037,0.0617895222113276,0.065455249715159,0.00106587407950348,0.00766587430824108,0.0103210855419174
"424",2021-02-27,"Melilla","ESML",86487,16,0,7014,72,5490.59279947635,5334.62496689866,5651.12064610374,0,662.998471296846,750.602957864039,0.0634846023041191,0.0616812349474333,0.0653406945102009,0,0.00766587430824108,0.00867879516995663
"425",2021-02-28,"Melilla","ESML",86487,20,0,7034,72,5484.3510190711,5328.55417056693,5644.70307283863,0,662.998471296846,687.862604227699,0.0634124321466938,0.0616110417816196,0.0652664917599019,0,0.00766587430824108,0.0079533641382832
"426",2021-03-01,"Melilla","ESML",86487,34,0,7068,72,5489.35206106481,5333.40709973932,5649.85674012946,0,577.161908272647,687.862604227699,0.0634702563514148,0.0616671534420123,0.0653260806841428,0,0.00667339494112002,0.0079533641382832
"427",2021-03-02,"Melilla","ESML",86487,30,0,7098,72,5491.4119833417,5335.40250123385,5651.9832503387,0,479.494508494358,687.862604227699,0.0634940740613237,0.0616902251348046,0.0653506683124481,0,0.00554412233623965,0.0079533641382832
"428",2021-03-03,"Melilla","ESML",86487,32,0,7130,72,5494.88149021983,5338.76748151247,5655.56051956146,0,479.494508494358,666.509276765032,0.0635341899964137,0.0617291324882638,0.0653920302422498,0,0.00554412233623965,0.00770646775544339
"429",2021-03-04,"Melilla","ESML",86487,29,0,7159,72,5495.75037227251,5339.60576371525,5656.46107425696,0,479.494508494358,662.998471296846,0.0635442363854974,0.0617388250686837,0.0654024428440918,0,0.00554412233623965,0.00766587430824108
"430",2021-03-05,"Melilla","ESML",86487,35,0,7194,72,5500.87438594515,5344.57809487047,5661.74138965049,0,479.494508494358,662.998471296846,0.0636034824418139,0.0617963173063058,0.0654634961283255,0,0.00554412233623965,0.00766587430824108
"431",2021-03-06,"Melilla","ESML",86487,25,0,7219,72,5497.98519482608,5341.76472283476,5658.77435097619,0,412.572328394654,662.998471296846,0.0635700763678482,0.0617637878852864,0.0654291899473469,0,0.00477033922317404,0.00766587430824108
"432",2021-03-07,"Melilla","ESML",86487,10,1,7229,73,5559.56601802593,5403.6043811937,5720.02910064276,2.73602803702488,216.61322796993,579.897936309672,0.0642821004084536,0.0624788046896493,0.0661374437851095,3.16351363444781e-05,0.00250457557748482,0.0067050300774645
"433",2021-03-08,"Melilla","ESML",86487,28,1,7257,74,5634.89445204678,5478.80081556062,5795.43527034731,131.932946653486,348.546174623416,614.16348318487,0.0651530802553769,0.063348258299636,0.0670093224455388,0.00152546563822871,0.00403004121571353,0.00710122311081283
"434",2021-03-09,"Melilla","ESML",86487,32,0,7289,74,5637.53451250983,5481.36168460171,5798.1569559661,2.64006046304803,229.493286667577,616.803543647918,0.0651836057732356,0.063377868172115,0.067040791748657,3.05255178587306e-05,0.0026535003719354,0.00713174862867156
"435",2021-03-10,"Melilla","ESML",86487,38,0,7327,74,5644.94821966298,5488.56399547765,5805.78825881089,7.41370715315134,144.722742306711,624.217250801069,0.0652693262532286,0.0634611443971655,0.0671290281638962,8.57204799929624e-05,0.00167334677242488,0.00721746910866453
"436",2021-03-11,"Melilla","ESML",86487,37,0,7364,74,5651.37641993557,5494.80813317916,5812.40594133815,6.42820027258404,151.150942579295,630.645451073653,0.065343651877572,0.0635333418106671,0.0672055446638009,7.43256243433584e-05,0.00174767239676824,0.00729179473300789
"437",2021-03-12,"Melilla","ESML",86487,29,0,7393,74,5651.18497036921,5494.61583537824,5812.21554447917,0,151.150942579295,563.723270973948,0.0653414382551043,0.0635311183805456,0.0672033432131901,0,0.00174767239676824,0.00651801161994228
"438",2021-03-13,"Melilla","ESML",86487,28,0,7421,74,5649.74627279585,5493.21089593716,5810.74230566656,0,151.150942579295,365.028142512199,0.0653248034131817,0.0635148738647098,0.06718630899056,0,0.00174767239676824,0.00422061283790858
"439",2021-03-14,"Melilla","ESML",86487,28,2,7449,76,5800.6615850432,5643.8708983036,5961.80802688268,147.463568401556,298.61451098085,512.491710913755,0.0670697513504134,0.0652568697989709,0.0689329960211671,0.00170503738598351,0.00345270978275175,0.00592565022389209
"440",2021-03-15,"Melilla","ESML",86487,57,0,7506,76,5821.23866803341,5663.88537625998,5982.96352751825,22.3986796962899,321.01319067714,413.197442191158,0.0673076724598311,0.0654882858263089,0.0691776050448998,0.000258983196275625,0.00371169297902737,0.00477756705853086
"441",2021-03-16,"Melilla","ESML",86487,44,0,7550,76,5831.19461787871,5673.56561971588,5993.20303151449,9.95594984529544,330.969140522436,330.969140522436,0.0674227874464221,0.0656002129767004,0.0692959986068946,0.000115114986590996,0.00382680796561837,0.00382680796561837
"442",2021-03-17,"Melilla","ESML",86487,30,1,7580,77,5906.06016347925,5748.32573538535,6068.12283443054,74.8655456005445,405.83468612298,405.83468612298,0.0682884151777637,0.0664646216817019,0.0701622536847219,0.000865627731341641,0.00469243569696001,0.00469243569696001
"443",2021-03-18,"Melilla","ESML",86487,26,0,7606,77,5900.25076029836,5742.66449263644,6062.16140243618,0,405.83468612298,405.83468612298,0.0682212443523114,0.0663991639510729,0.0700933250365509,0,0.00469243569696001,0.00469243569696001
"444",2021-03-19,"Melilla","ESML",86487,21,0,7627,77,5890.23486332034,5732.9091854159,6051.87795985598,0,403.098658085955,405.83468612298,0.0681054362311138,0.0662863688810561,0.0699744234376957,0,0.00466080056061553,0.00469243569696001
"445",2021-03-20,"Melilla","ESML",86487,21,0,7648,77,5880.37783537588,5723.30858817153,6041.7576571434,0,271.165711432469,405.83468612298,0.0679914650222101,0.0661753626345177,0.0698574081323598,0,0.00313533492238682,0.00469243569696001
"446",2021-03-21,"Melilla","ESML",86487,15,1,7663,78,5942.62796140418,5785.77714692181,6103.73095798396,0,268.525650969421,405.83468612298,0.0687112278308205,0.0668976510564803,0.0705739701687416,0,0.00310480940452809,0.00469243569696001
"447",2021-03-22,"Melilla","ESML",86487,39,0,7702,78,5947.85358761826,5790.85825069066,6109.10520828654,31.044190620757,292.156134437027,436.878876743737,0.0687716487751716,0.06695640096998,0.0706361095689126,0.000358946322808712,0.00337803524734384,0.00505138201976872
"448",2021-03-23,"Melilla","ESML",86487,23,0,7725,78,5941.33666391654,5784.50701950498,6102.41827609014,4.23230981652978,289.960243980972,441.111186560267,0.0686962972922698,0.0668829652954199,0.0705587923744625,4.89357916973624e-05,0.00335264541469784,0.00510031781146608
"449",2021-03-24,"Melilla","ESML",86487,22,0,7747,78,5934.3852203981,5777.73280394271,6095.28497407278,0,289.960243980972,441.111186560267,0.0686159217038179,0.0668046388930441,0.0704763140596018,0,0.00335264541469784,0.00510031781146608
"450",2021-03-25,"Melilla","ESML",86487,17,0,7764,78,5924.00115422984,5767.61685300494,6084.62569025065,0,289.960243980972,438.375158523242,0.0684958566516337,0.0666876739048058,0.0703530668221889,0,0.00335264541469784,0.0050686826751216
"451",2021-03-26,"Melilla","ESML",86487,16,1,7780,79,5989.22091239577,5832.96414866114,6149.66357125861,23.5972952740967,166.093970853513,330.039507143852,0.0692499556279646,0.0674432475246122,0.071105062856367,0.000272842106606735,0.00192045013532107,0.00381605914349963
"452",2021-03-27,"Melilla","ESML",86487,3,0,7783,79,5969.25113629089,5813.50962898322,6129.164893865,4.31717710025714,148.012468257481,331.716623781062,0.0690190564627157,0.0672183059764268,0.0708680483062773,4.99170638391566e-05,0.0017113840028846,0.00383545068948006
"453",2021-03-28,"Melilla","ESML",86487,2,0,7785,79,5949.56548520804,5794.33210470433,6108.95765433261,0,138.056518412185,324.30291662791,0.0687914424735282,0.0669965671685263,0.0706344034864501,0,0.00159626901629361,0.00374973020948709
"454",2021-03-29,"Melilla","ESML",86487,0,0,7785,79,5929.74837195729,5775.02702462442,6088.61492851922,0,63.1909728116407,317.874716355326,0.0685623084620497,0.0667733535054334,0.0703991921158003,0,0.000730641284951966,0.00367540458514373
