"","date","p_cases_infected","p_cases_recent","p_cases_active","p_cases_daily","p_cases_infected_smooth","p_cases_infected_smooth_low","p_cases_infected_smooth_high","p_cases_recent_smooth","p_cases_recent_smooth_low","p_cases_recent_smooth_high","p_cases_active_smooth","p_cases_active_smooth_low","p_cases_active_smooth_high"
"1",2020-03-23,0.142857142857143,0,0,0,0.0409140884657219,0.0372084680032497,0.0446197089281941,229.467241209122,-786.411999330283,1245.34648174853,0.00388888209427657,-0.0175068342787174,0.0252845984672706
"2",2020-03-24,0.142857142857143,0,0,0,0.0409141717344211,0.0372085895556068,0.0446197539132355,201.078428465208,-677.535506345545,1079.69236327596,0.00392864526366133,-0.017403035357811,0.0252603258851336
"3",2020-03-25,0.142857142857143,0,0,0,0.0409142554700895,0.0372087108323792,0.0446198001077997,176.201771464145,-583.562070556912,935.965613485203,0.00396881500480661,-0.0172952855715392,0.0252329155811524
"4",2020-03-26,0.105263157894737,0,0,0,0.0409143398218409,0.0372088320988514,0.0446198475448304,154.402759679789,-502.470617339695,811.276136699273,0.00400939547484069,-0.0171835150849513,0.0252023060346326
"5",2020-03-27,0.105263157894737,0,0,0,0.0409144249387908,0.0372089536163946,0.044619896261187,135.30063857267,-432.512050291586,703.113327436926,0.00405039087339782,-0.0170676530548036,0.0251684348015993
"6",2020-03-28,0.105263157894737,0,0,0,0.0409145109700556,0.0372090756427887,0.0446199462973226,118.561759104158,-372.172888911502,609.296407119818,0.0040918054430528,-0.0169476276167564,0.025131238502862
"7",2020-03-29,0.105263157894737,0,0,0,0.0409145980647533,0.0372091984324852,0.0446199976970214,103.893750023378,-320.143740683657,527.931240730413,0.00413364346976003,-0.0168233658724587,0.0250906528119788
"8",2020-03-30,0.105263157894737,0,0,0,0.0409146863720031,0.0372093222368124,0.0446200505071937,91.0404111365919,-275.291967928553,457.372790201737,0.00417590928329708,-0.0166947938765291,0.0250466124431233
"9",2020-03-31,0.0752941176470588,0,0,0,0.0409147760409255,0.0372094473041217,0.0446201047777293,79.7772383618331,-236.637994055907,396.192470779573,0.00421860725771278,-0.0165618366234334,0.024999051138859
"10",2020-04-01,0.0752941176470588,0,0,0,0.0409148672206427,0.0372095738798757,0.0446201605614096,69.9075024067269,-203.334767066063,343.149771879517,0.00426174181177989,-0.0164244180342667,0.0249479016578265
"11",2020-04-02,0.0752941176470588,0,0,0,0.0409149600602781,0.0372097022066782,0.0446202179138779,61.2588125773555,-174.649961743263,297.167586897974,0.00430531740945237,-0.016282460943446,0.0248930957623507
"12",2020-04-03,0.0752941176470588,0,0,0,0.0409150547089568,0.037209832524246,0.0446202768936676,53.6801056995916,-149.95055722476,257.310768623943,0.00434933856032736,-0.0161358870853194,0.0248345642059741
"13",2020-04-04,0.0752941176470588,0,0,0,0.0409151513158055,0.0372099650693213,0.0446203375622897,47.0390075596161,-128.689474608377,222.76748972761,0.00439380982011188,-0.015984617080702,0.0247722367209258
"14",2020-04-05,0.0752941176470588,0,0,0,0.0409152500299526,0.0372101000755271,0.044620399984378,41.2195207769581,-110.394000929049,192.833042482966,0.0044387357910943,-0.0158285704233469,0.0247060420055355
"15",2020-04-06,0.0752941176470588,0,0,0,0.0409153510005281,0.0372102377731634,0.0446204642278927,36.1199987250739,-94.6557620192468,166.895759469395,0.00448412112262061,-0.0156676654663626,0.0246359077116038
"16",2020-04-07,0.0752941176470588,0,0,0,0.040915454376664,0.037210378388945,0.0446205303643829,31.6513701107522,-81.1220381881431,144.424778409648,0.00452997051157559,-0.0155018194085912,0.0245617604317424
"17",2020-04-08,0.08,0,0,0,0.0409155603074941,0.0372105221456814,0.0446205984693068,27.7355832017896,-69.4882439348058,124.959410338385,0.00457628870286888,-0.0153309482809603,0.0244835256866981
"18",2020-04-09,0.08,0,0,0,0.0409156689421543,0.0372106692618977,0.044620668622411,24.3042425288903,-59.4914165950926,108.099901652873,0.00462308048992602,-0.0151549669328273,0.0244011279126794
"19",2020-04-10,0.08,0,0,0,0.0409157804297826,0.0372108199513973,0.0446207409081679,21.297414249613,-50.9045793824372,93.4994078816631,0.00467035071518455,-0.0149737890183354,0.0243144904487045
"20",2020-04-11,0.0138549307253464,0,0,0,0.0409158949195191,0.0372109744227666,0.0446208154162716,18.6625793081373,-43.5318621297961,80.8570207460707,0.00471810427059509,-0.0147873269828044,0.0242235355239946
"21",2020-04-12,0.00458190148911798,0,0,0,0.0409160125605062,0.0372111328788204,0.044620892242192,16.3537161061157,-37.2042785304036,69.911710742635,0.00476634609812767,-0.0145954920491827,0.024128184245438
"22",2020-04-13,0.00458190148911798,0,0,0,0.0409161335018889,0.0372112955159895,0.0446209714877882,14.3304966619923,-31.7760721185853,60.43706544257,0.00481508119028311,-0.0143981942045908,0.024028356585157
"23",2020-04-14,0.00458190148911798,0,0,0,0.0409162578928145,0.0372114625236496,0.0446210532619795,12.5575822184277,-27.1215548980817,52.2367193349371,0.00486431459060974,-0.0141953421869931,0.0239239713682126
"24",2020-04-15,0.00458190148911798,0,0,0,0.0409163858824332,0.0372116340833913,0.0446211376814751,11.0040059944892,-23.1323726481404,45.1403846371189,0.00491405139422532,-0.0139868434720372,0.0238149462604878
"25",2020-04-16,0.00959616153538585,0,0,0,0.0409165176198978,0.0372118103682328,0.0446212248715628,9.64263230138866,-19.7151397203858,39.0004043231632,0.00496429674834432,-0.0137726042601094,0.023701197756798
"26",2020-04-17,0.0106426524764634,0,0,0,0.0409166532543641,0.0372119915417722,0.044621314966956,8.44968257435958,-16.789393758793,33.6887589075122,0.00501505585281065,-0.0135525294636626,0.0235826411692839
"27",2020-04-18,0.0122110771914522,0,0,0,0.040916792934991,0.0372121777572833,0.0446214081126987,7.40432004206503,-14.2858273844391,29.0944674685692,0.00506633396063573,-0.0133265226948798,0.0234591906161513
"28",2020-04-19,0.0122110771914522,0,0,0,0.0409169368109405,0.0372123691567507,0.0446215044651304,6.48828577912365,-12.1447596193449,25.1213311775922,0.00511813637854215,-0.0130944862537493,0.0233307590108336
"29",2020-04-20,0.0141267123287671,0,0,0,0.0409170850313781,0.0372125658698484,0.0446216041929079,5.68557978483021,-10.3148147954284,21.6859743650888,0.00517046846751285,-0.0128563211166403,0.023197258051666
"30",2020-04-21,0.0141267123287671,0,0,0,0.0409172377723459,0.0372127680604419,0.0446217074842498,4.98218151760203,-8.75178100590482,18.7161440411089,0.00522333564334594,-0.0126119269254822,0.0230585982121741
"31",2020-04-22,0.0141267123287671,0,0,0,0.040917396158621,0.0372129775576681,0.0446218147595739,4.36580500383859,-7.41762389468673,16.1492339023639,0.00527674337721514,-0.012361201977669,0.0229146887320993
"32",2020-04-23,0.0160676532769556,0,0,0,0.040917562494631,0.037213198262853,0.0446219267264091,3.82568424378002,-6.27963482028535,13.9310033078454,0.00533069719623601,-0.012104043216833,0.0227654376093051
"33",2020-04-24,0.0160676532769556,0,0,0,0.0409177391585853,0.0372134341879324,0.0446220441292382,3.35238516613504,-5.30969524021143,12.0144655724815,0.00538520268403796,-0.0118403462246582,0.0226107515927341
"34",2020-04-25,0.0160676532769556,0,0,0,0.0409179285287409,0.0372136893187626,0.0446221677387192,2.93764084696597,-4.48364159706978,10.3589232910017,0.00544026548134204,-0.0115700052139334,0.0224505361766175
"35",2020-04-26,0.0160676532769556,0,0,0,0.0409181329834096,0.0372139676059041,0.0446222983609151,2.57420711466522,-3.78071709805083,8.92913132738127,0.00549589128654478,-0.0112929130230877,0.0222846955961773
"36",2020-04-27,0.0160676532769556,0,0,0,0.0409183549009658,0.0372142729523007,0.0446224368496309,2.25573601893403,-3.18309860841173,7.69457064627979,0.00555208585630783,-0.0110089611124926,0.0221131328251083
"37",2020-04-28,0.0197575213291423,0,0,0,0.0409185966598558,0.0372146091978502,0.0446225841218615,1.97666495369705,-2.67548846418441,6.62881837157851,0.00560885500615374,-0.0107180395628763,0.0219357495751838
"38",2020-04-29,0.0197575213291423,0,0,0,0.0409188606386089,0.0372149801008665,0.0446227411763513,1.73211949730738,-2.24476238219339,5.70900137680816,0.00566620461106784,-0.0104200370762642,0.0217524462983999
"39",2020-04-30,0.0197575213291423,0,0,0,0.0409191492158496,0.037215389316427,0.0446229091152721,1.51782827299128,-1.87966583466319,4.91532238064575,0.00572414060610615,-0.0101148409799459,0.0215631221921582
"40",2020-05-01,0.0229885057471264,0,0,0,0.0409194647703108,0.0372158403716023,0.0446230891690193,1.33004834243422,-1.57055228567027,4.23064897053872,0.00578266898700968,-0.00980233723407657,0.0213676752080959
"41",2020-05-02,0.0229885057471264,0,0,0,0.0409198096808495,0.0372163366375635,0.0446232827241356,1.16549982938827,-1.30915757864603,3.64015723742257,0.0058417958108249,-0.00948241044365464,0.0211660020653044
"42",2020-05-03,0.0229885057471264,0,0,0,0.0409201863264627,0.0372168812985592,0.0446234913543661,1.02130863139756,-1.08840553644951,3.13102279924462,0.00590152719653054,-0.00915494387578495,0.020957998268846
"43",2020-05-04,0.0229885057471264,0,0,0,0.040920597086305,0.0372174773177574,0.0446237168548526,0.89495621901088,-0.902240504153486,2.69215294217524,0.00596186932567089,-0.00881981948334708,0.0207435581346889
"44",2020-05-05,0.0229885057471264,0,0,0,0.0409210443397083,0.0372181273999422,0.0446239612794745,0.784235645644388,-0.745483143460444,2.31395443474922,0.00602282844299547,-0.00847691793645697,0.0205225748224479
"45",2020-05-06,0.0244252873563218,0,0,0,0.0409215304662019,0.037218833951059,0.0446242269813449,0.687212999736463,-0.613706288582853,1.98813228805578,0.00608441085710532,-0.00812611866345136,0.020294940377662
"46",2020-05-07,0.0244252873563218,0,0,0,0.0409220578455344,0.0372195990345971,0.0446245166564717,0.602193625895112,-0.503128106892283,1.70751535868251,0.00614662294110591,-0.00776729990356298,0.0200605457857748
"47",2020-05-08,0.0244252873563218,0,0,0,0.0409226288576973,0.0372204243248033,0.0446248333905913,0.527692525036297,-0.410520182684618,1.46590523275721,0.00620947113326661,-0.00740033877402285,0.0198192810405561
"48",2020-05-09,0.0244252873563218,0,0,0,0.0409232458829493,0.0372213110567141,0.0446251807091845,0.462408416504368,-0.333128466847254,1.25794529985599,0.00627296193768705,-0.00702511135506636,0.0195710352304405
"49",2020-05-10,0.0244252873563218,0,0,0,0.0409239113018427,0.0372222599730036,0.0446255626306817,0.405201009128128,-0.268605315829166,1.07900733408542,0.00633710192497016,-0.00664149279729312,0.0193156966472334
"50",2020-05-11,0.0244252873563218,0,0,0,0.0409246274952506,0.0372232712676364,0.0446259837228647,0.355071084215229,-0.214951085983902,0.92509325441436,0.0064018977329022,-0.00624935745712126,0.0190531529229257
"51",2020-05-12,0.0244252873563218,0,0,0,0.0409253968443958,0.0372243445263248,0.0446264491624668,0.311143042602621,-0.170463959173208,0.79275004437845,0.00646735606713967,-0.00584857906780326,0.0187832912020826
"52",2020-05-13,0.0244252873563218,0,0,0,0.0409262217308811,0.0372254786637901,0.0446269647979722,0.272649610919413,-0.133696856899437,0.678996078738263,0.00653348370190332,-0.00543903095580279,0.0185059983596094
"53",2020-05-14,0.0244252873563218,0,0,0,0.0409271045367209,0.037226671857832,0.0446275372156098,0.238918439932622,-0.10342045700349,0.581257336868735,0.00660028748067914,-0.00502058631551601,0.0182211612768743
"54",2020-05-15,0.0244252873563218,0,0,0,0.0409280476443741,0.0372279214802194,0.0446281738085289,0.209360360894516,-0.0785914624357019,0.497312184224735,0.00666777431692666,-0.00459311855971543,0.0179286671935687
"55",2020-05-16,0.0244252873563218,0,0,0,0.0409290534367785,0.0372292240244204,0.0446288828491365,0.183459094769928,-0.0583253886508215,0.425243578190677,0.00673595119479435,-0.00415650176923336,0.0176284041588221
"56",2020-05-17,0.0244252873563218,0,0,0,0.0409301242973865,0.037230575030205,0.0446296735645681,0.160762234598741,-0.0418732372818196,0.363397706479302,0.00680482516984241,-0.00371061127408802,0.0173202616137728
"57",2020-05-18,0.0244252873563218,0,0,0,0.0409312626102026,0.0372319690051601,0.0446305562152451,0.140873343486141,-0.0286015110647043,0.310348198036987,0.006874403369773,-0.00325532441071844,0.0170041311502644
"58",2020-05-19,0.0244252873563218,0,0,0,0.0409324707598215,0.0372333993431796,0.0446315421764633,0.123445030199399,-0.0179751003834376,0.264865160782235,0.00694469299516784,-0.00279052151814515,0.0166799075084808
"59",2020-05-20,0.0244252873563218,0,0,0,0.0409337903584463,0.0372349163855332,0.0446326643313594,0.108172881425432,-0.00954263689651014,0.225888399747373,0.00701570132023341,-0.00231608726274675,0.0163474899032136
"60",2020-05-21,0.0244252873563218,0,0,0,0.0409355238156591,0.0372369563677792,0.0446340912635391,0.0947901447063479,-0.00292396589514871,0.192504255307844,0.00708743569355365,-0.00183191242184121,0.0160067838089485
"61",2020-05-22,0.0244252873563218,0,0,0,0.0409380799955621,0.0372401140060519,0.0446360459850724,0.0830630691819395,0.00220056245811613,0.163925575905763,0.00715990353885066,-0.00133789631849711,0.0156577033961984
"62",2020-05-23,0.0244252873563218,0,0,0,0.0409418682154998,0.0372449854785908,0.0446387509524088,0.072786822757763,0.00609924099762256,0.139474404517903,0.0072331123557528,-0.000833950197710751,0.0153001749092164
"63",2020-05-24,0.0244252873563218,0,0,0,0.0409472980349575,0.0372521676110481,0.0446424284588668,0.0637819143856287,0.00899681436692212,0.118567014404335,0.00730706972057084,-0.000320001991163318,0.014934141432305
"64",2020-05-25,0.0354656891973539,0,0,0,0.0409547793992344,0.0372622572674933,0.0446473015309754,0.0558910589659142,0.0110811393684645,0.100700978563364,0.00738178328708212,0.000203996823003774,0.0145595697511605
"65",2020-05-26,0.0354656891973539,0,0,0,0.0409647228241681,0.0372758504762971,0.0446535951720391,0.0489764301122191,0.0125088603805894,0.0854439998438488,0.00745726078732258,0.000738061118464772,0.0141764604561804
"66",2020-05-27,0.0354656891973539,0,0,0,0.0409775396220393,0.0372935412781355,0.044661537965943,0.0429172527935095,0.0134102398157186,0.0724242657713004,0.00753351003238686,0.00128215685663074,0.013784863208143
"67",2020-05-28,0.0354656891973539,0,0,0,0.0409936421688423,0.0373159202745378,0.0446713640631469,0.037607693805402,0.0138932628662391,0.0613221247445648,0.00761053891323682,0.00183617733042519,0.0133849004960484
"68",2020-05-29,0.0354656891973539,0,0,0,0.0410134442131783,0.0373435728442644,0.0446833155820921,0.0329550132243031,0.0140471170977693,0.0518629093508368,0.00768835540151804,0.00239990490774647,0.0129768058952896
"69",2020-05-30,0.0354656891973539,0,0,0,0.0410373612271051,0.0373770769811384,0.0446976454730718,0.0288779445566001,0.0139451296763797,0.0438107594368205,0.00776696755038485,0.00297294692582445,0.0125609881749453
"70",2020-05-31,0.0349549668733285,0,0,0,0.041065810799376,0.0374170006904743,0.0447146209082777,0.0253052752896204,0.0136472261408705,0.0369633244383703,0.00784638349533377,0.00355462313290912,0.0121381438577584
"71",2020-06-01,0.035400963260867,0,0,0,0.041099213071599,0.037463898861621,0.0447345272815771,0.0221746030514182,0.0132019503181845,0.0311472557846519,0.00792661145504535,0.00414375678938497,0.0117094661207057
"72",2020-06-02,0.0400751842979665,0,0,0,0.0411379912179706,0.0375183095109816,0.0447576729249595,0.0194312456537336,0.0126480445678714,0.0262144467395959,0.00800765973223482,0.0047382603827733,0.0112770590816963
"73",2020-06-03,0.0400751842979665,0,0,0,0.0411825719693639,0.0375807492628415,0.0447843946758862,0.0170272859802824,0.0120155039550016,0.0220390680055632,0.00808953671451129,0.00533424601132197,0.0108448274177006
"74",2020-06-04,0.0400751842979665,0,0,0,0.0412333861826986,0.0376517079042122,0.044815064461185,0.0149207350378288,0.0113258009202268,0.0185156691554307,0.00817225087524576,0.00592392742884132,0.0104205743216502
"75",2020-06-05,0.0377652105909274,0,0.00204689775685906,0,0.0412908694566737,0.0377316418147829,0.0448500970985645,0.0130747985513895,0.0105903610549689,0.0155592360478101,0.00825226516472807,0.006485148968854,0.0100193813606021
"76",2020-06-06,0.0409980069809378,0.0108268156424581,0.0122055083654837,0.00154668794892259,0.0413554627951155,0.037820966034723,0.0448899595555081,0.0114597575121165,0.00980462881788509,0.013114886206348,0.00826287822283742,0.00689208184234307,0.00963367460333177
"77",2020-06-07,0.0406432301551224,0.0101652242328875,0.0106608801414138,0.0014521748904125,0.0414276133193827,0.0379200446934411,0.0449351819453244,0.0100892376578649,0.00895649565998798,0.0112219796557419,0.0081845716400027,0.0070887317534339,0.00928041152657151
"78",2020-06-08,0.050198278145342,0.0097632241813602,0.0097632241813602,0.00139474631162289,0.0415077750314657,0.0380291794854328,0.0449863705774986,0.0089366194438529,0.00806885802123923,0.00980438086646657,0.00802711162447445,0.00707896060680371,0.00897526264214519
"79",2020-06-09,0.0458130491246584,0.00835885270649127,0.00874998200621204,0.00119412181521304,0.0415964096296413,0.0381485958523108,0.0450442234069719,0.00796331415695934,0.0071934053700212,0.00873322294389747,0.00780213960429685,0.00690292493859168,0.00870135427000202
"80",2020-06-10,0.0416637252946921,0.00659850754621331,0.0061811912532722,0.000942643935173329,0.0416939873787759,0.0382784265253869,0.0451095482321649,0.00713828348726651,0.00639266037897778,0.00788390659555525,0.00752231506546764,0.00662349675214838,0.00842113337878689
"81",2020-06-11,0.0443915300631009,0.00680156235406947,0.00642156477165928,0.000971651764867068,0.0418009880376233,0.0384186921207897,0.045183283954457,0.00643645556717785,0.00569940919770466,0.00717350193665105,0.00720053940243526,0.00629421253643717,0.00810686626843335
"82",2020-06-12,0.0495452095464475,0.00581894742309234,0.00722969990918912,0.000831278203298906,0.0419179018457409,0.0385692785896937,0.0452665251017881,0.00583749452593714,0.0051151732927593,0.00655981575911497,0.00684930606517154,0.00594758718644418,0.00775102494389889
"83",2020-06-13,0.0440484871823985,0.00563134674359636,0.00688382764434211,0.000804478106228052,0.0420452305729381,0.0387299115539277,0.0453605495919485,0.00532484056036169,0.00462748545727534,0.00602219566344804,0.00648020085252136,0.00560029617846923,0.00736010552657348
"84",2020-06-14,0.0440484871823985,0.00563134674359636,0.00688382764434211,0.000804478106228052,0.0421834886344921,0.0389001279606178,0.0454668493083664,0.00488495791369166,0.00422054920704844,0.00554936662033489,0.00610355740103776,0.00525993973839926,0.00694717506367626
"85",2020-06-15,0.0448337472979066,0.00473539001755706,0.0055109622867849,0.000676484288222437,0.0423332042757076,0.0390792461370998,0.0455871624143153,0.00450674333388146,0.00387934641159369,0.00513414025616923,0.00572825830532959,0.00492936657888068,0.0065271500317785
"86",2020-06-16,0.0432969862891171,0.00458474987858184,0.00522927130759779,0.000654964268368834,0.0424949208297644,0.0392663362809545,0.0457235053785743,0.00418105893110796,0.00359086147898678,0.00477125638322914,0.00536166244695,0.00460917757279347,0.00611414732110654
"87",2020-06-17,0.0431070144076648,0.00272017124430112,0.0033177823155979,0.000388595892043018,0.0426691953758705,0.0394601918199883,0.0458781989317528,0.00390036187465408,0.00334428415494035,0.00445643959436781,0.00500963379734686,0.00429929123801758,0.00571997635667614
"88",2020-06-18,0.0431070144076648,0.00272017124430112,0.0033177823155979,0.000388595892043018,0.0428562774092492,0.0396589951850604,0.0460535596334379,0.00365840979325175,0.00313091848952694,0.00418590109697656,0.00467664548392217,0.00400001561456831,0.00535327535327602
"89",2020-06-19,0.0427712391866635,0.00274089635854342,0.00333459065373042,0.00039155662264906,0.0430557947457952,0.0398601914602502,0.0462513980313403,0.00345002560638671,0.00294404496571177,0.00395600624706164,0.00436593430740204,0.00371269912288037,0.00501916949192371
"90",2020-06-20,0.0441822232455091,0.00271184092011363,0.0032739480098885,0.000387405845730518,0.0432673031004787,0.0400612899434939,0.0464733162574635,0.00327090921122329,0.00277877396771981,0.00376304445472677,0.00407968417722009,0.00343985502286709,0.00471951333157309
"91",2020-06-21,0.0441822232455091,0.00271184092011363,0.0032739480098885,0.000387405845730518,0.0434903565754625,0.0402600536782486,0.0467206594726763,0.00311748627190893,0.00263184429693168,0.00360312824688618,0.00381922120074927,0.00318475911289772,0.00445368328860082
"92",2020-06-22,0.0436690660426175,0.00268840838530648,0.00322987499895243,0.000384058340758069,0.0437245062092892,0.0404546014002102,0.0469944110183683,0.00298678652103076,0.00250132840852014,0.00347224463354138,0.00358520772052496,0.00295078065315661,0.00421963478789331
"93",2020-06-23,0.0436690660426175,0.00268840838530648,0.00322987499895243,0.000384058340758069,0.0439692985783689,0.0406434912343386,0.0472951059223991,0.00287634564774055,0.00238627121267636,0.00336642008280474,0.0033778269534501,0.00274080744822378,0.00401484645867641
"94",2020-06-24,0.0430780626730809,0.00268652618573684,0.00322639519232376,0.000383789455105263,0.0442242744498573,0.040825773787708,0.0476227751120067,0.00278412613376869,0.00228634035843485,0.00328191190910253,0.00319695376326934,0.00255696935472649,0.00383693817181218
"95",2020-06-25,0.043587872158143,0.00268652618573684,0.00322639519232376,0.000383789455105263,0.0444889674855026,0.0410010073993829,0.0479769275716224,0.00270845339746571,0.00220155700433848,0.00321534979059295,0.00304231038089889,0.00240064946773055,0.00368397129406722
"96",2020-06-26,0.043587872158143,0.00268652618573684,0.00322639519232376,0.000383789455105263,0.0447629029965021,0.0411692355665868,0.0483565704264173,0.00264796438516478,0.00213212838604852,0.00316380038428104,0.00291360859985864,0.0022726690038948,0.00355454819582248
"97",2020-06-27,0.0431889640170774,0.00267715458276334,0.00321860672835454,0.000382450654680477,0.0450455967498609,0.0413309334933351,0.0487602600063867,0.00260156636003628,0.00207836206905278,0.00312477065101979,0.00281068223947327,0.00217353521620271,0.00344782926274384
"98",2020-06-28,0.0431889640170774,0.00267715458276334,0.00321860672835454,0.000382450654680477,0.045336553827178,0.0414869350997519,0.0491861725546041,0.00256840412034766,0.00204062498350289,0.00309618325719243,0.00273319974080129,0.00210316655195165,0.00336323292965093
"99",2020-06-29,0.0431889640170774,0.00267715458276334,0.00321860672835454,0.000382450654680477,0.0456352675371959,0.0416383527796228,0.049632182294769,0.00254767400705607,0.00201898756662164,0.0030763604474905,0.00267830158640467,0.00205804353894692,0.00329855963386243
"100",2020-06-30,0.0431889640170774,0.00267715458276334,0.00321860672835454,0.000382450654680477,0.0459412183838553,0.041786500244581,0.0500959365231296,0.00253787618507219,0.00201172416738424,0.00306402820276013,0.00264250740464125,0.00203367760512368,0.00325133720415881
"101",2020-07-01,0.0430145604306614,0.00267840035036816,0.00321458371558617,0.000382628621481166,0.0462538730919709,0.0419328253191479,0.050574920864794,0.00253737303068554,0.00201649946654936,0.00305824659482173,0.00262289448015612,0.00202612215905973,0.0032196668012525
"102",2020-07-02,0.0416421207950924,0.00268151984763158,0.00323329612449033,0.000383074263947368,0.0465726836930148,0.0420788559373157,0.0510665114487139,0.00254464211457686,0.00203096307759568,0.00305832115155804,0.0026169326298729,0.00203177895254303,0.00320208630720277
"103",2020-07-03,0.0416421207950924,0.0032267351699498,0.00381930169892096,0.000460962167135685,0.0468970866738326,0.042226159726423,0.0515680136212421,0.00255822530730414,0.0020527039091076,0.00306374670550068,0.00262234983087578,0.00204724496253322,0.00319745469921835
"104",2020-07-04,0.0393707756478336,0.00261988272778388,0.00261988272778388,0.000374268961111982,0.0472265021914497,0.042376315753135,0.0520766886297644,0.00257668748178318,0.0020792177173157,0.00307415724625067,0.00263702544427841,0.00206922488202103,0.00320482600653579
"105",2020-07-05,0.0434807843585219,0.00269029322409029,0.00269029322409029,0.00038432760344147,0.0475603333574251,0.042530896148797,0.0525897705660531,0.00259858404601045,0.00210791062027894,0.00308925747174196,0.00265890527288931,0.00209452244012799,0.00322328810565062
"106",2020-07-06,0.0449652866869166,0.00275401069518717,0.00275401069518717,0.000393430099312452,0.0478979655954936,0.0426914551506829,0.0531044760403043,0.002622436849078,0.00213615627699911,0.00310871742115688,0.00268593505806144,0.00212011190028797,0.0032517582158349
"107",2020-07-07,0.0453915861593818,0.00275401069518717,0.00275401069518717,0.000393430099312452,0.0482387660764966,0.0428595233039958,0.0536180088489973,0.00264671846727043,0.00216141321387238,0.00313202372066847,0.00271601080381022,0.00214326768194128,0.00328875392567915
"108",2020-07-08,0.0452904317072444,0.00270546761595355,0.00270546761595355,0.00038649537370765,0.0485820832348302,0.0430366049454457,0.0541275615242147,0.00266984520212189,0.00218138662126301,0.00315830378298077,0.00274694564741315,0.0021617033744706,0.0033321879203557
"109",2020-07-09,0.0452358877088156,0.0027041965482458,0.0027041965482458,0.000386313792606542,0.0489272463708445,0.0432241774925521,0.0546303152491368,0.00269017930839146,0.00219419212519051,0.00318616649159241,0.00277645393577006,0.00217366141903684,0.00337924645250328
"110",2020-07-10,0.0451782270176302,0.002771915411963,0.002771915411963,0.000395987915994715,0.0492735653437979,0.0434236914195144,0.0551234392680815,0.00270604100839736,0.00219846609404102,0.00321361592275369,0.00280215372479351,0.00217791544698474,0.00342639200260227
"111",2020-07-11,0.0451782270176302,0.002771915411963,0.002771915411963,0.000395987915994715,0.0496203303601105,0.0436365700801802,0.0556040906400408,0.00271573072783597,0.00219338404972519,0.00323807740594674,0.00282158907040681,0.00217368744794268,0.00346949069287093
"112",2020-07-12,0.0451782270176302,0.002771915411963,0.002771915411963,0.000395987915994715,0.0499668118617608,0.0438642087349853,0.0560694149885362,0.00271756169631709,0.002178588208492,0.00325653518414217,0.00283227318389393,0.00216051302278006,0.00350403334500781
"113",2020-07-13,0.0451782270176302,0.002771915411963,0.002771915411963,0.000395987915994715,0.0503122605197355,0.0441079722554339,0.0565165487840371,0.00270990258948601,0.0021540588089347,0.00326574637003732,0.00283175274447563,0.00213809307778431,0.00352541241116695
"114",2020-07-14,0.0451782270176302,0.002771915411963,0.002771915411963,0.000395987915994715,0.0506559073374634,0.0443691910218189,0.0569426236531079,0.00269122925748753,0.00211997143147743,0.00326248708349763,0.0028176923862745,0.00210615654921593,0.00352922822333307
"115",2020-07-15,0.0451782270176302,0.002771915411963,0.002771915411963,0.000395987915994715,0.0509969638691412,0.0446491544983035,0.057344773239979,0.00266018381336183,0.00207656863227014,0.00324379899445352,0.00278797664109306,0.00206434287075761,0.00351161041142851
"116",2020-07-16,0.0451782270176302,0.002771915411963,0.002771915411963,0.000395987915994715,0.0513346533278674,0.0449489971876916,0.0577203094680431,0.00261563849370595,0.00202405609359158,0.00320722089382033,0.00274082452685743,0.00201210521327621,0.00346954384043866
"117",2020-07-17,0.0451782270176302,0.002771915411963,0.002771915411963,0.000395987915994715,0.0516685411051543,0.0452685622599016,0.0580685199504069,0.0025567608258674,0.00196252272549077,0.00315099892624403,0.00267490971139856,0.00194863753357289,0.00340118188922423
"118",2020-07-18,0.0451782270176302,0.002771915411963,0.002771915411963,0.000395987915994715,0.0519984182365946,0.0456067900456692,0.05839004642752,0.0024830758374241,0.0018918825696386,0.00307426910520961,0.00258947702585278,0.00187283819353517,0.00330611585817039
"119",2020-07-19,0.0451782270176302,0.002771915411963,0.002771915411963,0.000395987915994715,0.0523240777316672,0.0459624846839409,0.0586856707793935,0.00239452043862671,0.00181184133355036,0.00297719954370306,0.00248444439714227,0.00178333873799526,0.00318555005628928
"120",2020-07-20,0.0451782270176302,0.002771915411963,0.002771915411963,0.000395987915994715,0.0526453108891458,0.0463343329075613,0.0589562888707304,0.00229148481778148,0.00172189951945984,0.00286107011610312,0.00236050758709522,0.00167866156341594,0.00304235361077451
"121",2020-07-21,0.0473793483073401,0.00243672822556603,0.00243672822556603,0.000348104032223719,0.0529619074394581,0.0467209071655091,0.0592029077134071,0.00217490394377063,0.00162145296431608,0.00272835492322518,0.00222064794951271,0.00155843160997303,0.00288286428905239
"122",2020-07-22,0.0625699381785888,0.00135062463804087,0.00135062463804087,0.000192946376862981,0.0532736556930156,0.047120666586656,0.0594266447993753,0.00204756893451081,0.00151077247437436,0.00258436539464725,0.002070299103775,0.0014245737612546,0.00271602444629541
"123",2020-07-23,0.0632732747219965,0.00135062463804087,0.00135062463804087,0.000192946376862981,0.0535803426944871,0.0475319561664122,0.059628729222562,0.00191359406516073,0.00139144015172562,0.00243574797859584,0.00191462041478957,0.00128057968009505,0.00254866114948409
"124",2020-07-24,0.0630023270198636,0.00134730847793344,0.00134730847793344,0.000192472639704777,0.0538817543829718,0.0479530044782963,0.0598105042876472,0.00177673716585636,0.00126585720026937,0.00228761713144335,0.00175810831636214,0.00113117949809169,0.0023850371346326
"125",2020-07-25,0.0630023270198636,0.00134730847793344,0.00134730847793344,0.000192472639704777,0.0541776757580205,0.0483819201954692,0.0599734313205719,0.00164024190265708,0.00113712899389069,0.00214335481142346,0.00160449757356427,0.000981660999012247,0.00222733414811629
"126",2020-07-26,0.0628024107656917,0.00103806228373702,0.00103806228373702,0.000148294611962432,0.0544678910514386,0.048816687756288,0.0601190943465893,0.00150679169337845,0.00100872718115761,0.00200485620559929,0.00145673359531927,0.000837045231013992,0.00207642195962455
"127",2020-07-27,0.062152287424293,0.000960612642468483,0.000960612642468483,0.000137230377495498,0.054752183904792,0.0492551626359729,0.060249205173611,0.0013785051324395,0.000884034742484513,0.00187297552239448,0.00131700063435809,0.000701445388646743,0.00193255588006944
"128",2020-07-28,0.0618100979646679,0.000865119039466776,0.000865119039466776,0.000123588434209539,0.0550303375525251,0.0496950669152019,0.0603656081898484,0.00125696350445235,0.000765947526293112,0.00174797948261159,0.0011867896508455,0.000577756031579825,0.00179582327011117
"129",2020-07-29,0.0618100979646679,0.000865119039466776,0.000865119039466776,0.000123588434209539,0.055302135010587,0.0501339861943705,0.0604702838268035,0.00114326080763746,0.000656638681304684,0.00162988293397024,0.00106699055904079,0.000467637061479989,0.0016663440566016
"130",2020-07-30,0.0622009763478616,0.000781049637453079,0.000781049637453079,0.000111578519636154,0.0555673592704457,0.0505693694194091,0.0605653491214822,0.00103806747807367,0.000557496231612008,0.00151863872453532,0.000957995798620678,0.000371679808541327,0.00154431178870003
"131",2020-07-31,0.0598792597347926,0.00079108319361466,0.00079108319361466,0.000113011884802094,0.0558257934983608,0.0509985338803322,0.0606530531163894,0.000941700351354012,0.000469185918660741,0.00141421478404728,0.000859805017764419,0.000289649563120432,0.00142996047240841
"132",2020-08-01,0.0623460076062269,0.00079108319361466,0.00079108319361466,0.000113011884802094,0.0560772212397675,0.0514186784998567,0.0607357639796783,0.000854193010213427,0.000391780155904183,0.00131660586452267,0.000772123607132708,0.000220734952354692,0.00132351226191072
"133",2020-08-02,0.0613735830735448,0.000703768645065213,0.000703768645065213,0.000100538377866459,0.0563214266286124,0.0518269094503751,0.0608159438068497,0.000775362304676348,0.000324907298653354,0.00122581731069934,0.000694450528674571,0.000163767918643115,0.00122513313870603
"134",2020-08-03,0.0639473308442898,0.000708396798916854,0.000708396798916854,0.000101199542702408,0.0565581946014664,0.0522202828885509,0.060896106314382,0.000704868330416149,0.000267893549861445,0.00114184311097085,0.000626153140021088,0.000117400272927584,0.00113490600711459
"135",2020-08-04,0.0639473308442898,0.000708396798916854,0.000708396798916854,0.000101199542702408,0.0567873111162268,0.0525958697437231,0.0609787524887306,0.000642266416374887,0.000219884090395948,0.00106464874235383,0.000566528447596379,8.02353256379996e-05,0.00105282156955476
"136",2020-08-05,0.0639473308442898,0.000708396798916854,0.000708396798916854,0.000101199542702408,0.0570085633752044,0.0529508463936511,0.0610662803567577,0.000587050666305714,0.000179939065937652,0.000994162266673777,0.000514851441611845,5.09192625045486e-05,0.000978783620719141
"137",2020-08-06,0.0639473308442898,0.000708396798916854,0.000708396798916854,0.000101199542702408,0.057221740052378,0.0532826119786649,0.0611608681260912,0.000538689324316189,0.000147105052449916,0.000930273596182461,0.000470411940278151,2.81993678474585e-05,0.000912624512708844
"138",2020-08-07,0.0630889312290836,0.000573101446398889,0.000573101446398889,8.18716351998412e-05,0.0574266315245848,0.0535889275934999,0.0612643354556697,0.000496652721836715,0.00012046500287984,0.00087284044079359,0.000432541791620607,1.09565847684117e-05,0.000854126998472802
"139",2020-08-08,0.0604693165379824,0.000573101446398889,0.000573101446398889,8.18716351998412e-05,0.0576230301063973,0.0538680650871481,0.0613779951256464,0.00046043485694611,9.91705241212695e-05,0.00082169918977095,0.000400634448140377,-1.78076819402282e-06,0.000803049664474777
"140",2020-08-09,0.0604693165379824,0.000573101446398889,0.000573101446398889,8.18716351998412e-05,0.0578107302884272,0.0541189455661428,0.0615025150107116,0.000429569805742595,8.24603257863227e-05,0.000776679285698868,0.000374158935019758,-1.08364664931117e-05,0.000759154336532627
"141",2020-08-10,0.059135923164682,0.000463396723304044,0.000463396723304044,6.61995319005777e-05,0.0579895289787787,0.0543412431578181,0.0616378147997393,0.000403644217422857,6.96682200641531e-05,0.000737620214781561,0.000352670157599705,-1.68947304216855e-05,0.000722235045621096
"142",2020-08-11,0.059135923164682,0.000463396723304044,0.000463396723304044,6.61995319005777e-05,0.0581592257473609,0.0545354314419114,0.0617830200528105,0.000382307143707522,6.02233521748844e-05,0.000704390935240159,0.000335817407043003,-2.05145675796248e-05,0.000692149381665631
"143",2020-08-12,0.059135923164682,0.000463396723304044,0.000463396723304044,6.61995319005777e-05,0.0583196230727542,0.0547027593974491,0.0619364867480592,0.000365278224079545,5.3644347614609e-05,0.000676912100544481,0.000323286237821847,-2.21830170054572e-05,0.000668755492649152
"144",2020-08-13,0.059135923164682,0.000463396723304044,0.000463396723304044,6.61995319005777e-05,0.0584705266362314,0.0548451583243427,0.0620958949481201,0.000352231845186343,4.94434773851757e-05,0.00065502021298751,0.000314514483391801,-2.24700221918192e-05,0.000651498988975421
"145",2020-08-14,0.059135923164682,0.000463396723304044,0.000463396723304044,6.61995319005777e-05,0.0586118442754335,0.0549651771112236,0.0622585114396435,0.000342618047737581,4.70088565140264e-05,0.000638227238961136,0.000308961683257105,-2.18816340250838e-05,0.000639805000539293
"146",2020-08-15,0.0601837278208706,0.000431965442764579,0.000431965442764579,6.17093489663684e-05,0.0587437971979464,0.0550658005845691,0.0624217938113238,0.000335956663765884,4.58167440412503e-05,0.000626096583490517,0.000306210485991817,-2.08323671372115e-05,0.000633253339120846
"147",2020-08-16,0.0601837278208706,0.000431965442764579,0.000431965442764579,6.17093489663684e-05,0.0588666740121886,0.0551498546125067,0.0625834934118704,0.000331865656560781,4.5433904070649e-05,0.000618297409050912,0.000305934095563531,-1.96835070606566e-05,0.000631551698187719
"148",2020-08-17,0.0601837278208706,0.000431965442764579,0.000431965442764579,6.17093489663684e-05,0.0589807705911825,0.0552198801338631,0.062741661048502,0.000330036530560203,4.54883820350142e-05,0.000614584679085391,0.000307871161897324,-1.87674548376583e-05,0.000634509778632307
"149",2020-08-18,0.0601837278208706,0.000431965442764579,0.000431965442764579,6.17093489663684e-05,0.0590863895809362,0.0552781186448172,0.0628946605170553,0.000330215144520887,4.56512435679945e-05,0.000614779045473779,0.000311805930623043,-1.84004519003715e-05,0.000642012313146458
"150",2020-08-19,0.0601837278208706,0.000431965442764579,0.000431965442764579,6.17093489663684e-05,0.0591838399206102,0.0553265174307656,0.0630411624104548,0.000332186406321635,4.56273115064253e-05,0.000618745501136845,0.000317552023833691,-1.88851781074428e-05,0.000653989225774825
"151",2020-08-20,0.0618685566750872,0.000431778929188256,0.000431778929188256,6.16827041697508e-05,0.0592734363755176,0.0553667475161099,0.0631801252349253,0.000335761767724501,4.51532953163127e-05,0.000626370240132689,0.000324938726498975,-2.05045271666718e-05,0.000670381980164621
"152",2020-08-21,0.0618685566750872,0.000431778929188256,0.000431778929188256,6.16827041697508e-05,0.0593554990839285,0.0554002286520035,0.0633107695158534,0.000340768755832401,4.40016836631451e-05,0.000637535828001656,0.000333799022904851,-2.35082124218458e-05,0.000691106258231548
"153",2020-08-22,0.0618685566750872,0.000431778929188256,0.000431778929188256,6.16827041697508e-05,0.0594303531185837,0.0554281572235402,0.0634325490136271,0.000347042015196178,4.19885677079724e-05,0.000652095462684384,0.000343958913549774,-2.80944141902723e-05,0.00071601224128982
"154",2020-08-23,0.0622690520346596,0.000438404208680403,0.000438404208680403,6.26291726686291e-05,0.0594983280637527,0.0554515343570334,0.063545121770472,0.000354415517698958,3.8983422174354e-05,0.000669847613223562,0.000355227777556831,-3.43890740479257e-05,0.000744844629161588
"155",2020-08-24,0.0627622180802594,0.000478927203065134,0.000478927203065134,6.84181718664477e-05,0.0595597576086023,0.0554711926007757,0.0636483226164289,0.000362715744588542,3.49189790226865e-05,0.000690512510154397,0.000367389748916748,-4.24254240349341e-05,0.000777204921868431
"156",2020-08-25,0.0627622180802594,0.000478927203065134,0.000478927203065134,6.84181718664477e-05,0.0596149791575807,0.0554878203295283,0.0637421379856331,0.000371755767987293,2.97997164107541e-05,0.000713711819563831,0.000380196257474674,-5.21259286123009e-05,0.00081251844356165
"157",2020-08-26,0.0627622180802594,0.000478927203065134,0.000478927203065134,6.84181718664477e-05,0.0596643334584535,0.0555019835345853,0.0638266833823217,0.000381330264666294,2.37080147430984e-05,0.000738952514589489,0.00039336005040855,-6.32882746179377e-05,0.000850008375435037
"158",2020-08-27,0.0627622180802594,0.000478927203065134,0.000478927203065134,6.84181718664477e-05,0.0597081642485723,0.0555141449739252,0.0639021835232194,0.000391211585723118,1.68074846294485e-05,0.000765615686816787,0.000406551152928783,-7.55766813386573e-05,0.000888678987196223
"159",2020-08-28,0.0627622180802594,0.000478927203065134,0.000478927203065134,6.84181718664477e-05,0.0597468179198931,0.055524680831419,0.0639689550083671,0.000401147081690694,9.34318772114661e-06,0.000792950975660241,0.000419395337641255,-8.85197763838688e-05,0.000927310451666378
"160",2020-08-29,0.0627622180802594,0.000478927203065134,0.000478927203065134,6.84181718664477e-05,0.0597806432032097,0.0555338951181846,0.0640273912882348,0.000410857940395317,1.63842776962185e-06,0.000820077453021013,0.000431475734644706,-0.000101516518969717,0.000964467988259129
"161",2020-08-30,0.0639260400810428,0.000480076812289966,0.000480076812289966,6.85824017557095e-05,0.0598099908720117,0.0555420320774418,0.0640779496665817,0.000420039829175382,-5.91241246414927e-06,0.000845992070814914,0.000442338209378328,-0.000113851913111204,0.000998528331867861
"162",2020-08-31,0.0639260400810428,0.000480076812289966,0.000480076812289966,6.85824017557095e-05,0.0598352134663267,0.0555492868500467,0.0641211400826067,0.000428365636873462,-1.28557178615191e-05,0.000869586991608444,0.00045150104172292,-0.000124724264662441,0.00102772634810828
"163",2020-09-01,0.0639260400810428,0.000480076812289966,0.000480076812289966,6.85824017557095e-05,0.0598566650368607,0.0555558146363811,0.0641575154373403,0.000435490576673992,-1.86959704489449e-05,0.000889677123796929,0.000458469239742607,-0.000133285284699694,0.00105022376418491
"164",2020-09-02,0.0639260400810428,0.000480076812289966,0.000480076812289966,6.85824017557095e-05,0.0598747009097047,0.0555617385608059,0.0641876632586034,0.000441059831355754,-2.29192086353378e-05,0.000905038871346845,0.000462753504118642,-0.000138693320378529,0.00106420032861581
"165",2020-09-03,0.0639260400810428,0.000480076812289966,0.000480076812289966,6.85824017557095e-05,0.0598896774718355,0.0555671564130075,0.0642121985306636,0.000444718793084013,-2.5022857333698e-05,0.000914460443501724,0.000463903590582722,-0.000140188388621174,0.00106799556978662
"166",2020-09-04,0.0639260400810428,0.000480076812289966,0.000480076812289966,6.85824017557095e-05,0.059901951977602,0.055572146409366,0.0642317575458381,0.000446170161470965,-2.4584536039992e-05,0.000916924858981922,0.000461869058824008,-0.000137495738858543,0.00106123385650656
"167",2020-09-05,0.0639260400810428,0.000480076812289966,0.000480076812289966,6.85824017557095e-05,0.0599118823763523,0.0555767720886017,0.0642469926641029,0.000445521978894525,-2.1551144942544e-05,0.000912595102731594,0.000457082048343684,-0.000130945265022634,0.00104510936171
"168",2020-09-06,0.0621567498245639,0.000490677134445535,0.000490677134445535,7.00967334922193e-05,0.0599198271613287,0.0555810864301464,0.0642585678925111,0.000443102849802824,-1.61150289463077e-05,0.000902320728551957,0.000450037613356459,-0.000121041185387466,0.00102111641210038
"169",2020-09-07,0.0621567498245639,0.000490677134445535,0.000490677134445535,7.00967334922193e-05,0.059926145239929,0.0555851352612354,0.0642671552186225,0.000439259770282221,-8.5447725605691e-06,0.000887064313125012,0.0004412431792319,-0.0001083738103888,0.000990860168852599
"170",2020-09-08,0.0621567498245639,0.000490677134445535,0.000490677134445535,7.00967334922193e-05,0.0599311958254089,0.0555889599996534,0.0642734316511644,0.000434344647851446,8.48321211670722e-07,0.000867840974491222,0.000431198194413796,-9.35635414507793e-05,0.000955959930278371
"171",2020-09-09,0.0621567498245639,0.000490677134445535,0.000490677134445535,7.00967334922193e-05,0.0599353383500822,0.0555925997633217,0.0642780769368427,0.000428704809325554,1.17382894549684e-05,0.00084567132919614,0.000420378784859429,-7.72152069701506e-05,0.000917972776689008
"172",2020-09-10,0.0621567498245639,0.000490677134445535,0.000490677134445535,7.00967334922193e-05,0.0599389324000557,0.055596092865412,0.0642817719346995,0.000422676160218608,2.38073366628241e-05,0.000821544983774393,0.000409227459633328,-5.98839195599979e-05,0.000878338838826653
"173",2020-09-11,0.062694235254287,0.000515995872033024,0.000515995872033024,7.37136960047177e-05,0.0599423401001188,0.0555994903603586,0.0642851898398789,0.000416578975561631,3.67632093176471e-05,0.000796394741805616,0.000398147558769187,-4.20522152674301e-05,0.000838347332805803
"174",2020-09-12,0.062694235254287,0.000515995872033024,0.000515995872033024,7.37136960047177e-05,0.0599459795245687,0.055603134715635,0.0642888243335024,0.000410716185466094,5.03514039228871e-05,0.0007710809670093,0.000387501913208593,-2.41172246363358e-05,0.000799121051053523
"175",2020-09-13,0.062694235254287,0.000515995872033024,0.000515995872033024,7.37136960047177e-05,0.0599503247166206,0.0556076595540143,0.0642929898792269,0.000405373956451564,6.43628633114925e-05,0.000746385049591635,0.000377615090319409,-6.38601447058699e-06,0.000761616195109406
"176",2020-09-14,0.0626593526646251,0.000524109014675052,0.000524109014675052,7.48727163821503e-05,0.0599558523035679,0.0556137112819513,0.0642979933251845,0.000400824357302055,7.86380591608513e-05,0.000723010655443259,0.000368778607360326,1.09230374459461e-05,0.000726634177274706
"177",2020-09-15,0.060675349416304,0,0,0,0.0599630391433764,0.0556219366613673,0.0643041416253855,0.000397329930300059,9.30685052300484e-05,0.000701591355370069,0.00036125858699738,2.76750072549417e-05,0.000694842166739818
"178",2020-09-16,0.0614501851607043,0.000983823780846806,0.000959739967362184,0.000140546254406687,0.0599723624376518,0.0556329830227944,0.0643117418525091,0.000395150059755948,0.000107596833046941,0.000682703286464955,0.000355305483672353,4.38113938567228e-05,0.000666799573487983
"179",2020-09-17,0.0606548476164875,0.000976011319703486,0.000952118753737672,0.000139430188529069,0.0599842998825817,0.0556474984604289,0.0643211013047345,0.000394549136446365,0.000122216627533946,0.000666881645358783,0.0003511657132271,5.9343193234339e-05,0.000642988233219861
"180",2020-09-18,0.0628580318110267,0.000957935434996097,0.000934485363147967,0.000136847919285157,0.0599993298579386,0.0556661320085903,0.064332527707287,0.000395806658973337,0.000136973295145269,0.000654640022801405,0.000349095265028107,7.43458299860553e-05,0.000623844700070158
"181",2020-09-19,0.062601983440692,0.000996773829825343,0.000972373001677844,0.00014239626140362,0.0600179316542631,0.0556895337982578,0.0643463295102684,0.000399229596075279,0.000151967336377462,0.000646491855773095,0.000349375670651986,8.89575997894722e-05,0.0006097937415145
"182",2020-09-20,0.0585980565918358,0.000995252069802375,0.000970888494042219,0.000142178867114625,0.0600405857383982,0.0557183551911338,0.0643628162856625,0.000405167568979276,0.000167361509872657,0.000642973628085895,0.00035233306345962,0.000103383240943396,0.000601282885975844
"183",2020-09-21,0.0583193235693697,0.000989327499834779,0.000965108956387171,0.000141332499976397,0.0600677740575978,0.0557532488870253,0.0643822992281703,0.000414031720176219,0.00018339347844244,0.000644669961909999,0.000358361522826241,0.000117904277823042,0.00059881876782944
"184",2020-09-22,0.0582682084878788,0.000986056967901642,0.000961918486435261,0.000140865281128806,0.060099980382496,0.0557948689981974,0.0644050917667946,0.000426318546933448,0.000200395597441231,0.000652241496425664,0.000367952511295396,0.000132897892443399,0.000603007130147393
"185",2020-09-23,0.0564014925652716,0,0,0,0.0601376906892968,0.0558438710816757,0.064431510296918,0.000442640544436979,0.000218823593826215,0.000666457495047743,0.000381733070627343,0.000148866413253418,0.000614599728001269
"186",2020-09-24,0.0564014925652716,0,0,0,0.060181393581627,0.0559009121171508,0.0644618750461033,0.000463766300821854,0.000239296194742084,0.000688236406901625,0.000400516681019144,0.000166480364542179,0.00063455299749611
"187",2020-09-25,0.0564014925652716,0,0,0,0.0602315807525814,0.0559666504140463,0.0644965110911166,0.000490673830433066,0.000262648689227816,0.000718698971638317,0.000425372521834982,0.000186639867172857,0.000664105176497107
"188",2020-09-26,0.0554033545730043,0.000961940017424751,0.000940468142035805,0.00013742000248925,0.0602887474875937,0.0560417454262799,0.0645357495489076,0.000524614960878062,0.000290000782530688,0.000759229139225436,0.000457589324549538,0.000210493487874709,0.000704685161224368
"189",2020-09-27,0.0559003726465825,0.000957567562800093,0.000936288283626757,0.000136795366114299,0.060353393208873,0.0561268574470365,0.0645799289707096,0.000566852135068673,0.000322616530387347,0.000811087739749999,0.000498248256512049,0.000239208486301938,0.000757288026722161
"190",2020-09-28,0.0560628152238396,0.000957567562800093,0.000936288283626757,0.000136795366114299,0.0604260220622655,0.0562226471481938,0.0646293969763373,0.000618472751566399,0.000361734064091488,0.000875211439041311,0.000548563348945997,0.00027408961306596,0.000823037084826034
"191",2020-09-29,0.0558632629198815,0.000957567562800093,0.000936288283626757,0.000136795366114299,0.0605071435475319,0.0563297749195047,0.0646845121755592,0.000680777470905252,0.000408784656336776,0.000952770285473727,0.000610051530192258,0.000316697641309758,0.000903405419074759
"192",2020-09-30,0.0558632629198815,0.000957567562800093,0.000936288283626757,0.000136795366114299,0.0605972731931693,0.0564488999507482,0.0647456464355903,0.000755328294363584,0.000465454159269985,0.00104520242945718,0.000684561740470684,0.000368912617661897,0.00100021086327947
"193",2020-10-01,0.0549522797250014,0.000957567562800093,0.000936288283626757,0.000136795366114299,0.0606969332770577,0.0565806789851834,0.064813187568932,0.000843965042469811,0.000533726903925539,0.00115420318101408,0.000774306190417327,0.000433000415606307,0.00111561196522835
"194",2020-10-02,0.0549522797250014,0.000957567562800093,0,0.000136795366114299,0.0608066535943766,0.0567257646539759,0.0648875425347773,0.000948819151003702,0.000615927468006307,0.0012817108340011,0.000881890129743566,0.000511680467833846,0.00125209979165329
"195",2020-10-03,0.0549522797250014,0.000957567562800093,0,0.000136795366114299,0.060926972274408,0.0568848032778079,0.064969141271008,0.00107232111354048,0.000714756597148858,0.0014298856299321,0.00101033526353325,0.000608190348368336,0.00141248017869816
"196",2020-10-04,0.0561896579683145,0.000946808376701216,0,0.000135258339528745,0.0610584366480339,0.057058431992403,0.0650584413036648,0.00121719695305159,0.000833315745547528,0.00160107816055565,0.00116309035975828,0.000726340040243496,0.00159984067927307
"197",2020-10-05,0.0561896579683145,0.000946808376701216,0,0.000135258339528745,0.061201604167936,0.0572472750176962,0.0651559333181758,0.00138644802275227,0.000975112532938497,0.00179778351256604,0.00134402068490241,0.000870545171338856,0.00181749619846596
"198",2020-10-06,0.0552884179092085,0,0,0,0.0613570433837223,0.0574519388441451,0.0652621479232995,0.00158330731538045,0.00114403695440501,0.0020225776763559,0.00155736581555467,0.00104582426211312,0.00206890736899621
"199",2020-10-07,0.0552884179092085,0,0,0,0.061525334974437,0.0576730060523188,0.0653776638965553,0.00181116445357685,0.00134429559382995,0.00227803331332375,0.00180765333763448,0.00125774031936245,0.00235756635590651
"200",2020-10-08,0.0552884179092085,0,0,0,0.0617070728411588,0.0579110274116367,0.0655031182706809,0.0020734508653368,0.00158028869485144,0.00256661303582216,0.0020995543355392,0.00151226241301989,0.00268684625805851
"201",2020-10-09,0.0552884179092085,0,0,0,0.0619028652626574,0.0581665118197533,0.0656392187055614,0.00237347661935893,0.00185641324576606,0.0028905399929518,0.00243766592951455,0.00181551904335719,0.0030598128156719
"202",2020-10-10,0.0540181373788783,0,0,0,0.0621131462396857,0.0584396640376777,0.0657866284416938,0.00271421138240962,0.00217677501518138,0.00325164774963786,0.00282620714881672,0.00217341349340476,0.00347900080422869
"203",2020-10-11,0.0540181373788783,0,0,0,0.062337384168531,0.0587293428534658,0.0659454254835963,0.00309800439451083,0.00254479490165293,0.00365121388736873,0.0032686179746273,0.00259107398065494,0.00394616196859966
"204",2020-10-12,0.0540181373788783,0,0,0,0.0625747322576921,0.0590339353612763,0.0661155291541079,0.00352624267205982,0.0029627018516495,0.00408978349247015,0.00376705833866185,0.00307212127077455,0.00446199540654915
"205",2020-10-13,0.0561242871920827,0,0,0,0.0628243371869412,0.059351765376711,0.0662969089971713,0.00399895320011019,0.00343091898471481,0.00456698741550557,0.00432181498624627,0.00361775817863581,0.00502587179385672
"206",2020-10-14,0.0520819631621223,0,0,0,0.0630853373702318,0.0596810908225543,0.0664895839179093,0.0045143638229161,0.00394737666717735,0.00508135097865485,0.00493063979496488,0.00422572683009589,0.00563555275983386
"207",2020-10-15,0.0584986729274239,0.00902849416354373,0.0101700279083596,0.00128978488050625,0.0633568611980218,0.0600201031563704,0.0666936192396732,0.00506844870141897,0.00450683420802512,0.00563006319481281,0.00558806306532077,0.00488925305260301,0.00628687307803853
"208",2020-10-16,0.0590846362622561,0.00912627568878067,0.0102763348202937,0.00130375366982581,0.0636380254020181,0.0603669298856368,0.0669091209183994,0.00565449688647701,0.0051003675783704,0.00620862619458362,0.00628474808524693,0.00559621560086184,0.00697328056963202
"209",2020-10-17,0.0629573156231785,0.0105994900033218,0.0118684430318885,0.0015142128576174,0.0639279335438858,0.0607196411414888,0.0671362259462829,0.00626275542026606,0.00571526838228553,0.00681024245824658,0.00700697615600477,0.0063289243223234,0.00768502798968615
"210",2020-10-18,0.0629573156231785,0.0105994900033218,0.0118684430318885,0.0015142128576174,0.0642256746301289,0.0610762613161051,0.0673750879441526,0.00688020937424443,0.00633561191811404,0.00742480683037482,0.00773662317334461,0.00706518782610062,0.0084080585205886
"211",2020-10-19,0.0629573156231785,0.0105994900033218,0.0118684430318885,0.0015142128576174,0.0645303218559563,0.061434786658338,0.0676258570535745,0.00749225957573944,0.00694512632422938,0.00803939282724949,0.00845744217392544,0.00778613641518219,0.00912874793266868
"212",2020-10-20,0.0629573156231785,0.0105994900033218,0.0118684430318885,0.0015142128576174,0.0648409314815107,0.0617932093948105,0.0678886535682108,0.00808912428034277,0.00753401962537503,0.00864422893531052,0.00915817770676186,0.00847985920244847,0.00983649621107525
"213",2020-10-21,0.0629573156231785,0.0105994900033218,0.0118684430318885,0.0015142128576174,0.0651565418443415,0.0621495483406553,0.0681635353480277,0.00866300150929569,0.00809580341925923,0.00923019959933215,0.00982859395391685,0.00913736219534829,0.0105198257124854
"214",2020-10-22,0.0629573156231785,0.0105994900033218,0.0118684430318885,0.0015142128576174,0.065476172512458,0.0625018850753276,0.0684504599495884,0.00920691471018411,0.00862568999096519,0.00978813942940303,0.0104596193504089,0.00975222825005717,0.0111670104507607
"215",2020-10-23,0.0629573156231785,0.0105994900033218,0.0118684430318885,0.0015142128576174,0.0657988235826915,0.0628484036637236,0.0687492435016593,0.00971492284573601,0.00912022447201634,0.0103096212194557,0.0110436437003752,0.0103201118681539,0.0117671755325966
"216",2020-10-24,0.0629573156231785,0.0105994900033218,0.0118684430318885,0.0015142128576174,0.0661234751294347,0.0631874307962027,0.0690595194626667,0.0101822734418943,0.00957693341803767,0.0107876134657509,0.011574727494572,0.0108381840200139,0.0123112709691301
"217",2020-10-25,0.0629573156231785,0.0105994900033218,0.0118684430318885,0.0015142128576174,0.066449086809097,0.0635174723983993,0.0693807012197948,0.0106054958329121,0.00999408657564279,0.0112169050901814,0.0120487198576845,0.0113047249450544,0.0127927147703147
"218",2020-10-26,0.0629573156231785,0.0105994900033218,0.0118684430318885,0.0015142128576174,0.0667745976258244,0.0638372425411431,0.0697119527105056,0.0109824359675276,0.0103705670847743,0.0115943048502809,0.0124632883478383,0.0117188871812692,0.0132076895144073
"219",2020-10-27,0.0629573156231785,0.0105994900033218,0.0118684430318885,0.0015142128576174,0.0670989258641708,0.0641456810754066,0.070052170652935,0.0113122376493418,0.010705807736803,0.0119186675618807,0.0128178694709518,0.0120805710659908,0.0135551678759129
"220",2020-10-28,0.0629573156231785,0.0105994900033218,0.0118684430318885,0.0015142128576174,0.0674209691944765,0.0644419578110149,0.070399980577938,0.0115952777789106,0.0109997558963795,0.0121907996614417,0.0131135529312426,0.012390353232157,0.0138367526303282
"221",2020-10-29,0.0629573156231785,0.0105994900033218,0.0118684430318885,0.0015142128576174,0.0677396049566953,0.0647254629629112,0.0707537469504793,0.0118330649561202,0.011252848319218,0.0124132815930224,0.0133529151960152,0.0126494354443323,0.0140563949476981
"222",2020-10-30,0.0629573156231785,0.0105994900033218,0.0118684430318885,0.0015142128576174,0.0680536906283288,0.0649957855285175,0.07111159572814,0.0120281116988578,0.0114659957465703,0.0125902276511454,0.0135398189695204,0.0128596095109791,0.0142200284280617
"223",2020-10-31,0.0648199580972371,0.0109436292891439,0.012237792918773,0.00156337561273485,0.0683620644819487,0.0652526827494999,0.0714714462143975,0.0121837906264325,0.0116405925086735,0.0127269887441914,0.0136791948481995,0.0130232566687233,0.0143351330276757
"224",2020-11-01,0.0648199580972371,0.0109436292891439,0.012237792918773,0.00156337561273485,0.068663546437531,0.0654960445415398,0.0718310483335222,0.0123041843872174,0.0117785758543014,0.0128297929201334,0.013776820058548,0.0131434131250805,0.0144102269920156
"225",2020-11-02,0.0648199580972371,0.0109436292891439,0.012237792918773,0.00156337561273485,0.0689569391144759,0.0657258567024164,0.0721880215265354,0.0123939380533118,0.0118825552966129,0.0129053208100107,0.0138391070901593,0.0132239269058414,0.0144542872744772
"226",2020-11-03,0.0680784120051772,0.00987491549137596,0.0110876244113695,0.00141070221305371,0.0692410290877444,0.0659421660184227,0.0725398921570661,0.012458121342281,0.0119560020844874,0.0129602406000746,0.0138729125597135,0.0132696896622635,0.0144761354571635
"227",2020-11-04,0.0680784120051772,0.00987491549137596,0.0110876244113695,0.00141070221305371,0.0695145883520037,0.0661450493818269,0.0728841273221806,0.0125021065288425,0.0120034343883071,0.0130007786693779,0.0138853740733281,0.0132868549900576,0.0144838931565985
"228",2020-11-05,0.0691964881147512,0.0100516038401282,0.0112784248314504,0.0014359434057326,0.0697763759970376,0.0663345879956699,0.0732181639984053,0.012531466426896,0.0120304925761644,0.0130324402776275,0.0138837804388072,0.0132829059789151,0.0144846548986993
"229",2020-11-06,0.0733565150787928,0.0125457983414007,0.0139447191178453,0.00179225690591439,0.07002514009694,0.0665108468737918,0.0735394333200882,0.0125518954744031,0.0120438273857275,0.0130599635630787,0.0138754784991615,0.0132664825994877,0.0144844743988354
"230",2020-11-07,0.0733565150787928,0.0125457983414007,0.0139447191178453,0.00179225690591439,0.0702596301149844,0.0666738658597842,0.0738453943701847,0.0125691558289469,0.0120508226272666,0.0130874890306271,0.013867818237869,0.0132470142344748,0.0144886222412632
"231",2020-11-08,0.0750313213591306,0.01286502985136,0.0142823636485438,0.00183786140733715,0.0704792089940093,0.0668240319785511,0.0741343860094676,0.0125890495398974,0.0120592614699634,0.0131188376098314,0.0138681367167963,0.0132343082462584,0.0145019651873342
"232",2020-11-09,0.0819544108610952,0.013270227641954,0.0147097660519915,0.00189574680599343,0.0706842065748758,0.0669622535425118,0.0744061596072398,0.0126174173395478,0.0120770503568022,0.0131577843222934,0.0138837807973977,0.0132382371774294,0.0145293244173659
"233",2020-11-10,0.0819544108610952,0.013270227641954,0.0147097660519915,0.00189574680599343,0.0708750505599372,0.0670893852118227,0.0746607159080517,0.0126598728943007,0.0121117205770275,0.013208025211574,0.0139204865542715,0.0132666664589196,0.0145743066496234
"234",2020-11-11,0.0819544108610952,0.013270227641954,0.0147097660519915,0.00189574680599343,0.0710521833886577,0.0672061899702912,0.0748981768070241,0.0127181194303375,0.0121660333885824,0.0132702054720926,0.0139781085992129,0.0133203510559405,0.0146358661424853
"235",2020-11-12,0.0796213658517243,0.0140054203090983,0.0154819322489464,0.00200077432987119,0.0712160612560241,0.0673133531640196,0.0751187693480285,0.0127910056980685,0.0122390357052457,0.0133429756908914,0.0140552432082445,0.0133980837473217,0.0147124026691674
"236",2020-11-13,0.078733332941341,0.0134466934350651,0.0148954954213348,0.0019209562050093,0.0713671531500649,0.0674114946389387,0.075322811661191,0.012877336508492,0.0123293570562844,0.0134253159606996,0.0141505366470979,0.0134983197958128,0.0148027534983831
"237",2020-11-14,0.078733332941341,0.0134466934350651,0.0148954954213348,0.0019209562050093,0.0715059399112311,0.0675011791585219,0.0755107006639404,0.0129759234556483,0.0124353623417524,0.0135164845695442,0.0142626648832927,0.0136192556582966,0.0149060741082887
"238",2020-11-15,0.078733332941341,0.0134466934350651,0.0148954954213348,0.0019209562050093,0.0716329133162129,0.0675829253096723,0.0756829013227534,0.0130855717203187,0.0125551912237569,0.0136159522168804,0.0143903149567434,0.0137588649925915,0.0150217649208954
"239",2020-11-16,0.078733332941341,0.0134466934350651,0.0148954954213348,0.0019209562050093,0.0717485751885855,0.0676572131041371,0.0758399372730339,0.0132050680949225,0.0126867768749587,0.0137233593148864,0.014532167848898,0.0139149115319962,0.0151494241657997
"240",2020-11-17,0.078733332941341,0.0134466934350651,0.0148954954213348,0.0019209562050093,0.0718534365385029,0.0677244904678463,0.0759823826091594,0.0133331701984638,0.0128278595317401,0.0138384808651876,0.0146868827459237,0.0140849548047781,0.0152888106870692
"241",2020-11-18,0.078733332941341,0.0134466934350651,0.0148954954213348,0.0019209562050093,0.0719480167334785,0.0677851787892036,0.0761108546777534,0.0134685968836502,0.0129760098194626,0.0139611839478377,0.0148530826416539,0.0142663641337598,0.015439801149548
"242",2020-11-19,0.078733332941341,0.0134466934350651,0.0148954954213348,0.0019209562050093,0.0720328427021246,0.0678396776741375,0.0762260077301116,0.0136100198681043,0.0131286772514254,0.0140913624847832,0.0150293412716399,0.0144563572695374,0.0156023252737425
"243",2020-11-20,0.078733332941341,0.0134466934350651,0.0148954954213348,0.0019209562050093,0.0721084481725523,0.0678883690331436,0.0763285273119611,0.0137560566479749,0.0132832770292632,0.0142288362666867,0.0152141714111984,0.0146520790646955,0.0157762637577014
"244",2020-11-21,0.0766054050240074,0.0157506440236277,0.0172979946828404,0.00225009200337539,0.0721753729469747,0.0679316206048211,0.0764191252891283,0.0139052647751675,0.013437318355105,0.0143732111952299,0.0154060146080008,0.0148507277161677,0.0159613014998338
"245",2020-11-22,0.0766054050240074,0.0157506440236277,0.0172979946828404,0.00225009200337539,0.0722341622138965,0.0679697890020136,0.0764985354257795,0.0140561375986281,0.0135885574939725,0.0145237177032836,0.0156032324534853,0.0150497173567364,0.0161567475502343
"246",2020-11-23,0.0766054050240074,0.0157506440236277,0.0172979946828404,0.00225009200337539,0.0722853658991287,0.0680032223506757,0.0765675094475817,0.0142071015852821,0.0137351358153863,0.014679067355178,0.0158040995269355,0.0152468402067786,0.0163613588470923
"247",2020-11-24,0.0766054050240074,0.0157506440236277,0.0172979946828404,0.00225009200337539,0.0723295380567182,0.0680322625778712,0.0766268135355651,0.0143565153469098,0.0138756547278492,0.0148373759659704,0.0160067981710163,0.015440375495868,0.0165732208461646
"248",2020-11-25,0.0766054050240074,0.0157506440236277,0.0172979946828404,0.00225009200337539,0.0723672363007549,0.0680572473936336,0.0766772252078761,0.0145026705049045,0.0140091595212684,0.0149961814885405,0.0162094152772841,0.0156291043081822,0.0167897262463861
"249",2020-11-26,0.0766054050240074,0.0157506440236277,0.0172979946828404,0.00225009200337539,0.0723990212788843,0.0680785120015364,0.0767195305562321,0.014643794524941,0.0141350428059958,0.0151525462438862,0.0164099412739349,0.0158122277162453,0.0170076548316246
"250",2020-11-27,0.0766054050240074,0.0157506440236277,0.0172979946828404,0.00225009200337539,0.0724254561882403,0.0680963905644921,0.0767545218119885,0.0147780556474798,0.0142529072396955,0.015303204055264,0.0166062715149705,0.015989223459933,0.017223319570008
"251",2020-11-28,0.0766054050240074,0.0157506440236277,0.0172979946828404,0.00225009200337539,0.0724471063344019,0.0681112174453038,0.0767829952234999,0.0149035700271854,0.0143624288951841,0.0154447111591867,0.0167962102691286,0.0161596884267863,0.0174327321114709
"252",2020-11-29,0.0761281127808672,0.0157506440236277,0.018375751360899,0.00225009200337539,0.0724645387338734,0.0681233282356568,0.07680574923209,0.0150184111742337,0.0144632441472974,0.01557357820117,0.0169774774973891,0.0163231996651214,0.0176317553296568
"253",2020-11-30,0.0761281127808672,0.0157506440236277,0.018375751360899,0.00225009200337539,0.0724783217605013,0.0681330605824143,0.0768235829385882,0.0151206217627124,0.0145548618122483,0.0156863817131766,0.0171477185887339,0.0164792029226772,0.0178162342547906
"254",2020-12-01,0.0761281127808672,0.0157506440236277,0.018375751360899,0.00225009200337539,0.0724890248361539,0.0681407548161571,0.0768372948561507,0.0152082278356506,0.0146365883759031,0.0157798672953981,0.017304517194303,0.0166269190960269,0.0179821152925792
"255",2020-12-02,0.0793640484182238,0.0140054203090983,0.0163396570272814,0.00200077432987119,0.0724972181659196,0.0681467543837832,0.0768476819480559,0.0152792580459598,0.0147074460594216,0.0158510700324979,0.0174454071260441,0.0167651932744443,0.018125620977644
"256",2020-12-03,0.0793640484182238,0.0140054203090983,0.0163396570272814,0.00200077432987119,0.0725034725180148,0.068151406084617,0.0768555389514126,0.0153321021394014,0.0147659522433502,0.0158982520354526,0.0175678273211065,0.0168915357873862,0.0182441188548269
"257",2020-12-04,0.0793640484182238,0.0140054203090983,0.0163396570272814,0.00200077432987119,0.0725083590485412,0.068155060107791,0.0768616579892914,0.0153658698600771,0.0148099962276345,0.0159217434925197,0.0176691549513454,0.0170022556084058,0.018336054294285
"258",2020-12-05,0.0793640484182238,0.0140054203090983,0.0163396570272814,0.00200077432987119,0.0725124491711872,0.0681580698676484,0.076866828474726,0.0153798137255474,0.0148371657526355,0.0159224616984593,0.0177467855970585,0.0170932640142371,0.0184003071798799
"259",2020-12-06,0.0793640484182238,0.0140054203090983,0.0163396570272814,0.00200077432987119,0.0725164250184363,0.0681609305088468,0.0768719195280258,0.0153732591263915,0.0148448892658982,0.0159016289868847,0.0177981655028809,0.0171602058765737,0.0184361251291881
"260",2020-12-07,0.0793640484182238,0.0140054203090983,0.0163396570272814,0.00200077432987119,0.0725219311129288,0.0681653473320796,0.0768785148937779,0.015345612808472,0.0148305806555974,0.0158606449613466,0.0178208252621887,0.0171985974203454,0.018443053104032
"261",2020-12-08,0.0793640484182238,0.0140054203090983,0.0163396570272814,0.00200077432987119,0.0725311080526292,0.0681736468340996,0.0768885692711588,0.0152963710702157,0.0147918405239525,0.0158009016164788,0.0178124161409187,0.0172040196782356,0.0184208126036018
"262",2020-12-09,0.0793640484182238,0.0140054203090983,0.0163396570272814,0.00200077432987119,0.0725461020186948,0.0681881596314642,0.0769040444059254,0.0152251275569695,0.014726712070566,0.0157235430433729,0.0177707485151355,0.0171723819959766,0.0183691150342944
"263",2020-12-10,0.0793640484182238,0.0140054203090983,0.0163396570272814,0.00200077432987119,0.0725690620847065,0.0682112167540504,0.0769269074153625,0.0151315805317489,0.0146339446252008,0.0156292164382971,0.0176938317734549,0.0171002370391422,0.0182874265077676
"264",2020-12-11,0.0793640484182238,0.0140054203090983,0.0163396570272814,0.00200077432987119,0.0726021422565613,0.0682451516640581,0.0769591328490644,0.0150155395008244,0.0145131772721167,0.0155179017295321,0.0175799149145745,0.0169850815105934,0.0181747483185555
"265",2020-12-12,0.0793640484182238,0.0140054203090983,0.0163396570272814,0.00200077432987119,0.0726475041520344,0.0682923028436364,0.0770027054604325,0.014876931073765,0.01436496248833,0.0153888996592,0.0174275269567629,0.0168255472536767,0.0180295066598491
"266",2020-12-13,0.0793640484182238,0.0140054203090983,0.0163396570272814,0.00200077432987119,0.0727073203250685,0.0683550169380016,0.0770596237121355,0.0147158039409428,0.0141906183999016,0.0152409894819839,0.0172355161758254,0.0166214141513667,0.0178496182002841
"267",2020-12-14,0.0793640484182238,0.0140054203090983,0.0163396570272814,0.00200077432987119,0.0727837782423446,0.0684356524370642,0.077131904047625,0.0145323328571898,0.0139919770056366,0.0150726887087429,0.0170030871067295,0.0163734538029107,0.0176327204105484
"268",2020-12-15,0.0793640484182238,0.0140054203090983,0.0163396570272814,0.00200077432987119,0.0728790849227346,0.0685365838731885,0.0772215859722807,0.0143268215283851,0.0137711215549789,0.0148825215017913,0.0167298341877713,0.0160831822236701,0.0173764861518725
"269",2020-12-16,0.0802532814537221,0.014162343785951,0.0165227344169428,0.00202319196942156,0.0729954722538401,0.0686602065054065,0.0773307380022736,0.014099704308229,0.0135301747536542,0.0146692338628039,0.0164157709007064,0.0157526114197285,0.0170789303816843
"270",2020-12-17,0.093206124848623,0.0152173265058976,0.0171194923191348,0.0021739037865568,0.073135203004015,0.0688089414506809,0.0774614645573491,0.0138515466253212,0.0132711525313058,0.0144319407193366,0.0160613532709602,0.015384053280611,0.0167386532613095
"271",2020-12-18,0.0891799423497624,0.0145599905877163,0.0163799894111809,0.00207999865538805,0.0733005775530661,0.0689852412099501,0.0776159138961821,0.0135830440757889,0.0129958683382402,0.0141702198133377,0.0156674966432506,0.0149799858757411,0.0163550074107601
"272",2020-12-19,0.0891799423497624,0.0145599905877163,0.0163799894111809,0.00207999865538805,0.0734939413702715,0.0691915955197702,0.0777962872207728,0.0132950201339677,0.0127058641676778,0.0138841761002575,0.0152355847428477,0.0145429673834056,0.0159282021022898
"273",2020-12-20,0.0891799423497624,0.0145599905877163,0.0163799894111809,0.00207999865538805,0.073717693274486,0.0694305374381557,0.0780048491108162,0.0129884224527879,0.0124023470069471,0.0135744978986287,0.0147674701727605,0.0140755770235763,0.0154593633219446
"274",2020-12-21,0.0887874256828149,0.0140443242544014,0.0157998647862015,0.00200633203634305,0.073974294517971,0.0697046495441505,0.0782439394917916,0.0126643177463021,0.0120861150668683,0.0132425204257359,0.0142654656819572,0.0135803662871578,0.0149505650767567
"275",2020-12-22,0.0887874256828149,0.0140443242544014,0.0157998647862015,0.00200633203634305,0.0742662787432604,0.0700165700927357,0.078515987393785,0.012323885268841,0.0117574647147094,0.0128903058229727,0.0137323257666854,0.0130598103400644,0.0144048411933064
"276",2020-12-23,0.0745396505215237,0.0109971870181283,0.0128418919336069,0.00157102671687547,0.0745962628709237,0.0703689989174585,0.0788235268243888,0.0119684089282325,0.0114160798983444,0.0125207379581205,0.0131712184310912,0.012516256275574,0.0138261805866084
"277",2020-12-24,0.0722955795056486,0.0106497245531006,0.0124509966604506,0.00152138922187151,0.0749669589856132,0.0707647028096985,0.0791692151615279,0.0115992680939006,0.0110609294982801,0.0121376066895211,0.0125856890892367,0.0119518742568771,0.0132195039215963
"278",2020-12-25,0.0690559319598405,0.0112688485845122,0.0116819285726384,0.00160983551207318,0.0753811872983815,0.0712065200224687,0.0795558545742942,0.0112177045677068,0.0106900062351584,0.0117454029002553,0.0119812006894366,0.0113699667470273,0.0125924346318459
"279",2020-12-26,0.0690559319598405,0.0112688485845122,0.0116819285726384,0.00160983551207318,0.0758418902750616,0.0716973634446065,0.0799864171055168,0.0108237750626347,0.0102999905340711,0.0113475595911984,0.0113674417761985,0.0107773044123735,0.0119575791400235
"280",2020-12-27,0.0688388216332024,0.0110231614787453,0.0114362414668714,0.00157473735410646,0.0763521480336624,0.0722402218652693,0.0804640742020555,0.0104173617707882,0.00988913240456793,0.0109455911370084,0.0107537465136382,0.0101808958365643,0.0113265971907121
"281",2020-12-28,0.0693548408954585,0.0107117727364078,0.011124852724534,0.00153025324805826,0.0769151951284114,0.0728381585977809,0.0809922316590418,0.00999870627147929,0.0094583207760447,0.0105390917669139,0.0101481557071789,0.00958744581909881,0.010708865595259
"282",2020-12-29,0.0693548408954585,0.0107117727364078,0.011124852724534,0.00153025324805826,0.0775344388544857,0.0734943065595404,0.081574571149431,0.0095684104778931,0.00901060324328241,0.0101262177125038,0.00955741246076728,0.00900339997810977,0.0101114249434248
"283",2020-12-30,0.0682356575741648,0.010533243190801,0.0109442474000924,0.00150474902725729,0.0782134792258312,0.0742118587234154,0.0822150997282471,0.0091274309623553,0.00855025296050177,0.00970460896420884,0.00898700585404607,0.00843483515670202,0.00953917655139012
"284",2020-12-31,0.0668242586282867,0.00930544183727207,0.00971644604656341,0.00132934883389601,0.0789561307990531,0.0749940526951761,0.0829182089029301,0.00867706667301895,0.00808187095604609,0.00927226238999181,0.00844125108591962,0.00788723555289115,0.00899526661894808
"285",2021-01-01,0.0668242586282867,0.00930544183727207,0.00971644604656341,0.00132934883389601,0.0797664465394775,0.0758441480897601,0.0836887449891948,0.00821893941300394,0.0076097865751436,0.00882809225086428,0.00792339523986248,0.00736525457957761,0.00848153590014735
"286",2021-01-02,0.0709929176350173,0.00991364065016567,0.010324644859457,0.0014162343785951,0.0806487439514895,0.0767653954827266,0.0845320924202525,0.00775496671200391,0.00713774951754751,0.00837218390646032,0.0074357390250369,0.00687255502244401,0.00799892302762979
"287",2021-01-03,0.0648015715665785,0.00365314792744544,0.00284643616092163,0.000521878275349349,0.081607628344526,0.0777609905939649,0.0854542660950871,0.00728732702178909,0.00666880504504108,0.0079058489985371,0.00697976633128214,0.0064117656451374,0.00754776701742687
"288",2021-01-04,0.0677912026176503,0.00368509965858928,0.00286773731501752,0.000526442808369897,0.0826461823222861,0.0788321353675836,0.0864602292769886,0.00681841750149613,0.00620526121849516,0.0074315737844971,0.00655627503485746,0.00598454086563458,0.00712800920408034
"289",2021-01-05,0.0672021787218395,0.00387132980978904,0.0029918907491507,0.000553047115684149,0.0837631578187853,0.079975230000889,0.0875510856366815,0.00635080501297714,0.00574870384746028,0.006952906178494,0.0061655040739834,0.00559168699317528,0.00673932115479152
"290",2021-01-06,0.0697078176829029,0.00385950895540801,0.00300347880000346,0.000551358422201144,0.0849566197689736,0.0811858045012246,0.0887274350367225,0.00588717130429353,0.00530005428015644,0.00647428832843061,0.00580725328613242,0.00523331905861807,0.00638118751364678
"291",2021-01-07,0.0733414889272772,0.003847760069699,0.00299564620953079,0.000549680009957,0.0862245784038133,0.0824592585395623,0.0899898982680643,0.0054302537015752,0.0048596934379451,0.00600081396520531,0.00548099380542684,0.00490902260756098,0.0060529650032927
"292",2021-01-08,0.0734023371805781,0.00398734758011395,0.00311261970701472,0.000569621082873422,0.0875649574017782,0.0837909347338131,0.0913389800697433,0.00498278293524203,0.004427691079196,0.00553787479128806,0.00518596793104687,0.00461800559854715,0.00575393026354659
"293",2021-01-09,0.0628028471772563,0.00531646344015193,0.00577085142709069,0.000759494777164562,0.0889755624341789,0.0851762183379429,0.0927749065304149,0.00454741997510973,0.00400416686473257,0.0050906730854869,0.00492127829252475,0.00435923341604777,0.00548332316900173
"294",2021-01-10,0.0660457863806536,0.00536725767684128,0.00582164566378004,0.000766751096691612,0.0904540500749024,0.0866106527453486,0.0942974474044563,0.00412669392063303,0.00358974547293029,0.00466364236833576,0.00468596686906331,0.00413154483937594,0.00524038889875068
"295",2021-01-11,0.0681047188823689,0.00407081862446416,0.00452520661140292,0.000581545517780595,0.0919978970832768,0.0880900540273322,0.0959057401392213,0.00372294307094634,0.00318596125803014,0.00425992488386254,0.00447908499368575,0.00393374942462303,0.00502442056274846
"296",2021-01-12,0.0731822067063712,0.00396234853572452,0.00441673652266328,0.000566049790817789,0.0936043701069411,0.0896106046991778,0.0975981355147045,0.00333826127256661,0.00279540895552775,0.00388111358960548,0.00429975592326764,0.00376470794818927,0.00483480389834601
"297",2021-01-13,0.0731822067063712,0.00396234853572452,0.00441673652266328,0.000566049790817789,0.0952704958899444,0.0911689090669006,0.0993720827129882,0.00297445150480584,0.00242153146264804,0.00352737154696363,0.00414723192165633,0.00362339784373583,0.00467106599957683
"298",2021-01-14,0.0731822067063712,0.00396234853572452,0.00441673652266328,0.000566049790817789,0.0969930321098542,0.0927619999091521,0.101224064310556,0.00263298841542192,0.00206813700983725,0.00319783982100658,0.00402094812812997,0.00350896519452454,0.00453293106173541
"299",2021-01-15,0.0790471620416719,0.00406427389998753,0.00451866188692629,0.000580610557141076,0.0987684390063831,0.0943872965222776,0.103149581490489,0.00231499117080812,0.00173886038835652,0.00289112195325972,0.00392057581391278,0.00342076387521848,0.00442038775260708
"300",2021-01-16,0.0790471620416719,0.00406427389998753,0.00451866188692629,0.000580610557141076,0.100592852002778,0.0960425236133589,0.105143180392197,0.0020212260431641,0.0014367708241541,0.0026056812621741,0.00384591654527576,0.00335820792767783,0.00433362516287368
"301",2021-01-17,0.0975082668709685,0.00157212584937329,0.00359863968568533,0.000224589407053327,0.102462055559716,0.0977256061222773,0.107198504997155,0.00175246418123267,0.00116471781260822,0.00234021054985713,0.00379519269948526,0.00331892071201879,0.00427146468695174
"302",2021-01-18,0.0975082668709685,0.00157212584937329,0.00359863968568533,0.000224589407053327,0.104371458539364,0.0994345557982091,0.109308361280519,0.00150923029424713,0.000924793245294201,0.00209366734320007,0.00376581509775323,0.00329961796355931,0.00423201223194714
"303",2021-01-19,0.102782114936033,0.00158097458773749,0.00361633716241374,0.000225853512533927,0.106316071394093,0.101167362307266,0.11146478048092,0.00129134399256219,0.000717473014416436,0.00186521497070795,0.00375560445048104,0.00329743507418641,0.00421377382677567
"304",2021-01-20,0.106525743440959,0,0.00363423498793529,0,0.108290485529602,0.102921896846761,0.113659074212443,0.00109803558993068,0.000541822618890536,0.00165424856097083,0.00376271130551477,0.00330984999017989,0.00421557262084964
"305",2021-01-21,0.109305120988822,0,0.00362228067590147,0,0.110288855225118,0.104695831538761,0.115881878911475,0.000928083164192375,0.000395838614364214,0.00146032771402053,0.00378552971945508,0.00333462186430493,0.00423643757460522
"306",2021-01-22,0.111053633187276,0,0.00358113921240845,0,0.11230488252326,0.106486574323349,0.118123190723171,0.000779940277570774,0.000276803425633112,0.00128307712950844,0.00382262449562744,0.00336976624046933,0.00427548275078556
"307",2021-01-23,0.112757311739615,0,0.00354105265823576,0,0.114331805528109,0.108291216923234,0.120372394132985,0.000651850118654026,0.000181605009282898,0.00112209522802515,0.00387266866432469,0.00341355577943143,0.00433178154921795
"308",2021-01-24,0.118618924358205,0,0.0046470295361786,0,0.116362390571129,0.11010649246471,0.122618288677547,0.000541943565757373,0.000106998920451569,0.000976888211063176,0.00393438881805681,0.00346452985958985,0.00440424777652377
"309",2021-01-25,0.118734398442377,0,0.00469209259341666,0,0.1183889287198,0.111928739097565,0.124849118342034,0.000448320156025044,4.98065998341538e-05,0.000846833712215935,0.00400651666418236,0.00352149487822301,0.00449153845014171
"310",2021-01-26,0.120356796522996,0,0.00465259072710594,0,0.120403237112078,0.113753866061488,0.127052608162669,0.000369112131354738,7.05300711422514e-06,0.000731171255595252,0.00408774577670877,0.00358350257634682,0.00459198897707071
"311",2021-01-27,0.127846151762773,0,0.00472677100757611,0,0.122396665599945,0.115577318796969,0.129216012402921,0.000302532611901056,-2.39484180008565e-05,0.000629013641802968,0.00417669305723986,0.00364980409631465,0.00470358201816507
"312",2021-01-28,0.134098987500585,0,0.00480463198898565,0,0.124360109176283,0.117394039684204,0.131326178668362,0.000246909538323037,-4.55534296723679e-05,0.000539372506318441,0.0042718648768365,0.00371978679681086,0.00482394295686214
"313",2021-01-29,0.134098987500585,0,0.00480463198898565,0,0.126284026639997,0.119198420658311,0.133369632621684,0.000200707360757338,-5.97769386714971e-05,0.000461191660186173,0.00437162827918163,0.00379290436123499,0.00495035219712826
"314",2021-01-30,0.139691941936925,0,0.00482315170566227,0,0.128158465923586,0.1209842431467,0.135332688700471,0.000162538581155151,-6.83056690547408e-05,0.000393382831365042,0.00447418798427616,0.00386860832442513,0.0050797676441272
"315",2021-01-31,0.143722923924141,0,0.00484188593643167,0,0.129973096464412,0.122744599322659,0.137201593606166,0.000131167224648421,-7.25252549694209e-05,0.000334859704266264,0.00457757023565513,0.00394628395811461,0.00520885651319565
"316",2021-02-01,0.143722923924141,0,0.00484188593643167,0,0.131717594664696,0.124471974798043,0.13896321453135,0.000105506171671235,-7.35551266188001e-05,0.00028456746996127,0.00467961476996259,0.0040251885650706,0.00533404097485459
"317",2021-02-02,0.143722923924141,0,0.00484188593643167,0,0.133386963490498,0.126161025162805,0.140612901818191,8.46100671508731e-05,-7.2286170899692e-05,0.000241506305201438,0.00477797633651882,0.00410438684534862,0.00545156582768901
"318",2021-02-03,0.143722923924141,0,0.00484188593643167,0,0.134980808329025,0.127808196056557,0.142153420601493,6.76652707060261e-05,-6.94176693344487e-05,0.000204748210746501,0.00487013723252379,0.00418267573821974,0.00555759872682784
"319",2021-02-04,0.143722923924141,0,0.00484188593643167,0,0.136499134231837,0.129409431652012,0.143588836811662,5.39780493248522e-05,-6.5491318914263e-05,0.000173447417563967,0.00495343222080431,0.0042584889985124,0.00564837544309623
"320",2021-02-05,0.143722923924141,0,0.00484188593643167,0,0.137942214189238,0.13096005549826,0.144924372880216,4.29619609214772e-05,-6.09211821196856e-05,0.00014684510396264,0.00502508693648348,0.0043297688280553,0.00572040504491166
"321",2021-02-06,0.143722923924141,0,0.00484188593643167,0,0.139310580741127,0.132454711514193,0.146166449968062,3.41251463574761e-05,-5.60191799785532e-05,0.000124269472693505,0.00508227044645626,0.00439378807004258,0.00577075282286995
"322",2021-02-07,0.143722923924141,0,0.00484188593643167,0,0.140605016718201,0.133887310819045,0.147322722617357,2.70580452502873e-05,-5.10162456596139e-05,0.000105132336160188,0.00512216732270096,0.00444690705300044,0.00579742759240149
"323",2021-02-08,0.145643359420301,0,0.00486083843008382,0,0.14182654523106,0.135251005985378,0.148402084476743,2.14210149141613e-05,-4.60712831087827e-05,8.89133129371054e-05,0.00514330381896288,0.00448497347614094,0.00580163416178481
"324",2021-02-09,0.145643359420301,0,0.00486083843008382,0,0.142976419024644,0.136538226049658,0.149414611999629,1.69334168498952e-05,-4.12781320573364e-05,7.51449657571269e-05,0.00514724025973969,0.00450475793757339,0.00578972258190599
"325",2021-02-10,0.149862058528709,0,0.00485449644577386,0,0.144056109314203,0.137740817915872,0.150371400712534,1.33671903783397e-05,-3.67053211721126e-05,6.34397019287921e-05,0.00513612200298137,0.00450383344717009,0.00576841055879265
"326",2021-02-11,0.149862058528709,0,0.00485449644577386,0,0.145067294216902,0.13885034594513,0.151284242488674,1.05379635494287e-05,-3.24043593644646e-05,5.3480286463322e-05,0.00511222121592373,0.00448124516710742,0.00574319726474004
"327",2021-02-12,0.149862058528709,0,0.00485449644577386,0,0.146011846890082,0.139858589788157,0.152165103992008,8.29706174818776e-06,-2.8411292838945e-05,4.50054163353205e-05,0.00507787665930218,0.00443818063005792,0.00571757268854644
"328",2021-02-13,0.149862058528709,0,0.00485449644577386,0,0.146891823483481,0.140758237961044,0.153025409005917,6.52488814062971e-06,-2.47481395722408e-05,3.77979158535002e-05,0.00503544255618665,0.00437807553085864,0.00569280958151467
"329",2021-02-14,0.149862058528709,0,0.00485449644577386,0,0.147709451008262,0.141543699280148,0.153875202736375,5.12546160433174e-06,-2.14245223442386e-05,3.16754455529021e-05,0.00498724747777813,0.00430605412289931,0.00566844083265695
"330",2021-02-15,0.149862058528709,0,0.00485449644577386,0,0.148467115220741,0.14221187071623,0.154722359725251,4.02192632012637e-06,-1.84395399412625e-05,2.64833925815152e-05,0.00493556361990572,0.0042280293245444,0.00564309791526704
"331",2021-02-16,0.149862058528709,0,0.00485449644577386,0,0.149167348613275,0.142762660155228,0.155572037071322,3.15287312660994e-06,-1.57837787774249e-05,2.20895250306448e-05,0.00488258640307103,0.00414988634921391,0.00561528645692815
"332",2021-02-17,0.149862058528709,0,0.00485449644577386,0,0.149812818599039,0.143199111227944,0.156426525970133,2.46933598368182e-06,-1.34413271500812e-05,1.83799991174448e-05,0.00483042401405465,0.00407694712366424,0.00558390090444506
"333",2021-02-18,0.149862058528709,0,0.00485449644577386,0,0.150406315971396,0.143527105610971,0.157285526331821,1.93234749187958e-06,-1.13916677401304e-05,1.52563627238895e-05,0.00478109631764063,0.00401367610362952,0.00554851653165174
"334",2021-02-19,0.149862058528709,0,0.00485449644577386,0,0.150950743712439,0.143754755722811,0.158146731702066,1.51095548576259e-06,-9.61135955755859e-06,1.26332705290838e-05,0.00473654249617543,0.00396348975614261,0.00550959523620826
"335",2021-02-20,0.14960736122793,0,0.00484817899525234,0,0.151449106219035,0.143891671814851,0.159006540623219,1.18061842838139e-06,-8.07545975637435e-06,1.04366966131371e-05,0.00469863681257699,0.00392851944518137,0.00546875417997261
"336",2021-02-21,0.14960736122793,0,0.00484817899525234,0,0.151904499008558,0.14394827095566,0.159860727061455,9.21910876887541e-07,-6.75866943488455e-06,8.60249118865963e-06,0.00466921202874012,0.00390917405833563,0.00542924999914461
"337",2021-02-22,0.14960736122793,0,0.00484817899525234,0,0.152320098960328,0.143935226829792,0.160704971090864,7.19481878114758e-07,-5.63621243115051e-06,7.07517618738003e-06,0.00465009023773729,0.0039033387176309,0.00539684175784368
"338",2021-02-23,0.14960736122793,0,0.00484817899525234,0,0.152699155142908,0.143863087719497,0.161535222566319,5.61219001786238e-07,-4.68447216889544e-06,5.80691017246792e-06,0.00464312118061328,0.00390512310415559,0.00538111925707097
"339",2021-02-24,0.14960736122793,0,0.00484817899525234,0,0.153044980271638,0.143742043455636,0.162347917087639,4.37579036486361e-07,-3.88142021639872e-06,4.75657828937144e-06,0.00465022851888307,0.00390354303658801,0.00539691400117813
"340",2021-02-25,0.150144365212494,0,0.00476556299762711,0,0.153360942835393,0.143581803386209,0.163140082284576,3.41053356913466e-07,-3.20687324356481e-06,3.88897995739174e-06,0.0046734650322023,0.0038826917770049,0.0054642382873997
"341",2021-02-26,0.150144365212494,0,0.00476556299762711,0,0.153650459926437,0.143391547068904,0.16390937278397,2.6574180249949e-07,-2.64261427569623e-06,3.17409788069521e-06,0.00471507832776221,0.00382545344660736,0.00560470320891705
"342",2021-02-27,0.150144365212494,0,0.00476556299762711,0,0.153916990802522,0.143179917136847,0.164654064468197,2.07013752679729e-07,-2.17241102230057e-06,2.58643852766003e-06,0.00477758941801309,0.00371911861956904,0.00583606021645714
"343",2021-02-28,0.150144365212494,0,0.00476556299762711,0,0.154164031206064,0.142955032995252,0.165373029416876,1.61239090795851e-07,-1.78195972555948e-06,2.10443790715118e-06,0.00486388749837512,0.00355707960977555,0.00617069538697469
"344",2021-03-01,0.150144365212494,0,0.00476556299762711,0,0.154395108461365,0.142724511720139,0.166065705202591,1.25575047298227e-07,-1.45877821500907e-06,1.70992830960552e-06,0.00497734551253101,0.0033354164262409,0.00661927459882113
