"","date","p_cases_infected","p_cases_recent","p_cases_active","p_cases_daily","p_cases_infected_smooth","p_cases_infected_smooth_low","p_cases_infected_smooth_high"
"1",2020-04-07,0.00178571428571429,0,0,0,0.000567700049124992,0.000447885785693789,0.000687514312556196
"2",2020-04-08,0.0033921302578019,0,0,0,0.000567700049124992,0.000447885785693789,0.000687514312556196
"3",2020-04-09,0.0071609098567818,0,0,0,0.000567700049124992,0.000447885785693789,0.000687514312556196
"4",2020-04-10,0.00765654908394859,0,0,0,0.000567700049124992,0.000447885785693789,0.000687514312556196
"5",2020-04-11,0.00312963267995388,0,0,0,0.000567700049124992,0.000447885785693789,0.000687514312556196
"6",2020-04-12,0.0100072780203785,0,0,0,0.000567700049124992,0.000447885785693789,0.000687514312556196
"7",2020-04-13,0.0031326139923425,0,0,0,0.000567700049124992,0.000447885785693789,0.000687514312556196
"8",2020-04-14,0.00274630964641263,0,0,0,0.000567700049124992,0.000447885785693789,0.000687514312556196
"9",2020-04-15,0.00274630964641263,0,0,0,0.000567700049124992,0.000447885785693789,0.000687514312556196
"10",2020-04-16,0.00126063662149385,0,0,0,0.000567700049124992,0.000447885785693789,0.000687514312556196
"11",2020-04-17,0.00126063662149385,0,0,0,0.000567700049124992,0.000447885785693789,0.000687514312556196
"12",2020-04-18,0.00126063662149385,0,0,0,0.000567700049124992,0.000447885785693789,0.000687514312556196
"13",2020-04-19,0.00126063662149385,0,0,0,0.000567700049124992,0.000447885785693789,0.000687514312556196
"14",2020-04-20,0.00126063662149385,0,0,0,0.000567700049124992,0.000447885785693789,0.000687514312556196
"15",2020-04-21,0.00126063662149385,0,0,0,0.000567700049124992,0.000447885785693789,0.000687514312556196
"16",2020-04-22,0.00126063662149385,0,0,0,0.000567700049124992,0.000447885785693789,0.000687514312556196
"17",2020-04-23,0.00126063662149385,0,0,0,0.000567700049124992,0.000447885785693789,0.000687514312556196
"18",2020-04-24,0.00126063662149385,0,0,0,0.000567700049124992,0.000447885785693789,0.000687514312556196
"19",2020-04-25,0.00126063662149385,0,0,0,0.000567700049124992,0.000447885785693789,0.000687514312556196
"20",2020-04-26,0.00129743756081739,0,0,0,0.000567700049124992,0.000447885785693789,0.000687514312556196
"21",2020-04-27,0.00129743756081739,0,0,0,0.000567700049124992,0.000447885785693789,0.000687514312556196
"22",2020-04-28,0.00129743756081739,0,0,0,0.000567700049124992,0.000447885785693789,0.000687514312556196
"23",2020-04-29,0.00129743756081739,0,0,0,0.000567700049124992,0.000447885785693789,0.000687514312556196
"24",2020-04-30,0.00129743756081739,0,0,0,0.000567700049124992,0.000447885785693789,0.000687514312556196
"25",2020-05-01,0.00129743756081739,0,0,0,0.000567700049124992,0.000447885785693789,0.000687514312556196
"26",2020-05-02,0.00129743756081739,0,0,0,0.000567700049124992,0.000447885785693789,0.000687514312556196
"27",2020-05-03,0.00129743756081739,0,0,0,0.000567700049124992,0.000447885785693789,0.000687514312556196
"28",2020-05-04,0.00129743756081739,0,0,0,0.000567700049124992,0.000447885785693789,0.000687514312556196
"29",2020-05-05,0.00129743756081739,0,0,0,0.000567700049124992,0.000447885785693789,0.000687514312556196
"30",2020-05-06,0.00129743756081739,0,0,0,0.000567700049124992,0.000447885785693789,0.000687514312556196
"31",2020-05-07,0.00129743756081739,0,0,0,0.000567700049124992,0.000447885785693789,0.000687514312556196
"32",2020-05-08,0.00129743756081739,0,0,0,0.000567700049124992,0.000447885785693789,0.000687514312556196
"33",2020-05-09,0.00129743756081739,0,0,0,0.000567700049124992,0.000447885785693789,0.000687514312556196
"34",2020-05-10,0.00129743756081739,0,0,0,0.000567700049124992,0.000447885785693789,0.000687514312556196
"35",2020-05-11,0.00129743756081739,0,0,0,0.000567700049124992,0.000447885785693789,0.000687514312556196
"36",2020-05-12,0.00129743756081739,0,0,0,0.000567700049124992,0.000447885785693789,0.000687514312556196
"37",2020-05-13,0.00129743756081739,0,0,0,0.000567700049124992,0.000447885785693789,0.000687514312556196
"38",2020-05-14,0.00129743756081739,0,0,0,0.000567700049124992,0.000447885785693789,0.000687514312556196
"39",2020-05-15,0.00129743756081739,0,0,0,0.000567700049124992,0.000447885785693789,0.000687514312556196
"40",2020-05-16,0.00129743756081739,0,0,0,0.000567700049124992,0.000447885785693789,0.000687514312556196
"41",2020-05-17,0.00129743756081739,0,0,0,0.000567700049124992,0.000447885785693789,0.000687514312556196
"42",2020-05-18,0.00129743756081739,0,0,0,0.000567700049124992,0.000447885785693789,0.000687514312556196
"43",2020-05-19,0.00129743756081739,0,0,0,0.000567700049124992,0.000447885785693789,0.000687514312556196
"44",2020-05-20,0.00129743756081739,0,0,0,0.000567700049124992,0.000447885785693789,0.000687514312556196
"45",2020-05-21,0.00129743756081739,0,0,0,0.000567700049124992,0.000447885785693789,0.000687514312556196
"46",2020-05-22,0.00129743756081739,0,0,0,0.000567700049124992,0.000447885785693789,0.000687514312556196
"47",2020-05-23,0.00129743756081739,0,0,0,0.000567700049124992,0.000447885785693789,0.000687514312556196
"48",2020-05-24,0.00129743756081739,0,0,0,0.000567700049124992,0.000447885785693789,0.000687514312556196
"49",2020-05-25,0.00129743756081739,0,0,0,0.000567700049124992,0.000447885785693789,0.000687514312556196
"50",2020-05-26,0.00129743756081739,0,0,0,0.000567700049124992,0.000447885785693789,0.000687514312556196
"51",2020-05-27,0.00129743756081739,0,0,0,0.000567700049124992,0.000447885785693789,0.000687514312556196
"52",2020-05-28,0.00129743756081739,0,0,0,0.000567700049124992,0.000447885785693789,0.000687514312556196
"53",2020-05-29,0.00129743756081739,0,0,0,0.000567700049124992,0.000447885785693789,0.000687514312556196
"54",2020-05-30,0.00129743756081739,0,0,0,0.000567700049124992,0.000447885785693789,0.000687514312556196
"55",2020-05-31,0.00129743756081739,0,0,0,0.000567700049124992,0.000447885785693789,0.000687514312556196
"56",2020-06-01,0.00129743756081739,0,0,0,0.000567700049124992,0.000447885785693789,0.000687514312556196
"57",2020-06-02,0.00129743756081739,0,0,0,0.000567700049124992,0.000447885785693789,0.000687514312556196
"58",2020-06-03,0.00129743756081739,0,0,0,0.000567700049124992,0.000447885785693789,0.000687514312556196
"59",2020-06-04,0.00129743756081739,0,0,0,0.000567700049124992,0.000447885785693789,0.000687514312556196
"60",2020-06-05,0.00129743756081739,0,0,0,0.000567700049124992,0.000447885785693789,0.000687514312556196
"61",2020-06-06,0.00129743756081739,0,0,0,0.000567700049124992,0.000447885785693789,0.000687514312556196
"62",2020-06-07,0.00129743756081739,0,0,0,0.000567700049124992,0.000447885785693789,0.000687514312556196
"63",2020-06-08,0.00129743756081739,0,0,0,0.000567700049124992,0.000447885785693789,0.000687514312556196
"64",2020-06-09,0.00129743756081739,0,0,0,0.000567700049124992,0.000447885785693789,0.000687514312556196
"65",2020-06-10,0.00129743756081739,0,0,0,0.000567700049124992,0.000447885785693789,0.000687514312556196
"66",2020-06-11,0.00129743756081739,0,0,0,0.000567700049124992,0.000447885785693789,0.000687514312556196
"67",2020-06-12,0.00129743756081739,0,0,0,0.000567700049124992,0.000447885785693789,0.000687514312556196
"68",2020-06-13,0.00129743756081739,0,0,0,0.000567700049124992,0.000447885785693789,0.000687514312556196
"69",2020-06-14,0.00129743756081739,0,0,0,0.000567700049124992,0.000447885785693789,0.000687514312556196
"70",2020-06-15,0.00129743756081739,0,0,0,0.000567700049124992,0.000447885785693789,0.000687514312556196
"71",2020-06-16,0.00129743756081739,0,0,0,0.000567700049124992,0.000447885785693789,0.000687514312556196
"72",2020-06-17,0.00129743756081739,0,0,0,0.000567700049124992,0.000447885785693789,0.000687514312556196
"73",2020-06-18,0.00129743756081739,0,0,0,0.000567700049124992,0.000447885785693789,0.000687514312556196
"74",2020-06-19,0.00129743756081739,0,0,0,0.000567700049124992,0.000447885785693789,0.000687514312556196
"75",2020-06-20,0.00129743756081739,0,0,0,0.000567700049124992,0.000447885785693789,0.000687514312556196
"76",2020-06-21,0.00129743756081739,0,0,0,0.000567700049124992,0.000447885785693789,0.000687514312556196
"77",2020-06-22,0.00129743756081739,0,0,0,0.000567700049124992,0.000447885785693789,0.000687514312556196
"78",2020-06-23,0.00129743756081739,0,0,0,0.000567700049124992,0.000447885785693789,0.000687514312556196
"79",2020-06-24,0.00129743756081739,0,0,0,0.000567700049124992,0.000447885785693789,0.000687514312556196
"80",2020-06-25,0.00129743756081739,0,0,0,0.000567700049124992,0.000447885785693789,0.000687514312556196
"81",2020-06-26,0.00129743756081739,0,0,0,0.000567700049124992,0.000447885785693789,0.000687514312556196
"82",2020-06-27,0.00129743756081739,0,0,0,0.000567700049124992,0.000447885785693789,0.000687514312556196
"83",2020-06-28,0.00129743756081739,0,0,0,0.000567700049124992,0.000447885785693789,0.000687514312556196
"84",2020-06-29,0.00129743756081739,0,0,0,0.000567700049124992,0.000447885785693789,0.000687514312556196
"85",2020-06-30,0.00129743756081739,0,0,0,0.000567700049124992,0.000447885785693789,0.000687514312556196
"86",2020-07-01,0.00129743756081739,0,0,0,0.000567700049124992,0.000447885785693789,0.000687514312556196
"87",2020-07-02,0.00129743756081739,0,0,0,0.000567700049124992,0.000447885785693789,0.000687514312556196
"88",2020-07-03,0.00129743756081739,0,0,0,0.000567700049124992,0.000447885785693789,0.000687514312556196
"89",2020-07-04,0.00129743756081739,0,0,0,0.000567700049124992,0.000447885785693789,0.000687514312556196
"90",2020-07-05,0.00129743756081739,0,0,0,0.000567700049124992,0.000447885785693789,0.000687514312556196
"91",2020-07-06,0.00129743756081739,0,0,0,0.000567700049124992,0.000447885785693789,0.000687514312556196
"92",2020-07-07,0.00129743756081739,0,0,0,0.000567700049124992,0.000447885785693789,0.000687514312556196
"93",2020-07-08,0.00129743756081739,0,0,0,0.000567700049124992,0.000447885785693789,0.000687514312556196
"94",2020-07-09,0.00129743756081739,0,0,0,0.000567700049124992,0.000447885785693789,0.000687514312556196
"95",2020-07-10,0.00129743756081739,0,0,0,0.000567700049124992,0.000447885785693789,0.000687514312556196
"96",2020-07-11,0.00129743756081739,0,0,0,0.000567700049124992,0.000447885785693789,0.000687514312556196
"97",2020-07-12,0.00129743756081739,0,0,0,0.000567700049124992,0.000447885785693789,0.000687514312556196
"98",2020-07-13,0.00129743756081739,0,0,0,0.000567700049124992,0.000447885785693789,0.000687514312556196
"99",2020-07-14,0.00129743756081739,0,0,0,0.000567700049124992,0.000447885785693789,0.000687514312556196
"100",2020-07-15,0.00129743756081739,0,0,0,0.000567700049124992,0.000447885785693789,0.000687514312556196
"101",2020-07-16,0.00129743756081739,0,0,0,0.000567700049124992,0.000447885785693789,0.000687514312556196
"102",2020-07-17,0.00129743756081739,0,0,0,0.000567700049124992,0.000447885785693789,0.000687514312556196
"103",2020-07-18,0.00129743756081739,0,0,0,0.000567700049124992,0.000447885785693789,0.000687514312556196
"104",2020-07-19,0.00129743756081739,0,0,0,0.000567700049124992,0.000447885785693789,0.000687514312556196
"105",2020-07-20,0.00129743756081739,0,0,0,0.000567700049124992,0.000447885785693789,0.000687514312556196
"106",2020-07-21,0.00129743756081739,0,0,0,0.000567700049124992,0.000447885785693789,0.000687514312556196
"107",2020-07-22,0.0037037037037037,0,0,0,0.000567700049124992,0.000447885785693789,0.000687514312556196
"108",2020-07-23,0.00240963855421687,0,0,0,0.000567700049124992,0.000447885785693789,0.000687514312556196
"109",2020-07-24,0.0027027027027027,0,0,0,0.000567700049124992,0.000447885785693789,0.000687514312556196
"110",2020-07-25,0.0027027027027027,0,0,0,0.000567700049124992,0.000447885785693789,0.000687514312556196
"111",2020-07-26,0,0,0,0,0.000567700049124992,0.000447885785693789,0.000687514312556196
"112",2020-07-27,0,0,0,0,0.000567700049124992,0.000447885785693789,0.000687514312556196
"113",2020-07-28,0,0,0,0,0.000567700049124992,0.000447885785693789,0.000687514312556196
"114",2020-07-29,0,0,0,0,0.000567700049124992,0.000447885785693789,0.000687514312556196
"115",2020-07-30,0,0,0,0,0.000567700049124992,0.000447885785693789,0.000687514312556196
"116",2020-07-31,0,0,0,0,0.000567700049124992,0.000447885785693789,0.000687514312556196
"117",2020-08-01,0,0,0,0,0.000567700049124992,0.000447885785693789,0.000687514312556196
"118",2020-08-02,0,0,0,0,0.000567700049124992,0.000447885785693789,0.000687514312556196
"119",2020-08-03,0,0,0,0,0.000567700049124992,0.000447885785693789,0.000687514312556196
"120",2020-08-04,0,0,0,0,0.000567700049124992,0.000447885785693789,0.000687514312556196
"121",2020-08-05,0,0,0,0,0.000567700049124992,0.000447885785693789,0.000687514312556196
"122",2020-08-06,0,0,0,0,0.000567700049124992,0.000447885785693789,0.000687514312556196
"123",2020-08-07,0,0,0,0,0.000567700049124992,0.000447885785693789,0.000687514312556196
"124",2020-08-08,0,0,0,0,0.000567700049124992,0.000447885785693789,0.000687514312556196
"125",2020-08-09,0,0,0,0,0.000567700049124992,0.000447885785693789,0.000687514312556196
"126",2020-08-10,0,0,0,0,0.000567700049124992,0.000447885785693789,0.000687514312556196
"127",2020-08-11,0,0,0,0,0.000567700049124992,0.000447885785693789,0.000687514312556196
"128",2020-08-12,0,0,0,0,0.000567700049124992,0.000447885785693789,0.000687514312556196
"129",2020-08-13,0,0,0,0,0.000567700049124992,0.000447885785693789,0.000687514312556196
"130",2020-08-14,0,0,0,0,0.000567700049124992,0.000447885785693789,0.000687514312556196
"131",2020-08-15,0,0,0,0,0.000567700049124992,0.000447885785693789,0.000687514312556196
"132",2020-08-16,0,0,0,0,0.000567700049124992,0.000447885785693789,0.000687514312556196
"133",2020-08-17,0,0,0,0,0.000567700049124992,0.000447885785693789,0.000687514312556196
"134",2020-08-18,0,0,0,0,0.000567700049124992,0.000447885785693789,0.000687514312556196
"135",2020-08-19,0,0,0,0,0.000567700049124992,0.000447885785693789,0.000687514312556196
"136",2020-08-20,0,0,0,0,0.000567700049124992,0.000447885785693789,0.000687514312556196
"137",2020-08-21,0,0,0,0,0.000567700049124992,0.000447885785693789,0.000687514312556196
"138",2020-08-22,0,0,0,0,0.000567700049124992,0.000447885785693789,0.000687514312556196
"139",2020-08-23,0,0,0,0,0.000567700049124992,0.000447885785693789,0.000687514312556196
"140",2020-08-24,0,0,0,0,0.000567700049124992,0.000447885785693789,0.000687514312556196
"141",2020-08-25,0,0,0,0,0.000567700049124992,0.000447885785693789,0.000687514312556196
"142",2020-08-26,0,0,0,0,0.000567700049124992,0.000447885785693789,0.000687514312556196
"143",2020-08-27,0,0,0,0,0.000567700049124992,0.000447885785693789,0.000687514312556196
"144",2020-08-28,0,0,0,0,0.000567700049124992,0.000447885785693789,0.000687514312556196
"145",2020-08-29,0,0,0,0,0.000567700049124992,0.000447885785693789,0.000687514312556196
"146",2020-08-30,0,0,0,0,0.000567700049124992,0.000447885785693789,0.000687514312556196
"147",2020-08-31,0,0,0,0,0.000567700049124992,0.000447885785693789,0.000687514312556196
"148",2020-09-01,0,0,0,0,0.000567700049124992,0.000447885785693789,0.000687514312556196
"149",2020-09-02,0,0,0,0,0.000567700049124992,0.000447885785693789,0.000687514312556196
"150",2020-09-03,0,0,0,0,0.000567700049124992,0.000447885785693789,0.000687514312556196
"151",2020-09-04,0,0,0,0,0.000567700049124992,0.000447885785693789,0.000687514312556196
"152",2020-09-05,0,0,0,0,0.000567700049124992,0.000447885785693789,0.000687514312556196
"153",2020-09-06,0,0,0,0,0.000567700049124992,0.000447885785693789,0.000687514312556196
"154",2020-09-07,0,0,0,0,0.000567700049124992,0.000447885785693789,0.000687514312556196
"155",2020-09-08,0,0,0,0,0.000567700049124992,0.000447885785693789,0.000687514312556196
"156",2020-09-09,0,0,0,0,0.000567700049124992,0.000447885785693789,0.000687514312556196
"157",2020-09-10,0,0,0,0,0.000567700049124992,0.000447885785693789,0.000687514312556196
"158",2020-09-11,0,0,0,0,0.000567700049124992,0.000447885785693789,0.000687514312556196
"159",2020-09-12,0,0,0,0,0.000567700049124992,0.000447885785693789,0.000687514312556196
"160",2020-09-13,0,0,0,0,0.000567700049124992,0.000447885785693789,0.000687514312556196
"161",2020-09-14,0,0,0,0,0.000567700049124992,0.000447885785693789,0.000687514312556196
"162",2020-09-15,0,0,0,0,0.000567700049124992,0.000447885785693789,0.000687514312556196
"163",2020-09-16,0,0,0,0,0.000567700049124992,0.000447885785693789,0.000687514312556196
"164",2020-09-17,0,0,0,0,0.000567700049124992,0.000447885785693789,0.000687514312556196
"165",2020-09-18,0,0,0,0,0.000567700049124992,0.000447885785693789,0.000687514312556196
"166",2020-09-19,0,0,0,0,0.000567700049124992,0.000447885785693789,0.000687514312556196
"167",2020-09-20,0,0,0,0,0.000567700049124992,0.000447885785693789,0.000687514312556196
"168",2020-09-21,0,0,0,0,0.000567700049124992,0.000447885785693789,0.000687514312556196
"169",2020-09-22,0,0,0,0,0.000567700049124992,0.000447885785693789,0.000687514312556196
"170",2020-09-23,0,0,0,0,0.000567700049124992,0.000447885785693789,0.000687514312556196
"171",2020-09-24,0,0,0,0,0.000567700049124992,0.000447885785693789,0.000687514312556196
"172",2020-09-25,0,0,0,0,0.000567700049124992,0.000447885785693789,0.000687514312556196
"173",2020-09-26,0,0,0,0,0.000567700049124992,0.000447885785693789,0.000687514312556196
"174",2020-09-27,0,0,0,0,0.000567700049124992,0.000447885785693789,0.000687514312556196
"175",2020-09-28,0,0,0,0,0.000567700049124992,0.000447885785693789,0.000687514312556196
"176",2020-09-29,0,0,0,0,0.000567700049124992,0.000447885785693789,0.000687514312556196
"177",2020-09-30,0,0,0,0,0.000567700049124992,0.000447885785693789,0.000687514312556196
"178",2020-10-01,0,0,0,0,0.000567700049124992,0.000447885785693789,0.000687514312556196
"179",2020-10-02,0,0,0,0,0.000567700049124992,0.000447885785693789,0.000687514312556196
"180",2020-10-03,0,0,0,0,0.000567700049124992,0.000447885785693789,0.000687514312556196
"181",2020-10-04,0,0,0,0,0.000567700049124992,0.000447885785693789,0.000687514312556196
"182",2020-10-05,0,0,0,0,0.000567700049124992,0.000447885785693789,0.000687514312556196
"183",2020-10-06,0,0,0,0,0.000567700049124992,0.000447885785693789,0.000687514312556196
"184",2020-10-07,0,0,0,0,0.000567700049124992,0.000447885785693789,0.000687514312556196
"185",2020-10-08,0,0,0,0,0.000567700049124992,0.000447885785693789,0.000687514312556196
"186",2020-10-09,0,0,0,0,0.000567700049124992,0.000447885785693789,0.000687514312556196
"187",2020-10-10,0,0,0,0,0.000567700049124992,0.000447885785693789,0.000687514312556196
"188",2020-10-11,0,0,0,0,0.000567700049124992,0.000447885785693789,0.000687514312556196
"189",2020-10-12,0,0,0,0,0.000567700049124992,0.000447885785693789,0.000687514312556196
"190",2020-10-13,0,0,0,0,0.000567700049124992,0.000447885785693789,0.000687514312556196
"191",2020-10-14,0,0,0,0,0.000567700049124992,0.000447885785693789,0.000687514312556196
"192",2020-10-15,0,0,0,0,0.000567700049124992,0.000447885785693789,0.000687514312556196
"193",2020-10-16,0,0,0,0,0.000567700049124992,0.000447885785693789,0.000687514312556196
"194",2020-10-17,0,0,0,0,0.000567700049124992,0.000447885785693789,0.000687514312556196
"195",2020-10-18,0,0,0,0,0.000567700049124992,0.000447885785693789,0.000687514312556196
"196",2020-10-19,0,0,0,0,0.000567700049124992,0.000447885785693789,0.000687514312556196
"197",2020-10-20,0,0,0,0,0.000567700049124992,0.000447885785693789,0.000687514312556196
"198",2020-10-21,0,0,0,0,0.000567700049124992,0.000447885785693789,0.000687514312556196
"199",2020-10-22,0,0,0,0,0.000567700049124992,0.000447885785693789,0.000687514312556196
"200",2020-10-23,0,0,0,0,0.000567700049124992,0.000447885785693789,0.000687514312556196
"201",2020-10-24,0,0,0,0,0.000567700049124992,0.000447885785693789,0.000687514312556196
"202",2020-10-25,0,0,0,0,0.000567700049124992,0.000447885785693789,0.000687514312556196
"203",2020-10-26,0,0,0,0,0.000567700049124992,0.000447885785693789,0.000687514312556196
"204",2020-10-27,0,0,0,0,0.000567700049124992,0.000447885785693789,0.000687514312556196
"205",2020-10-28,0,0,0,0,0.000567700049124992,0.000447885785693789,0.000687514312556196
"206",2020-10-29,0,0,0,0,0.000567700049124992,0.000447885785693789,0.000687514312556196
"207",2020-10-30,0,0,0,0,0.000567700049124992,0.000447885785693789,0.000687514312556196
"208",2020-10-31,0,0,0,0,0.000567700049124992,0.000447885785693789,0.000687514312556196
"209",2020-11-01,0,0,0,0,0.000567700049124992,0.000447885785693789,0.000687514312556196
"210",2020-11-02,0,0,0,0,0.000567700049124992,0.000447885785693789,0.000687514312556196
"211",2020-11-03,0,0,0,0,0.000567700049124992,0.000447885785693789,0.000687514312556196
"212",2020-11-04,0,0,0,0,0.000567700049124992,0.000447885785693789,0.000687514312556196
"213",2020-11-05,0,0,0,0,0.000567700049124992,0.000447885785693789,0.000687514312556196
"214",2020-11-06,0,0,0,0,0.000567700049124992,0.000447885785693789,0.000687514312556196
"215",2020-11-07,0,0,0,0,0.000567700049124992,0.000447885785693789,0.000687514312556196
"216",2020-11-08,0,0,0,0,0.000567700049124992,0.000447885785693789,0.000687514312556196
"217",2020-11-09,0,0,0,0,0.000567700049124992,0.000447885785693789,0.000687514312556196
"218",2020-11-10,0,0,0,0,0.000567700049124992,0.000447885785693789,0.000687514312556196
"219",2020-11-11,0,0,0,0,0.000567700049124992,0.000447885785693789,0.000687514312556196
"220",2020-11-12,0,0,0,0,0.000567700049124992,0.000447885785693789,0.000687514312556196
"221",2020-11-13,0,0,0,0,0.000567700049124992,0.000447885785693789,0.000687514312556196
"222",2020-11-14,0,0,0,0,0.000567700049124992,0.000447885785693789,0.000687514312556196
"223",2020-11-15,0,0,0,0,0.000567700049124992,0.000447885785693789,0.000687514312556196
"224",2020-11-16,0,0,0,0,0.000567700049124992,0.000447885785693789,0.000687514312556196
"225",2020-11-17,0,0,0,0,0.000567700049124992,0.000447885785693789,0.000687514312556196
"226",2020-11-18,0,0,0,0,0.000567700049124992,0.000447885785693789,0.000687514312556196
"227",2020-11-19,0,0,0,0,0.000567700049124992,0.000447885785693789,0.000687514312556196
"228",2020-11-20,0,0,0,0,0.000567700049124992,0.000447885785693789,0.000687514312556196
"229",2020-11-21,0,0,0,0,0.000567700049124992,0.000447885785693789,0.000687514312556196
"230",2020-11-22,0,0,0,0,0.000567700049124992,0.000447885785693789,0.000687514312556196
"231",2020-11-23,0,0,0,0,0.000567700049124992,0.000447885785693789,0.000687514312556196
"232",2020-11-24,0,0,0,0,0.000567700049124992,0.000447885785693789,0.000687514312556196
"233",2020-11-25,0,0,0,0,0.000567700049124992,0.000447885785693789,0.000687514312556196
"234",2020-11-26,0,0,0,0,0.000567700049124992,0.000447885785693789,0.000687514312556196
"235",2020-11-27,0,0,0,0,0.000567700049124992,0.000447885785693789,0.000687514312556196
"236",2020-11-28,0,0,0,0,0.000567700049124992,0.000447885785693789,0.000687514312556196
"237",2020-11-29,0,0,0,0,0.000567700049124992,0.000447885785693789,0.000687514312556196
"238",2020-11-30,0,0,0,0,0.000567700049124992,0.000447885785693789,0.000687514312556196
"239",2020-12-01,0,0,0,0,0.000567700049124992,0.000447885785693789,0.000687514312556196
"240",2020-12-02,0,0,0,0,0.000567700049124992,0.000447885785693789,0.000687514312556196
"241",2020-12-03,0,0,0,0,0.000567700049124992,0.000447885785693789,0.000687514312556196
"242",2020-12-04,0,0,0,0,0.000567700049124992,0.000447885785693789,0.000687514312556196
"243",2020-12-05,0,0,0,0,0.000567700049124992,0.000447885785693789,0.000687514312556196
"244",2020-12-06,0,0,0,0,0.000567700049124992,0.000447885785693789,0.000687514312556196
"245",2020-12-07,0,0,0,0,0.000567700049124992,0.000447885785693789,0.000687514312556196
"246",2020-12-08,0,0,0,0,0.000567700049124992,0.000447885785693789,0.000687514312556196
"247",2020-12-09,0,0,0,0,0.000567700049124992,0.000447885785693789,0.000687514312556196
"248",2020-12-10,0,0,0,0,0.000567700049124992,0.000447885785693789,0.000687514312556196
"249",2020-12-11,0,0,0,0,0.000567700049124992,0.000447885785693789,0.000687514312556196
"250",2020-12-12,0,0,0,0,0.000567700049124992,0.000447885785693789,0.000687514312556196
"251",2020-12-13,0,0,0,0,0.000567700049124992,0.000447885785693789,0.000687514312556196
"252",2020-12-14,0,0,0,0,0.000567700049124992,0.000447885785693789,0.000687514312556196
"253",2020-12-15,0,0,0,0,0.000567700049124992,0.000447885785693789,0.000687514312556196
"254",2020-12-16,0,0,0,0,0.000567700049124992,0.000447885785693789,0.000687514312556196
"255",2020-12-17,0,0,0,0,0.000567700049124992,0.000447885785693789,0.000687514312556196
"256",2020-12-18,0,0,0,0,0.000567700049124992,0.000447885785693789,0.000687514312556196
"257",2020-12-19,0,0,0,0,0.000567700049124992,0.000447885785693789,0.000687514312556196
"258",2020-12-20,0,0,0,0,0.000567700049124992,0.000447885785693789,0.000687514312556196
"259",2020-12-21,0,0,0,0,0.000567700049124992,0.000447885785693789,0.000687514312556196
"260",2020-12-22,0,0,0,0,0.000567700049124992,0.000447885785693789,0.000687514312556196
"261",2020-12-23,0,0,0,0,0.000567700049124992,0.000447885785693789,0.000687514312556196
"262",2020-12-24,0,0,0,0,0.000567700049124992,0.000447885785693789,0.000687514312556196
"263",2020-12-25,0,0,0,0,0.000567700049124992,0.000447885785693789,0.000687514312556196
"264",2020-12-26,0,0,0,0,0.000567700049124992,0.000447885785693789,0.000687514312556196
"265",2020-12-27,0,0,0,0,0.000567700049124992,0.000447885785693789,0.000687514312556196
"266",2020-12-28,0,0,0,0,0.000567700049124992,0.000447885785693789,0.000687514312556196
"267",2020-12-29,0,0,0,0,0.000567700049124992,0.000447885785693789,0.000687514312556196
"268",2020-12-30,0,0,0,0,0.000567700049124992,0.000447885785693789,0.000687514312556196
"269",2020-12-31,0,0,0,0,0.000567700049124992,0.000447885785693789,0.000687514312556196
"270",2021-01-01,0,0,0,0,0.000567700049124992,0.000447885785693789,0.000687514312556196
"271",2021-01-02,0,0,0,0,0.000567700049124992,0.000447885785693789,0.000687514312556196
"272",2021-01-03,0,0,0,0,0.000567700049124992,0.000447885785693789,0.000687514312556196
"273",2021-01-04,0,0,0,0,0.000567700049124992,0.000447885785693789,0.000687514312556196
"274",2021-01-05,0,0,0,0,0.000567700049124992,0.000447885785693789,0.000687514312556196
"275",2021-01-06,0,0,0,0,0.000567700049124992,0.000447885785693789,0.000687514312556196
"276",2021-01-07,0,0,0,0,0.000567700049124992,0.000447885785693789,0.000687514312556196
"277",2021-01-08,0,0,0,0,0.000567700049124992,0.000447885785693789,0.000687514312556196
"278",2021-01-09,0,0,0,0,0.000567700049124992,0.000447885785693789,0.000687514312556196
"279",2021-01-10,0,0,0,0,0.000567700049124992,0.000447885785693789,0.000687514312556196
"280",2021-01-11,0,0,0,0,0.000567700049124992,0.000447885785693789,0.000687514312556196
"281",2021-01-12,0,0,0,0,0.000567700049124992,0.000447885785693789,0.000687514312556196
"282",2021-01-13,0,0,0,0,0.000567700049124992,0.000447885785693789,0.000687514312556196
"283",2021-01-14,0,0,0,0,0.000567700049124992,0.000447885785693789,0.000687514312556196
"284",2021-01-15,0,0,0,0,0.000567700049124992,0.000447885785693789,0.000687514312556196
"285",2021-01-16,0,0,0,0,0.000567700049124992,0.000447885785693789,0.000687514312556196
"286",2021-01-17,0,0,0,0,0.000567700049124992,0.000447885785693789,0.000687514312556196
"287",2021-01-18,0,0,0,0,0.000567700049124992,0.000447885785693789,0.000687514312556196
"288",2021-01-19,0,0,0,0,0.000567700049124992,0.000447885785693789,0.000687514312556196
"289",2021-01-20,0,0,0,0,0.000567700049124992,0.000447885785693789,0.000687514312556196
"290",2021-01-21,0,0,0,0,0.000567700049124992,0.000447885785693789,0.000687514312556196
"291",2021-01-22,0,0,0,0,0.000567700049124992,0.000447885785693789,0.000687514312556196
"292",2021-01-23,0,0,0,0,0.000567700049124992,0.000447885785693789,0.000687514312556196
"293",2021-01-24,0,0,0,0,0.000567700049124992,0.000447885785693789,0.000687514312556196
"294",2021-01-25,0,0,0,0,0.000567700049124992,0.000447885785693789,0.000687514312556196
"295",2021-01-26,0,0,0,0,0.000567700049124992,0.000447885785693789,0.000687514312556196
"296",2021-01-27,0,0,0,0,0.000567700049124992,0.000447885785693789,0.000687514312556196
"297",2021-01-28,0,0,0,0,0.000567700049124992,0.000447885785693789,0.000687514312556196
"298",2021-01-29,0,0,0,0,0.000567700049124992,0.000447885785693789,0.000687514312556196
"299",2021-01-30,0,0,0,0,0.000567700049124992,0.000447885785693789,0.000687514312556196
"300",2021-01-31,0,0,0,0,0.000567700049124992,0.000447885785693789,0.000687514312556196
"301",2021-02-01,0,0,0,0,0.000567700049124992,0.000447885785693789,0.000687514312556196
"302",2021-02-02,0,0,0,0,0.000567700049124992,0.000447885785693789,0.000687514312556196
"303",2021-02-03,0,0,0,0,0.000567700049124992,0.000447885785693789,0.000687514312556196
"304",2021-02-04,0,0,0,0,0.000567700049124992,0.000447885785693789,0.000687514312556196
"305",2021-02-05,0,0,0,0,0.000567700049124992,0.000447885785693789,0.000687514312556196
"306",2021-02-06,0,0,0,0,0.000567700049124992,0.000447885785693789,0.000687514312556196
"307",2021-02-07,0,0,0,0,0.000567700049124992,0.000447885785693789,0.000687514312556196
"308",2021-02-08,0,0,0,0,0.000567700049124992,0.000447885785693789,0.000687514312556196
"309",2021-02-09,0,0,0,0,0.000567700049124992,0.000447885785693789,0.000687514312556196
"310",2021-02-10,0,0,0,0,0.000567700049124992,0.000447885785693789,0.000687514312556196
"311",2021-02-11,0,0,0,0,0.000567700049124992,0.000447885785693789,0.000687514312556196
"312",2021-02-12,0,0,0,0,0.000567700049124992,0.000447885785693789,0.000687514312556196
"313",2021-02-13,0,0,0,0,0.000567700049124992,0.000447885785693789,0.000687514312556196
"314",2021-02-14,0,0,0,0,0.000567700049124992,0.000447885785693789,0.000687514312556196
"315",2021-02-15,0,0,0,0,0.000567700049124992,0.000447885785693789,0.000687514312556196
