Dates,"Accepted,age=0","Refused,age=0","Vaccinated,age=0","Accepted,age=1","Refused,age=1","Vaccinated,age=1","Accepted,age=2","Refused,age=2","Vaccinated,age=2"
2021-01-01,0.5058231523949059,0.49417684760509395,0.0,0.6021367394714549,0.3978632605285452,0.0,0.7617756613497173,0.2382243386502827,0.0
2021-01-02,0.49316917480100475,0.5068308251989952,0.0,0.5876922419375294,0.41230775806247055,0.0,0.7338958226045302,0.2661041773954697,0.0
2021-01-03,0.4551688761734275,0.5448311238265726,0.0,0.5737142544124284,0.4262857455875717,0.0,0.7488334353003185,0.25116656469968146,0.0
2021-01-04,0.49123341145889915,0.5087665885411008,0.0,0.5676544019907982,0.43234559800920164,0.0,0.7531946797039493,0.2468053202960508,0.0
2021-01-05,0.5059826927390165,0.4940173072609837,0.0,0.5412882376950626,0.45871176230493727,0.0,0.7132142637370338,0.2867857362629661,0.0
2021-01-06,0.5325497486096542,0.4674502513903458,0.0,0.5449840985151725,0.45501590148482757,0.0,0.7129933939953446,0.28700660600465544,0.0
2021-01-07,0.540164181656799,0.4598358183432009,0.0,0.5532621459950501,0.44368801658380397,0.0030498374211458917,0.6902405582758682,0.3039593739185742,0.005800067805557696
2021-01-08,0.5089546635276296,0.48334158338807787,0.007703753084292433,0.5653967134666741,0.4178973645812177,0.016705921952108193,0.6966268108340701,0.2834490525085543,0.0199241366573756
2021-01-09,0.43161635845723234,0.5603411979472718,0.008042443595495764,0.5333871578261834,0.42095694722491706,0.04565589494889965,0.7163315109272382,0.2602852293226013,0.02338325975016048
2021-01-10,0.4944208554117316,0.4974359578746579,0.008143186713610445,0.5184587853652094,0.4174522931285072,0.06408892150628344,0.6934185569569402,0.2606649122447379,0.045916530798322
2021-01-11,0.49548612009758464,0.48370566651770625,0.0208082133847092,0.49389420430872777,0.4241707018093326,0.08193509388193976,0.7166008120114143,0.22390054133319404,0.059498646655391535
2021-01-12,0.48710024160039345,0.4841160866981288,0.028783671701477796,0.534898330456755,0.37889027725329977,0.08621139228994523,0.7608864525067944,0.1522554532672937,0.0868580942259118
2021-01-13,0.4900171446708876,0.4824485362467885,0.027534319082323996,0.511383298251605,0.38117399435774457,0.10744270739065043,0.7496739200147164,0.1562055558835177,0.09412052410176587
2021-01-14,0.513129296733088,0.459771824524086,0.027098878742826082,0.5055776434671547,0.38757428776342184,0.1068480687694235,0.7407264749698106,0.15135216681316072,0.1079213582170287
2021-01-15,0.5082185036897001,0.4647029522188941,0.02707854409140569,0.5026737796809587,0.3963447262303112,0.10098149408872999,0.7153573163975997,0.1419645958057238,0.14267808779667657
2021-01-16,0.5347496423178401,0.42541940317611165,0.03983095450604833,0.519129391085097,0.3779269385180079,0.10294367039689518,0.6785493194222274,0.13531556566799474,0.1861351149097779
2021-01-17,0.5200835967663882,0.43434598798550783,0.045570415248104124,0.5174259204988364,0.36485722773094453,0.117716851770219,0.6720202994814399,0.1411499885963739,0.18682971192218614
2021-01-18,0.47731489511467806,0.4782272353089727,0.04445786957634925,0.5281256834346798,0.3650972442370058,0.10677707232831428,0.6378216884951751,0.15276837415071784,0.20940993735410712
2021-01-19,0.4454862222446662,0.5103287024488938,0.044185075306439996,0.5199132998932263,0.3673259980140215,0.1127607020927522,0.5904336309257701,0.18081704840321372,0.2287493206710161
2021-01-20,0.402047095761078,0.5375074569972884,0.06044544724163356,0.5374562989785264,0.34972495374088214,0.11281874728059153,0.611947507927266,0.15635925532966635,0.23169323674306763
2021-01-21,0.38346903093040463,0.5423124740809493,0.07421849498864613,0.5492876186528499,0.3269630882149505,0.12374929313219961,0.6088856073718478,0.13601537354042734,0.2550990190877248
2021-01-22,0.3713606716402599,0.5585299740064984,0.0701093543532417,0.5456438560482119,0.31831321481537267,0.1360429291364155,0.6118195776549868,0.13966808497572483,0.24851233736928835
2021-01-23,0.39119754543101903,0.4970755004910053,0.11172695407797573,0.5414857486551564,0.3265028765770604,0.1320113747677832,0.5722362660055051,0.2223920893449045,0.20537164464959023
2021-01-24,0.4038475518213259,0.4407758722181805,0.1553765759604938,0.5568391196595867,0.33113492379492593,0.11202595654548742,0.5393118945370093,0.21086985453753443,0.2498182509254563
2021-01-25,0.4522666641382586,0.40336389053618915,0.1443694453255523,0.5827926334047273,0.2925794433886181,0.12462792320665468,0.5374139666741444,0.2011070746048388,0.26147895872101684
2021-01-26,0.4835089585260597,0.3805217298949642,0.1359693115789761,0.5656846895741016,0.28978361552299275,0.14453169490290574,0.5425338561274846,0.20301398449010655,0.2544521593824089
2021-01-27,0.5087981479936552,0.34958618932255364,0.1416156626837911,0.5419826524848457,0.32435715624860956,0.1336601912665448,0.5040113249342225,0.19361223465328736,0.3023764404124902
2021-01-28,0.5018573989065949,0.36004199466825293,0.1381006064251523,0.5354130002532912,0.32421116251823695,0.14037583722847177,0.4915494984608727,0.1565993139681871,0.35185118757094014
2021-01-29,0.5629463780271436,0.312072392248285,0.1249812297245714,0.5415693913408021,0.32366234472322986,0.13476826393596805,0.426171589709305,0.16456529145923648,0.4092631188314585
2021-01-30,0.5593809859297515,0.36314073990173146,0.07747827416851705,0.5437206535508362,0.3117407064014311,0.14453864004773267,0.40189350417623193,0.11948744781813475,0.4786190480056334
2021-01-31,0.5332654453403585,0.41787018537037446,0.04886436928926717,0.5314290918534933,0.3089150771068572,0.1596558310396495,0.41505768730671655,0.12616841905760626,0.4587738936356772
2021-02-01,0.5286333034757744,0.4182295026342153,0.05313719389001016,0.5144549956185936,0.32712443905949223,0.1584205653219141,0.36591539573157794,0.12381445318375373,0.5102701510846683
2021-02-02,0.5393443812551417,0.3917404834124836,0.06891513533237471,0.5148908074811585,0.3314774270036341,0.15363176551520732,0.3334133497344519,0.13246835673706922,0.5341182935284788
2021-02-03,0.5007540552768462,0.42154484002915704,0.07770110469399663,0.517359337757357,0.3243893008833915,0.15825136135925136,0.3274710213682956,0.14815112482105924,0.5243778538106452
2021-02-04,0.45930876574201734,0.4292389977664373,0.11145223649154541,0.4912835298901026,0.3407849554805767,0.16793151462932068,0.2814131758511133,0.18108732024604512,0.5374995039028415
2021-02-05,0.33938335211194415,0.5355163800651155,0.12510026782294045,0.4836153534159658,0.33105764395302895,0.1853270026310053,0.3450393858980333,0.17023644704715057,0.4847241670548161
2021-02-06,0.3583803776778119,0.4976809754863737,0.14393864683581453,0.4868277408082939,0.34620328844755716,0.166968970744149,0.35917692362063336,0.1754729186884764,0.46535015769089016
2021-02-07,0.36301932616681076,0.48524791750160623,0.1517327563315831,0.48653418323087294,0.3581930469500199,0.15527276981910712,0.3585081678916746,0.17431098654046154,0.4671808455678639
2021-02-08,0.350998355851819,0.48828812444247544,0.16071351970570563,0.471425376738501,0.35953940017331165,0.1690352230881874,0.3504372310010782,0.17735317679227286,0.47220959220664893
2021-02-09,0.3560143867387352,0.47787836542322504,0.16610724783803973,0.4617306337875899,0.35429670781508754,0.18397265839732257,0.3431209085213455,0.1719692484610067,0.48490984301764783
2021-02-10,0.3751916471532623,0.46413328383579733,0.1606750690109403,0.46476324877670444,0.3418962771612046,0.19334047406209096,0.31418301635050155,0.14180052495804013,0.5440164586914583
2021-02-11,0.3980526059496464,0.4485973367722459,0.15335005727810763,0.47103111183850893,0.3413083405734338,0.18766054758805736,0.31148321374588683,0.12479684274478006,0.5637199435093332
2021-02-12,0.45242272455309845,0.3809656852304154,0.16661159021648617,0.477750819010129,0.32475394779890504,0.19749523319096585,0.24585103644084072,0.13258406206499337,0.6215649014941659
2021-02-13,0.42957027363982225,0.40586881632634925,0.16456091003382856,0.4595186144666196,0.33163469975036974,0.2088466857830106,0.21480587768860784,0.09989118701341446,0.6853029352979777
2021-02-14,0.43647212830374116,0.3935359777657068,0.16999189393055197,0.44112378452657075,0.3361413011988413,0.22273491427458791,0.19685792240880112,0.11190482675616016,0.6912372508350386
2021-02-15,0.41518397371779275,0.39271118251038795,0.19210484377181924,0.440850469220156,0.32604511580268924,0.23310441497715464,0.17293532126673644,0.10129024025313241,0.725774438480131
2021-02-16,0.42019861690378335,0.36300437973228866,0.216797003363928,0.42896596843713874,0.33430487982661933,0.23672915173624198,0.14275611551650724,0.09454004424675201,0.7627038402367408
2021-02-17,0.4127006278978074,0.3781462111839811,0.20915316091821146,0.43209522087755764,0.32674606125470534,0.24115871786773704,0.12464616912427666,0.12176808584850227,0.753585745027221
2021-02-18,0.4217026965054862,0.3788412123507662,0.19945609114374763,0.4447485080297535,0.3085040289812204,0.24674746298902614,0.09390309084449992,0.13706091144050803,0.7690359977149921
2021-02-19,0.43395168485244895,0.36618866031306535,0.1998596548344856,0.4110597709692112,0.3467117561040189,0.24222847292676997,0.12383837246757173,0.16890951169600055,0.7072521158364277
2021-02-20,0.43239130026406836,0.3440272034149036,0.22358149632102803,0.4138580329857176,0.3369011822896025,0.24924078472467995,0.1141787418015772,0.17729878440989988,0.708522473788523
2021-02-21,0.39051088084831365,0.38828010025017157,0.22120901890151481,0.3935657108641583,0.3689747521863451,0.23745953694949654,0.09436382440881934,0.15078188172352314,0.7548542938676575
2021-02-22,0.38637575621039183,0.415774200802903,0.19785004298670522,0.3786321286753931,0.3881238441835755,0.23324402714103143,0.10763667509808408,0.15539119200072565,0.7369721329011902
2021-02-23,0.360875091960426,0.45561353492802215,0.1835113731115518,0.40623372886885806,0.3687177386705678,0.22504853246057407,0.10701382210026089,0.15400040061825465,0.7389857772814845
2021-02-24,0.34120325074488844,0.47157805920713014,0.18721869004798136,0.3731776024965277,0.3824261912291862,0.24439620627428624,0.10492683625806415,0.13928393958937316,0.7557892241525628
2021-02-25,0.3358049565900446,0.4993388466174249,0.16485619679253052,0.3718930986983276,0.37588239524058303,0.2522245060610894,0.09732364296958118,0.12996276016413014,0.7727135968662886
2021-02-26,0.2958140452347297,0.5479077866251993,0.15627816814007106,0.3998341299265746,0.35037164529572323,0.2497942247777022,0.09443262315730094,0.09525691775386563,0.8103104590888335
2021-02-27,0.2759480797420065,0.5584880294133127,0.16556389084468084,0.38983247584582714,0.3533661336799845,0.25680139047418843,0.09718301062177354,0.11455035659527825,0.7882666327829482
2021-02-28,0.25496394539289424,0.5759087072826715,0.16912734732443435,0.40639570026474364,0.29438622038604045,0.2992180793492159,0.09207884077875234,0.12750923595114186,0.7804119232701059
2021-03-01,0.2722839576665051,0.5671073793339731,0.1606086629995218,0.40579178306117764,0.28533610284630695,0.3088721140925154,0.07487021255435916,0.11669409653971577,0.808435690905925
2021-03-02,0.3158386250449936,0.5268772207184445,0.15728415423656197,0.3556896079804532,0.3246805233180395,0.3196298687015074,0.0959668397269543,0.11640190519008851,0.7876312550829572
2021-03-03,0.2928360731159038,0.47898828429043133,0.22817564259366488,0.37256847201447013,0.3100183441105304,0.31741318387499956,0.09037570085764142,0.14181829540021607,0.7678060037421426
2021-03-04,0.26894051419271037,0.4758240367215911,0.2552354490856985,0.3727501346970068,0.3043132059087215,0.3229366593942717,0.09739085214702103,0.1535652809870084,0.7490438668659705
2021-03-05,0.2643996242157309,0.4798492114737376,0.25575116431053146,0.3180755768951347,0.3344976639920117,0.34742675911285353,0.08879926247907857,0.1362618013885477,0.7749389361323737
2021-03-06,0.24868118536489067,0.48097866768000114,0.2703401469551082,0.2918752066211394,0.33716913624005396,0.3709556571388066,0.08197418421368276,0.14173397202750668,0.7762918437588107
2021-03-07,0.3102754529649029,0.42675683850871543,0.26296770852638174,0.27921996134629956,0.35063133632306903,0.37014870233063135,0.09485483726409352,0.12887165731157568,0.7762735054243308
2021-03-08,0.31989335663089513,0.4176550978889169,0.26245154548018795,0.28623116623566713,0.3252932299734593,0.38847560379087365,0.11572350089696301,0.15879987658074368,0.7254766225222933
2021-03-09,0.21735473143973244,0.46434688863582585,0.3182983799244417,0.2869200510813503,0.3019834654535191,0.41109648346513056,0.09551656553351773,0.172317183905762,0.7321662505607203
2021-03-10,0.2517940922903775,0.5083708851035316,0.23983502260609108,0.27850386715398145,0.29520455079530217,0.4262915820507163,0.10634052271736871,0.1325500952938656,0.7611093819887658
2021-03-11,0.25522646010055366,0.4801577979260567,0.2646157419733897,0.25297558780066903,0.30081044352731606,0.44621396867201496,0.10502280683773685,0.12050638356100252,0.7744708096012607
2021-03-12,0.24805514926209749,0.4737333086387041,0.2782115420991984,0.26626528479368156,0.29617376591826244,0.4375609492880561,0.09816091192689519,0.14752772119777163,0.7543113668753332
2021-03-13,0.3009856759287027,0.4242760517028852,0.2747382723684121,0.2624318264488643,0.30769663382047163,0.429871539730664,0.09486306962733236,0.1486202281690945,0.7565167022035731
2021-03-14,0.2694206083570021,0.42850110415620996,0.30207828748678794,0.2538348922765841,0.3047919638405486,0.44137314388286736,0.07549434296452441,0.15951403838747397,0.7649916186480017
2021-03-15,0.28979158793769944,0.4252633550601598,0.2849450570021408,0.23610664573737758,0.2923587455876716,0.4715346086749508,0.0610542679242468,0.15880115389226448,0.7801445781834888
2021-03-16,0.2745457397215837,0.4724829170141467,0.2529713432642696,0.23841213090341773,0.30219572555806434,0.4593921435385179,0.05612024347163751,0.1521728446475203,0.7917069118808422
2021-03-17,0.29359975481560274,0.4507868725458791,0.25561337263851813,0.22417239506939093,0.30728847133299086,0.4685391335976183,0.03628069850517161,0.19142318101661088,0.7722961204782175
2021-03-18,0.31508483335697934,0.41571415793093214,0.2692010087120885,0.1927739249545115,0.3152340270911506,0.4919920479543379,0.02788947675301076,0.18142716091274252,0.7906833623342469
2021-03-19,0.32602201476538983,0.3859293680990309,0.2880486171355793,0.1985719222372201,0.28301136246825415,0.5184167152945259,0.022119514628697778,0.1814319514415444,0.7964485339297579
2021-03-20,0.29535992719651305,0.4730823530854584,0.23155771971802858,0.2163867105245798,0.2576356132365081,0.5259776762389121,0.015622548268659792,0.1743872570432714,0.8099901946880688
2021-03-21,0.26517766969948026,0.46106537405021586,0.27375695625030394,0.21232791509693563,0.24314803751831052,0.5445240473847538,0.023639860195185255,0.16551760414085426,0.8108425356639604
2021-03-22,0.19481577673388023,0.4885992614099257,0.3165849618561941,0.23161994676712397,0.24834475607500273,0.5200352971578733,0.01396864402070028,0.13478388467614708,0.8512474713031526
2021-03-23,0.19990739604000884,0.48172257580868855,0.31837002815130255,0.2185128615582329,0.26620652598104816,0.5152806124607189,0.03487734379186251,0.13676563706439454,0.8283570191437429
2021-03-24,0.17991894358647775,0.4811652705448347,0.33891578586868765,0.22591473127148,0.2770014568354835,0.49708381189303646,0.05954525326508865,0.13428897524280173,0.8061657714921096
2021-03-25,0.1970618454576006,0.47585898332724774,0.3270791712151516,0.23106806764479293,0.25407250397416214,0.5148594283810448,0.06662477273641376,0.1361452840563986,0.7972299432071877
2021-03-26,0.23604645361337703,0.44752630007117733,0.3164272463154457,0.19861153585341965,0.25652506422437205,0.5448633999222082,0.06201815351404409,0.10862437271739284,0.829357473768563
2021-03-27,0.2331938034036833,0.4067244581940273,0.3600817384022894,0.1829299732993974,0.24201472895109943,0.5750552977495031,0.0674582502291592,0.08924972500827558,0.8432920247625653
2021-03-28,0.2328963363292889,0.3875782574194009,0.3795254062513102,0.17042156508136033,0.2658519552168777,0.5637264797017619,0.08451928103930181,0.12342196867858578,0.7920587502821124
2021-03-29,0.2976411425775709,0.2990892062529276,0.4032696511695014,0.14569410433862023,0.26709558656972776,0.587210309091652,0.08305278870889006,0.12059909930921583,0.796348111981894
2021-03-30,0.2816956160545377,0.17765551004693653,0.5406488738985258,0.1490140318677015,0.24052559972097975,0.6104603684113187,0.0753018956979624,0.11936225392669186,0.8053358503753457
2021-03-31,0.2949084729706858,0.17784602380509984,0.5272455032242144,0.14128971480270666,0.23868531764534348,0.6200249675519499,0.06464588008266993,0.12242141669259993,0.8129327032247302
2021-04-01,0.26457637840597603,0.21504860900952766,0.5203750125844964,0.1309352317521184,0.26513336070378274,0.6039314075440988,0.0774958556614192,0.12676173020862713,0.7957424141299536
2021-04-02,0.21599839322585243,0.23008877390137228,0.5539128328727754,0.12146797200802528,0.27144121769004514,0.6070908103019296,0.0821029320807071,0.14239294758241577,0.7755041203368772
2021-04-03,0.22631496325086106,0.17012719027046358,0.6035578464786753,0.10366164975245003,0.30537499012494324,0.5909633601226066,0.08098748436907119,0.14633121119577547,0.7726813044351533
2021-04-04,0.2230166165788794,0.19409942531365865,0.582883958107462,0.10763015006216636,0.31224597644253677,0.5801238734952969,0.08944546886863682,0.10069081445387015,0.8098637166774931
2021-04-05,0.177314665315937,0.23421153946787931,0.5884737952161836,0.10175605389488784,0.31040420172037925,0.5878397443847329,0.08798313985972994,0.12273432780821203,0.789282532332058
2021-04-06,0.1788421299189139,0.2954921220045972,0.5256657480764888,0.08761688591414667,0.30887288912308747,0.6035102249627659,0.09752433627249144,0.13538426934721404,0.7670913943802946
2021-04-07,0.1666310728119292,0.3100001647097671,0.5233687624783037,0.08292038422601401,0.2899111664124518,0.6271684493615343,0.09655618984861955,0.09962146368520991,0.8038223464661705
2021-04-08,0.13501550347348962,0.31586756001473776,0.5491169365117726,0.08638643924136093,0.2959861752782342,0.6176273854804049,0.08051061813736046,0.11026441768191922,0.8092249641807203
2021-04-09,0.1329987315385439,0.3235402899410067,0.5434609785204494,0.11229657645179592,0.30112102522856055,0.5865823983196435,0.07124229224655375,0.0943940489183166,0.8343636588351296
2021-04-10,0.08479357282294442,0.4640576124286523,0.45114881474840324,0.1179712454062566,0.2744390791611439,0.6075896754325995,0.07220159482549846,0.09416903843074409,0.8336293667437575
2021-04-11,0.0967897032953982,0.45027269154167615,0.4529376051629257,0.1188468385808355,0.2590657071459279,0.6220874542732366,0.04337851890938539,0.09641309631514663,0.860208384775468
2021-04-12,0.08292259872392645,0.43871331675254466,0.47836408452352885,0.12810825819203278,0.24306332419114832,0.6288284176168188,0.06339947321639407,0.07276844647429986,0.863832080309306
2021-04-13,0.07205112338827016,0.3524298949851146,0.5755189816266152,0.13652108472874117,0.2415013158986983,0.6219775993725606,0.03996597804644785,0.0958442441308081,0.8641897778227441
2021-04-14,0.11740181096602616,0.3365232388434395,0.5460749501905344,0.1223429069488574,0.24044313691949903,0.6372139561316436,0.027610940265043724,0.11711205379843767,0.8552770059365186
2021-04-15,0.12340356416975465,0.29900294342567874,0.5775934924045667,0.11400213938146277,0.22969893984264922,0.6562989207758879,0.024522543464072327,0.11608399150934498,0.8593934650265826
2021-04-16,0.11449377827855624,0.3051035800284439,0.5804026416929999,0.07837567477834685,0.24164247216567647,0.6799818530559767,0.0239507181405426,0.11504153133805659,0.8610077505214009
2021-04-17,0.11486801683547324,0.24171084834996215,0.6434211348145646,0.07778401954151508,0.2582243060198722,0.6639916744386127,0.019133109750640948,0.10986565294110225,0.8710012373082567
2021-04-18,0.12739707318797938,0.24313390085026385,0.6294690259617568,0.0770375630570751,0.24697182143292665,0.6759906155099982,0.018047538110223867,0.10579025174350846,0.8761622101462677
2021-04-19,0.137037343467204,0.2894892541557864,0.5734734023770096,0.07395524207070191,0.26954504152045183,0.6564997164088463,0.0,0.1158988506486206,0.8841011493513795
2021-04-20,0.17105770210091573,0.3455423473639253,0.48339995053515894,0.05757688550637846,0.2789936249034572,0.6634294895901642,0.0,0.1050723087353706,0.8949276912646293
2021-04-21,0.14199113644424047,0.33557462261313137,0.5224342409426281,0.052367654477739965,0.2723949994915104,0.6752373460307496,0.0,0.11574072577551785,0.8842592742244821
2021-04-22,0.1416522220210864,0.3958167596422266,0.4625310183366871,0.050320651345657774,0.27701233501190786,0.6726670136424344,0.0,0.14408917737127114,0.8559108226287289
2021-04-23,0.13296157713908405,0.36848619838774715,0.4985522244731689,0.05200501052045392,0.2441091084986339,0.7038858809809122,0.0,0.16632169083758674,0.8336783091624133
2021-04-24,0.12870535332439098,0.3734552939080038,0.49783935276760527,0.04785289421622042,0.23788075022099467,0.7142663555627848,0.0,0.1923851743516503,0.8076148256483497
2021-04-25,0.11467971655199008,0.37256154984500445,0.5127587336030055,0.024206377852165197,0.2642072579609673,0.7115863641868675,0.0,0.23738968637495678,0.7626103136250433
2021-04-26,0.13404549617924508,0.31871426089295546,0.5472402429277996,0.024375114799161896,0.2653789220612923,0.7102459631395458,0.0,0.23802170405901063,0.7619782959409894
2021-04-27,0.1141111461414475,0.270732797199595,0.6151560566589576,0.022255731464452144,0.2614378412039956,0.7163064273315521,0.0,0.1875916507725756,0.8124083492274244
2021-04-28,0.10101461388147508,0.2596927288189138,0.6392926572996112,0.025263739982454517,0.29418408681649316,0.6805521732010523,0.0057124168796866635,0.17783951130971976,0.8164480718105936
2021-04-29,0.09683280988794721,0.19520219338433556,0.7079649967277173,0.03241227201193977,0.27214130706535034,0.6954464209227099,0.009696238950880225,0.1283878368786857,0.8619159241704341
2021-04-30,0.11888002539500181,0.21636693624850697,0.6647530383564912,0.04077799544708255,0.2962237005106882,0.6629983040422293,0.018274220576496938,0.12568977612021087,0.8560360033032921
2021-05-01,0.11801000641391655,0.2885383736970289,0.5934516198890545,0.039984703722845856,0.3126404857278101,0.6473748105493441,0.035900369888506936,0.14159948567972583,0.8225001444317672
2021-05-02,0.1108847086377131,0.28674687095039947,0.6023684204118873,0.041965658362417835,0.3257305329473057,0.6323038086902765,0.03144837228238879,0.10888235575695196,0.8596692719606592
2021-05-03,0.07799936078424796,0.3183962715355723,0.6036043676801797,0.0333349632534204,0.3197809638724079,0.6468840728741716,0.03843160773304309,0.08875698483878541,0.8728114074281714
2021-05-04,0.08187478187088235,0.32528721794274207,0.5928380001863757,0.03366476703634057,0.3367900451554746,0.6295451878081849,0.04897454483618882,0.10319601274257782,0.8478294424212334
2021-05-05,0.08454927186957874,0.3700393654889291,0.5454113626414923,0.03661117941148711,0.30034593770338863,0.6630428828851241,0.04120196085316198,0.11504742844398932,0.8437506107028487
2021-05-06,0.09401052047148453,0.3866412731489385,0.519348206379577,0.02991680459766081,0.2924273453811181,0.6776558500212212,0.0369084462467353,0.12362481118545324,0.8394667425678115
2021-05-07,0.0488787380589315,0.42599618053849203,0.5251250814025765,0.022176679027135018,0.30114507451240824,0.6766782464604567,0.04015104293367862,0.12063439396240747,0.8392145631039138
2021-05-08,0.10357165470826576,0.3328921763773181,0.5635361689144162,0.017398429398612473,0.2962127667301602,0.6863888038712272,0.021769517726110365,0.09179181893147385,0.8864386633424158
2021-05-09,0.09658253448130273,0.33171393531856225,0.571703530200135,0.021477688213164047,0.2838170435350755,0.6947052682517606,0.021560748302863968,0.10479753914050915,0.8736417125566269
2021-05-10,0.07095595743102298,0.32316233100064173,0.6058817115683353,0.04033856032174648,0.2991526058323576,0.6605088338458959,0.01583129865277291,0.117319366379284,0.8668493349679431
2021-05-11,0.07214788893124918,0.3584622409103486,0.5693898701584024,0.033790046611830965,0.2738724396121038,0.6923375137760651,0.009123609840267284,0.09966720417588062,0.8912091859838521
2021-05-12,0.07760135853756955,0.3340789856951046,0.5883196557673259,0.02759574790947847,0.30767156610421525,0.6647326859863062,0.009227308588812476,0.11603325294895868,0.8747394384622289
2021-05-13,0.03906621414564746,0.5029343876283445,0.4579993982260081,0.024520549092285748,0.33330104110039976,0.6421784098073146,0.02152119820061866,0.12366030779916809,0.8548184940002133
2021-05-14,0.06807426256315778,0.42538453459437864,0.5065412028424636,0.030306165516556138,0.3223892140807566,0.6473046204026874,0.011548781995075676,0.12307536806374308,0.8653758499411812
2021-05-15,0.035931420148660895,0.4988690801965132,0.46519949965482593,0.056449091278211926,0.3104947225128023,0.6330561862089858,0.011908141405311259,0.12432209640684384,0.8637697621878448
2021-05-16,0.04108568299866275,0.5131827299406398,0.4457315870606973,0.05368206027785614,0.2889204825009294,0.6573974572212146,0.011193418416151568,0.1427718779062559,0.8460347036775926
2021-05-17,0.0669583131891081,0.4925824198927685,0.4404592669181234,0.051156297765038196,0.28666062258871455,0.6621830796462472,0.04288595508300035,0.13470993602690218,0.8224041088900975
2021-05-18,0.06522902328715435,0.45663188292263196,0.4781390937902137,0.05584130145189196,0.3012321686534393,0.6429265298946687,0.05073538304947503,0.15851396583575433,0.7907506511147706
2021-05-19,0.05813721420489623,0.47426668273455147,0.4675961030605522,0.06204064431226488,0.295856585835165,0.64210276985257,0.052048439264023715,0.11398248079510345,0.8339690799408729
2021-05-20,0.09464162260164002,0.3666974578104336,0.5386609195879264,0.0773191815415608,0.25523804843789366,0.6674427700205455,0.041931174755627854,0.11582658502951965,0.8422422402148525
2021-05-21,0.04728047372814804,0.3482940890452508,0.6044254372266011,0.0805403184700229,0.24937545471880018,0.670084226811177,0.03666207499603793,0.18664227982661802,0.776695645177344
2021-05-22,0.05178507052819598,0.32116306510304793,0.6270518643687562,0.06501389603009512,0.2772305130925442,0.6577555908773607,0.04680043474692881,0.21669067233093736,0.7365088929221338
2021-05-23,0.047737015436729355,0.36535749144549345,0.5869054931177773,0.06959559125047307,0.26892307097859974,0.6614813377709273,0.047796318163574436,0.2022237787091076,0.7499799031273179
2021-05-24,0.04509267877774531,0.3802354878696691,0.5746718333525855,0.0568121020618198,0.2532922408158366,0.6898956571223436,0.019019024265400867,0.22595627242694302,0.7550247033076561
2021-05-25,0.06143118533236453,0.38850618069583975,0.5500626339717958,0.06004961794638545,0.2387808740650006,0.701169507988614,0.014140641616795858,0.24670697654884943,0.7391523818343546
2021-05-26,0.06165633537238512,0.34797685373715603,0.590366810890459,0.06284638681076671,0.2091189068208654,0.7280347063683679,0.013650168297222433,0.254264469744399,0.7320853619583786
2021-05-27,0.03687800205323223,0.32959995359219796,0.6335220443545697,0.0545489219844257,0.22501719524791441,0.7204338827676599,0.013186855238917243,0.23823767790088185,0.7485754668602009
2021-05-28,0.04239436364855033,0.38736005037666976,0.5702455859747799,0.05318990310434274,0.22000302748010778,0.7268070694155494,0.024217065394064687,0.17380837508281816,0.8019745595231171
2021-05-29,0.04539624813714355,0.3752589392951333,0.5793448125677231,0.04815165867793372,0.1820877617332037,0.7697605795888626,0.018302131031682847,0.14725621278570653,0.8344416561826106
2021-05-30,0.047011173056014155,0.3115485179415992,0.6414403090023867,0.03662555066032167,0.20403016152062592,0.7593442878190523,0.018436952845188495,0.181914574235295,0.7996484729195165
2021-05-31,0.05198935019291371,0.34594427559968904,0.6020663742073973,0.04527312996401001,0.22401283854524348,0.7307140314907464,0.020113177503210383,0.16172836718657146,0.8181584553102181
2021-06-01,0.05436881920618191,0.332073499341221,0.6135576814525971,0.035736676372521536,0.24574366617172663,0.7185196574557517,0.021820937358301075,0.16503403922626936,0.8131450234154296
2021-06-02,0.054129533781001785,0.3062788293278291,0.639591636891169,0.02986434119133473,0.28798014352771334,0.682155515280952,0.02339626841382075,0.14131862456545974,0.8352851070207195
2021-06-03,0.0677111460633446,0.3929187648397787,0.5393700890968767,0.027067374817570433,0.3301738113793733,0.6427588138030563,0.024569319434994952,0.1432972860238726,0.8321333945411324
2021-06-04,0.0735579194317356,0.3626812311537926,0.5637608494144719,0.028370264328112238,0.33447114684481205,0.6371585888270758,0.022834494643102755,0.15641532128892405,0.8207501840679732
2021-06-05,0.06353860111588612,0.39562956981110053,0.5408318290730134,0.026749567082978754,0.379234194633157,0.5940162382838642,0.01050279495331052,0.1620461675824415,0.8274510374642481
2021-06-06,0.06275898114054533,0.43457242648084304,0.5026685923786116,0.02716287071758225,0.39577576391084257,0.5770613653715752,0.009784620218227905,0.13438539793222862,0.8558299818495435
2021-06-07,0.06485233708301112,0.4002855567611886,0.5348621061558003,0.01923892645333396,0.3765429031863439,0.6042181703603221,0.009189842701125689,0.1261095880377483,0.864700569261126
2021-06-08,0.05095628579198392,0.3827747710948395,0.5662689431131765,0.029840417421603715,0.36042046885338963,0.6097391137250067,0.009402335682874775,0.09733700867971232,0.893260655637413
2021-06-09,0.05342372765910054,0.37059524615872685,0.5759810261821726,0.028621311778979645,0.36009880132306576,0.6112798868979546,0.009924406219151277,0.08071448273932866,0.9093611110415201
2021-06-10,0.05140337533090911,0.3820104705641081,0.5665861541049827,0.03539335662595922,0.327049558490413,0.6375570848836277,0.009463519195786117,0.09561819440806668,0.8949182863961472
2021-06-11,0.049533580030811146,0.37011085763171736,0.5803555623374714,0.031135622979962613,0.33572576920712427,0.6331386078129131,0.009527425629425322,0.07735267300742094,0.9131199013631537
2021-06-12,0.0329477118695717,0.32623201573726984,0.6408202723931584,0.03890043303674323,0.3200747363747674,0.6410248305884894,0.017955876439559947,0.062007065670846795,0.9200370578895932
2021-06-13,0.04527524363216736,0.2544212483276054,0.7003035080402272,0.050205949889685485,0.29595252779025866,0.6538415223200559,0.01693226289306525,0.07849468830164599,0.9045730488052888
2021-06-14,0.03910504774618207,0.3101117814338902,0.6507831708199278,0.0444731800551903,0.30317221000662786,0.652354609938182,0.016461403033430293,0.0796963471769383,0.9038422497896315
2021-06-15,0.048605885235774623,0.3203791591268119,0.6310149556374135,0.036750338234603754,0.2971765923994958,0.6660730693659005,0.017473550936632866,0.07590948856906624,0.9066169604943008
2021-06-16,0.05709168776817328,0.31844270456353063,0.624465607668296,0.04165760020768575,0.2731574580246138,0.6851849417677004,0.03997104729302942,0.07703385749323498,0.8829950952137356
2021-06-17,0.046251478166224554,0.28902022868129074,0.6647282931524847,0.0387172180371591,0.28029297760921046,0.6809898043536305,0.05584763949890176,0.0989207763165236,0.8452315841845746
2021-06-18,0.05836009642170476,0.25426506064764337,0.6873748429306519,0.0315065329009361,0.2996229185584148,0.6688705485406491,0.042864161069769584,0.11860693348461296,0.8385289054456175
2021-06-19,0.06305053328016419,0.3386482515238978,0.5983012151959379,0.01908201952562336,0.3107682015553788,0.6701497789189977,0.03851652463229411,0.12444894182132198,0.8370345335463839
2021-06-20,0.07792574411809589,0.3935883757156443,0.5284858801662597,0.02860105645644523,0.2871516832881286,0.6842472602554261,0.040477843065833054,0.14472949882982733,0.8147926581043397
2021-06-21,0.08145782322071111,0.37688409634793346,0.5416580804313553,0.033728642195720755,0.2654457700269925,0.7008255877772868,0.0571193727238949,0.15206034906052382,0.7908202782155813
2021-06-22,0.18435101613480442,0.3659716322027819,0.4496773516624136,0.03236493407040237,0.2770045701093504,0.6906304958202472,0.058182298152464534,0.18732466379541238,0.7544930380521231
2021-06-23,0.20123108696128983,0.4319880900578488,0.36678082298086134,0.027394104512445994,0.28958579211496555,0.6830201033725883,0.03396909084279212,0.18414052006323192,0.7818903890939759
2021-06-24,0.20268339451837414,0.4327078112132412,0.36460879426838455,0.023542978084334528,0.2933989843860843,0.6830580375295812,0.019719460873634943,0.14948088469592546,0.8307996544304396
2021-06-25,0.21696050667046593,0.4822894528631262,0.30075004046640785,0.02625818671538814,0.257492798161887,0.7162490151227249,0.02152760736788113,0.13186801380731708,0.8466043788248018
2021-06-26,0.2649930666374036,0.3942079541768688,0.3407989791857276,0.02862674246450361,0.2523478406094593,0.719025416926037,0.02249664721689824,0.12890770189169062,0.8485956508914112
2021-06-27,0.27283763075369366,0.39342673282152374,0.33373563642478266,0.03696379547935656,0.2933298368069914,0.669706367713652,0.022629056587565494,0.12230872198394024,0.8550622214284943
2021-06-28,0.3021798051936613,0.42578229776752685,0.2720378970388119,0.0430124058691398,0.27283501291797707,0.6841525812128831,0.0,0.12929203816560894,0.8707079618343911
2021-06-29,0.23492947505907574,0.48839831558085783,0.2766722093600665,0.04950118925961066,0.27126276112504066,0.6792360496153487,0.0,0.09489931041106801,0.905100689588932
2021-06-30,0.24826666334585387,0.41911848465344914,0.332614852000697,0.05474240946382649,0.2862682409506351,0.6589893495855383,0.0032516710722500634,0.09576812288979243,0.9009802060379575
2021-07-01,0.24629276739370193,0.35817377452780697,0.39553345807849116,0.05501447877028407,0.3136104592561085,0.6313750619736074,0.0038032615769538055,0.10931325704493298,0.8868834813781132
2021-07-02,0.21814005975360218,0.3718995801636332,0.4099603600827646,0.059423335809348894,0.3364405176493505,0.6041361465413005,0.0036373598582929954,0.13620395901224622,0.8601586811294608
2021-07-03,0.1729383446959189,0.43870279706488513,0.38835885823919597,0.0629120211188404,0.3339920899110363,0.6030958889701233,0.0037396970550494357,0.14570056713813184,0.8505597358068188
2021-07-04,0.1297537538614565,0.4068256862434982,0.4634205598950453,0.028337303047302687,0.317995910574411,0.6536667863782862,0.0034893240851135397,0.13245962492696398,0.8640510509879225
2021-07-05,0.08608974247807101,0.3436831896959609,0.5702270678259681,0.023301057818889,0.3479436090939167,0.6287553330871942,0.003410321771465447,0.14136698781569607,0.8552226904128386
2021-07-06,0.006749684538538264,0.3936072754001071,0.5996430400613547,0.017247053100747343,0.34263409848144594,0.6401188484178069,0.0037105551070544564,0.15185960652884767,0.8444298383640978
2021-07-07,0.0,0.37080303875720433,0.6291969612427957,0.014125446715817077,0.34949413472789054,0.6363804185562923,0.015402440414888773,0.186154052232181,0.7984435073529303
2021-07-08,0.0,0.427606517114704,0.5723934828852959,0.013554720904950456,0.32540999097497425,0.6610352881200753,0.015281884802573763,0.16267133418554533,0.822046781011881
2021-07-09,0.005413243440502874,0.4318728400209739,0.5627139165385232,0.009579010239007894,0.3369998820513744,0.6534211077096178,0.016030305845015518,0.17943516790809794,0.8045345262468865
2021-07-10,0.005501296325851776,0.5094763123191941,0.48502239135495406,0.006618180273116572,0.31600447253334096,0.6773773471935426,0.014885076541282165,0.1560590535737702,0.8290558698849476
2021-07-11,0.10861011350533237,0.4718104531973977,0.41957943329727004,0.006204265110454935,0.31755236944011433,0.6762433654494308,0.015145487040106181,0.14170986055419843,0.8431446524056954
2021-07-12,0.10233161638441424,0.47017949459817554,0.42748888901741033,0.0,0.3085311796237192,0.6914688203762808,0.013806268280494083,0.14166931483617812,0.8445244168833279
2021-07-13,0.09944982532154975,0.414633802011388,0.48591637266706217,0.0,0.33806188580566615,0.6619381141943338,0.012673856803310315,0.13189270448888102,0.8554334387078086
2021-07-14,0.12486440040108542,0.4404167463106984,0.4347188532882161,0.0,0.32586302009343904,0.674136979906561,0.0,0.13183422658490124,0.8681657734150988
2021-07-15,0.1246110469727922,0.4051693319738035,0.4702196210534043,0.0,0.32218358874087843,0.6778164112591215,0.0,0.15131754949589157,0.8486824505041084
2021-07-16,0.1348524977178014,0.37581073237302204,0.4893367699091766,0.006957237461917808,0.3115361697945066,0.6815065927435756,0.0,0.1287371951701414,0.8712628048298585
2021-07-17,0.15577215992322063,0.3265161802928196,0.5177116597839598,0.01666643779085624,0.3284165340770284,0.6549170281321154,0.00620432050131587,0.13347430729551057,0.8603213722031736
2021-07-18,0.0625248313162005,0.37974053481315195,0.5577346338706475,0.018042986923574974,0.30760241792003196,0.6743545951563931,0.006696806484755912,0.14394734810061982,0.8493558454146243
2021-07-19,0.0632634952834777,0.3757079832623418,0.5610285214541806,0.017249861604399824,0.3314683605231437,0.6512817778724566,0.006553639725999459,0.12735196506716884,0.8660943952068317
2021-07-20,0.07344480087836379,0.3755634633135135,0.5509917358081228,0.015497794594709402,0.2922842420791533,0.6922179633261374,0.006942100435285661,0.13867482558190813,0.8543830739828062
2021-07-21,0.0690037200486788,0.386797698268026,0.5441985816832953,0.015980619815226724,0.2837326461395433,0.70028673404523,0.01591973897811983,0.15490788007853046,0.8291723809433497
2021-07-22,0.08985908494943627,0.3378166501534992,0.5723242648970646,0.016288414212761625,0.2854807110461925,0.6982308747410458,0.02209722563940853,0.11447669977877284,0.8634260745818185
2021-07-23,0.08205432285824518,0.2942943802736524,0.6236512968681025,0.008826015184394716,0.3166925785765637,0.6744814062390416,0.027948604279797517,0.10573111687119764,0.8663202788490048
2021-07-24,0.07682106855181926,0.2602902527498556,0.662888678698325,0.017396931405455028,0.30661452910841236,0.6759885394861326,0.01990489913462704,0.11627216456214923,0.8638229363032237
2021-07-25,0.06135690819619341,0.2443624081523978,0.6942806836514088,0.02576693044333093,0.3097508122322953,0.6644822573243739,0.02988861275721599,0.12480298049056485,0.8453084067522192
2021-07-26,0.05847886832814164,0.28591762633326995,0.6556035053385885,0.027337428041273454,0.30505395079848796,0.6676086211602387,0.03684611863040697,0.14436219677791035,0.8187916845916827
2021-07-27,0.03885842345951418,0.21353776913074254,0.7476038074097433,0.026580090790243118,0.29919415610620437,0.6742257531035526,0.03503382347406687,0.12848710099501753,0.8364790755309157
2021-07-28,0.12749869227569297,0.20438628367236056,0.6681150240519464,0.034900292914138986,0.28432318269657586,0.680776524389285,0.027257001682053545,0.08038797398760758,0.8923550243303389
2021-07-29,0.12204987207481552,0.2723018188206151,0.6056483091045692,0.034044097494389615,0.268955279541344,0.6970006229642663,0.02165482966022655,0.11272172438080229,0.8656234459589712
2021-07-30,0.1304147769117633,0.3175102512153386,0.5520749718728981,0.034908146701706465,0.24691963722564983,0.7181722160726437,0.017340561533095142,0.1221803096636124,0.8604791288032925
2021-07-31,0.07850019521888077,0.3361243046733668,0.5853755001077525,0.023782121962438476,0.2378060600498231,0.7384118179877385,0.017231490865357222,0.11024257521327774,0.8725259339213651
2021-08-01,0.07210482843793854,0.34621789778192785,0.5816772737801336,0.01843808246245865,0.2403098993532653,0.7412520181842761,0.006344487723953285,0.12802703056328724,0.8656284817127595
2021-08-02,0.09103401718867643,0.3727205573400098,0.5362454254713138,0.024663759286323098,0.2309200622594375,0.7444161784542395,0.0,0.1192296057658131,0.8807703942341869
2021-08-03,0.08694285612439367,0.4040539642637894,0.5090031796118168,0.027561870428025468,0.21720739335560357,0.7552307362163709,0.010976290350919777,0.10998109167920087,0.8790426179698794
2021-08-04,0.045299633708659526,0.397022827238383,0.5576775390529575,0.03480344088172598,0.22199421177939638,0.7432023473388777,0.010582415048763956,0.10707644871321406,0.882341136238022
2021-08-05,0.05067347757459068,0.37261805964967454,0.5767084627757347,0.04258257976295452,0.21690655170957054,0.7405108685274749,0.021300328751201213,0.08057605201471245,0.8981236192340865
2021-08-06,0.04954403994969998,0.3305278059698663,0.6199281540804338,0.04588940591325544,0.22091392936032306,0.7331966647264215,0.020508637008472323,0.07578902836753755,0.9037023346239901
2021-08-07,0.04858183084810214,0.37709300711088556,0.5743251620410124,0.052744619560102346,0.23936914193172687,0.7078862385081708,0.037446858247149585,0.06289529182655745,0.899657849926293
2021-08-08,0.04747317959879774,0.3619397018182476,0.5905871185829545,0.05271678194158704,0.2379009833805242,0.7093822346778889,0.04170649070926136,0.07564752386920363,0.8826459854215349
2021-08-09,0.033539647250226894,0.38723484050843615,0.5792255122413369,0.051532249708052195,0.2590631279991476,0.6894046222928002,0.042480812425545265,0.11176001816544784,0.845759169409007
2021-08-10,0.03279425350878839,0.38780538335228953,0.5794003631389221,0.053963596140271027,0.31459866058380137,0.6314377432759276,0.03507216415224942,0.14487068234238515,0.8200571535053656
2021-08-11,0.021333007730502392,0.39671344326472546,0.5819535490047721,0.04705180711793474,0.3294840944731192,0.6234640984089461,0.0381391789630912,0.2090419781831252,0.7528188428537836
2021-08-12,0.008278094682113003,0.425896276117798,0.5658256292000889,0.03917085031833262,0.36093561412532466,0.5998935355563426,0.028739054491896714,0.26312575901010693,0.7081351864979963
2021-08-13,0.03445674330588824,0.43487621094643847,0.5306670457476732,0.040401548738378396,0.3508307652215,0.6087676860401215,0.030674979408768278,0.26264162359244597,0.7066833969987858
2021-08-14,0.037378388310874935,0.39054831901048426,0.5720732926786407,0.03258199339165376,0.3090409311416787,0.6583770754666675,0.007875719183862609,0.25949944497184996,0.7326248358442875
2021-08-15,0.028721332934936283,0.5063440390667036,0.4649346279983601,0.026736861719123494,0.3217042315119781,0.6515589067688984,0.007613343246516429,0.23405465696013905,0.7583319997933445
2021-08-16,0.042605574178959014,0.4546221305501972,0.5027722952708438,0.022399817215742444,0.32109322900515846,0.6565069537790991,0.0073720307423319606,0.20504841623430692,0.7875795530233611
2021-08-17,0.05435949764920432,0.44913945071559447,0.4965010516352012,0.02210856182559658,0.30024627452138636,0.677645163653017,0.007904834216964142,0.2014497059783032,0.7906454598047327
2021-08-18,0.06735650527870177,0.3700824242456062,0.562561070475692,0.02233859608965526,0.2965691615217068,0.681092242388638,0.007570983685384944,0.15624328765578105,0.836185728658834
2021-08-19,0.07126469079912695,0.3243884075030492,0.6043469016978238,0.018308270062867,0.2510213969342682,0.7306703330028648,0.006993690598707834,0.11580142336839935,0.8772048860328928
2021-08-20,0.060361847217829445,0.34548966516759794,0.5941484876145726,0.020058412948463417,0.26106574425520696,0.7188758427963297,0.006798645533762036,0.12049868324736372,0.8727026712188743
2021-08-21,0.05635153430140556,0.3301082990617014,0.6135401666368929,0.029643675814412112,0.29719028369645745,0.6731660404891304,0.008260766001874614,0.14058788368823932,0.851151350309886
2021-08-22,0.0581341641648145,0.23646468621403383,0.7054011496211516,0.032695767894050876,0.2892829780802735,0.6780212540256757,0.008113883856794632,0.14935025760265241,0.8425358585405529
2021-08-23,0.0467644542611657,0.21913826155474003,0.7340972841840943,0.03517892244424467,0.2933988651470166,0.6714222124087389,0.010858999539268268,0.13826840006776353,0.8508726003929683
2021-08-24,0.03122103659824301,0.17272057614553715,0.7960583872562199,0.04184366679925366,0.30677976887659736,0.651376564324149,0.010498357142254226,0.14052127212758894,0.8489803707301568
2021-08-25,0.04760826608530507,0.21060524810031686,0.7417864858143781,0.037149387340326814,0.2859360193798037,0.6769145932798694,0.00837636985907002,0.13342061852907927,0.8582030116118508
2021-08-26,0.05025609185813479,0.26657273637775997,0.6831711717641052,0.044406405464626646,0.3204997812850307,0.6350938132503426,0.008579713640438916,0.127160315522008,0.8642599708375531
2021-08-27,0.03147686440299818,0.2991633171857688,0.669359818411233,0.043187029687862956,0.2989139056537615,0.6578990646583756,0.008862313904556744,0.10788672203870461,0.8832509640567386
2021-08-28,0.05472144245249708,0.3396350515224458,0.6056435060250571,0.04414005026916326,0.2828977407122126,0.6729622090186241,0.0027742661970040932,0.12077225706928024,0.8764534767337157
2021-08-29,0.07073296399347187,0.4128348969563107,0.5164321390502173,0.04507594837030531,0.29813838920509056,0.6567856624246041,0.010454907307322263,0.09755007823275733,0.8919950144599204
2021-08-30,0.07262411623741831,0.40778835838690763,0.519587525375674,0.03788913368731043,0.2892830738445154,0.6728277924681741,0.008034267393989696,0.09092041996355159,0.9010453126424587
2021-08-31,0.08284560810490257,0.47232564571025976,0.44482874618483764,0.030134160899732133,0.28738734330290416,0.6824784957973637,0.008572423293636203,0.10461615733071059,0.8868114193756531
2021-09-01,0.05851215801211397,0.5311045820667364,0.41038325992114966,0.035910337414988294,0.30764693376138114,0.6564427288236305,0.018964557699293755,0.08010868072173385,0.9009267615789724
2021-09-02,0.05261423672217799,0.469058462193224,0.478327301084598,0.0489567001090923,0.2850870665991719,0.6659562332917358,0.018773343801922377,0.10420092882879622,0.8770257273692814
2021-09-03,0.07907601946096876,0.4313276120089209,0.48959636853011035,0.0553176288267237,0.28747224886140715,0.6572101223118693,0.019353979028074248,0.12465704616618059,0.8559889748057452
2021-09-04,0.05794130438405868,0.4365618425186168,0.5054968530973245,0.05872762152529404,0.2756679242442898,0.665604454230416,0.03082307251800097,0.09735334030274234,0.8718235871792566
2021-09-05,0.04869987068427322,0.4281324155561412,0.5231677137595855,0.07562598694249309,0.25489218234701017,0.6694818307104967,0.02814572387272022,0.10747326387197831,0.8643810122553014
2021-09-06,0.057341410682446275,0.43969489077515805,0.5029636985423956,0.08472370817078446,0.24834165872601577,0.6669346331031997,0.027935078360164733,0.12727116085139592,0.8447937607884394
2021-09-07,0.047704760029878376,0.3682923994443356,0.584002840525786,0.08726449417690486,0.250425600742976,0.6623099050801191,0.029967425681498266,0.11772956421297684,0.8523030101055249
2021-09-08,0.057809835808464105,0.3203078280572903,0.6218823361342456,0.0829499888832471,0.27825070003628993,0.638799311080463,0.021106388615979802,0.14277710370058244,0.8361165076834378
2021-09-09,0.06749787859113654,0.3604110867725434,0.5720910346363199,0.07300758450890225,0.2710196085121634,0.6559728069789345,0.021860300643313617,0.12156392272104402,0.8565757766356423
2021-09-10,0.049059809239710525,0.35271421913220347,0.598225971628086,0.0619358086207239,0.27779254377459717,0.6602716476046789,0.021319077398171595,0.12636122399463504,0.8523196986071933
2021-09-11,0.05131035340934149,0.33856217890068924,0.6101274676899693,0.059336258178533004,0.2873448056045608,0.6533189362169062,0.013092489338508947,0.1337637816186127,0.8531437290428783
2021-09-12,0.049803937489144655,0.26920232715900966,0.6809937353518458,0.040699404362125095,0.2788204224367256,0.6804801732011493,0.01351067161081828,0.14611820167694067,0.840371126712241
2021-09-13,0.042334615365000605,0.311476930689804,0.6461884539451954,0.03405484431529784,0.29534583944358483,0.6705993162411173,0.014005378757879279,0.14318497297748906,0.8428096482646317
2021-09-14,0.08522329643103921,0.32452734280453954,0.5902493607644212,0.033499473224932456,0.2972854248298156,0.669215101945252,0.010785371251388473,0.1438551090497855,0.8453595196988261
2021-09-15,0.06813775852179649,0.2862817935769605,0.6455804479012429,0.03875477955144976,0.26376656296394607,0.6974786574846042,0.010772072433945769,0.14903911367799835,0.8401888138880559
2021-09-16,0.07639158148009742,0.2885557636987003,0.6350526548212023,0.028637079125147184,0.2728529905861535,0.6985099302886993,0.010901419707256318,0.15614739065107647,0.8329511896416673
2021-09-17,0.0737252101948509,0.3076782143933312,0.6185965754118178,0.02892355285152257,0.2672594770615762,0.7038169700869013,0.01052179389409924,0.15996277330277087,0.8295154328031298
2021-09-18,0.07016869597496185,0.29385433363290214,0.635976970392136,0.016882741965142153,0.2735634645581428,0.7095537934767151,0.005990687229501865,0.1502663499834328,0.8437429627870654
2021-09-19,0.07197393651946064,0.3375135765480396,0.5905124869324998,0.01734359614312882,0.308266547137904,0.6743898567189673,0.0,0.15224610811981437,0.8477538918801856
2021-09-20,0.07817755245651717,0.3627264662859365,0.5590959812575464,0.016868518728764922,0.30401078992667385,0.6791206913445612,0.011356313998296995,0.12418674249488276,0.8644569435068201
2021-09-21,0.05039393847815667,0.36917647551908334,0.58042958600276,0.011080410089349797,0.3074839865075119,0.6814356034031382,0.011299064320557071,0.1149915545946073,0.8737093810848355
2021-09-22,0.05312816674101588,0.4104373199063274,0.5364345133526567,0.010253814046042673,0.3114121655365833,0.678334020417374,0.012899793778660577,0.11021508740836765,0.8768851188129718
2021-09-23,0.03837670368896881,0.42479861398423213,0.536824682326799,0.01668846114863381,0.3197826964362085,0.6635288424151576,0.012865985368694476,0.10106373930705437,0.8860702753242511
2021-09-24,0.04639226102962033,0.3984053133429133,0.5552024256274664,0.019464843852902283,0.3289171327106782,0.6516180234364196,0.01843425664235549,0.10019095830256333,0.8813747850550812
2021-09-25,0.049540836159041354,0.4057808412766378,0.5446783225643208,0.01606220474480433,0.33993261390785384,0.6440051813473419,0.019967388034648443,0.09909825886874465,0.880934353096607
2021-09-26,0.04604887951275133,0.40133022925456047,0.5526208912326882,0.015567739338122303,0.3214483307954004,0.6629839298664773,0.022832264433080837,0.06471258019037154,0.9124551553765476
2021-09-27,0.044060250368080096,0.3523686429994971,0.6035711066324227,0.02355222017804463,0.33116525097086796,0.6452825288510874,0.004711674046782581,0.07162486671926896,0.9236634592339484
2021-09-28,0.04318895991760725,0.3604389357221235,0.5963721043602692,0.024139925447741146,0.34122663190546926,0.6346334426467896,0.0045603394294354855,0.08746336062517952,0.9079762999453851
2021-09-29,0.04471430206702086,0.39585437430413606,0.5594313236288431,0.02069071865734061,0.37024917273929076,0.6090601086033686,0.004878557973759897,0.06421130758312,0.9309101344431201
2021-09-30,0.04693926710586404,0.38909144775690563,0.5639692851372303,0.020823206773392486,0.36438528416607024,0.6147915090605373,0.011763543854617264,0.08903737033451012,0.8991990858108727
2021-10-01,0.033987665370489466,0.4970773112393667,0.4689350233901438,0.02395529423867232,0.3575429075809275,0.6185017981804002,0.0063758336991491145,0.09079360599932278,0.9028305603015281
2021-10-02,0.0261739339049834,0.41132928657927703,0.5624967795157395,0.03128562403171051,0.35045110053611844,0.6182632754321711,0.006638772971896399,0.08962676939357414,0.9037344576345295
2021-10-03,0.026657867788796214,0.37122768583943405,0.6021144463717698,0.03655570335035601,0.3541150968698676,0.6093291997797764,0.011106268905259677,0.1119542481606002,0.8769394829341401
2021-10-04,0.059056103145987124,0.352303081853304,0.588640815000709,0.03416403494046812,0.3216462096280172,0.6441897554315146,0.011122411620070195,0.11285480498058718,0.8760227833993427
2021-10-05,0.06345881457292428,0.40643474481263264,0.5301064406144431,0.0351461664724757,0.30056172185974317,0.6642921116677811,0.016233380173994182,0.15357216742094285,0.830194452405063
2021-10-06,0.04767074985188887,0.35774933493502103,0.5945799152130901,0.045371168971320014,0.2624674732586625,0.6921613577700173,0.015801083451370476,0.1651230915168318,0.8190758250317978
2021-10-07,0.06982363746219755,0.35650601067653626,0.5736703518612661,0.039823186231988064,0.2600775312725769,0.700099282495435,0.009910455933714321,0.16238957343636892,0.8276999706299166
2021-10-08,0.0693978155442125,0.3011009134026577,0.6295012710531298,0.04632114045958644,0.26556462274072,0.6881142367996936,0.008856824597194538,0.15819611631276181,0.8329470590900436
2021-10-09,0.06775027602095697,0.31050369567611613,0.6217460283029269,0.03967403588079921,0.2576764339860618,0.7026495301331389,0.02155707689727835,0.15487468181441355,0.8235682412883081
2021-10-10,0.06584482002028805,0.39377084049728023,0.5403843394824318,0.03505264614489798,0.26764737897716123,0.6972999748779407,0.019132207411071543,0.14009649783768263,0.8407712947512458
2021-10-11,0.020544302580112854,0.4327398564641079,0.5467158409557792,0.03310410950225074,0.282689840335492,0.6842060501622572,0.028994866436809756,0.14549755737363612,0.8255075761895541
2021-10-12,0.029350793482917425,0.35777312953332724,0.6128760769837553,0.029977244279538167,0.28955972406512404,0.6804630316553378,0.023969917930183778,0.14270441998293298,0.8333256620868832
2021-10-13,0.05623750479658034,0.38398277511427426,0.5597797200891453,0.01742171021385819,0.28263216921986395,0.6999461205662779,0.02515768680189154,0.14450356667316305,0.8303387465249454
2021-10-14,0.03953266864729507,0.35833366180568327,0.6021336695470216,0.01845222892239585,0.3138546006338581,0.6676931704437461,0.02489843799203612,0.13932821554325164,0.8357733464647122
2021-10-15,0.05847864128268856,0.3688275583981403,0.572693800319171,0.011343386589823068,0.3271810837608729,0.661475529649304,0.02627024548541209,0.143169695565105,0.8305600589494828
2021-10-16,0.056633224208918385,0.4050892173824658,0.5382775584086159,0.030750013574314238,0.34367146454325753,0.6255785218824284,0.008068123437978634,0.25339887466201516,0.7385330019000061
2021-10-17,0.06844770304150014,0.31580340993524175,0.6157488870232581,0.032359629306406616,0.34790109336803726,0.6197392773255562,0.008349635890934062,0.2588013634721688,0.7328490006368971
2021-10-18,0.08425659140062668,0.2462315222709534,0.66951188632842,0.03237533299303184,0.3498688522583118,0.6177558147486563,0.0,0.26786440354867147,0.7321355964513285
2021-10-19,0.06997137501084914,0.2989520903325388,0.6310765346566121,0.03408780504818829,0.3664770731429716,0.5994351218088401,0.006488443231250443,0.2733482137619966,0.7201633430067529
2021-10-20,0.042490444736130374,0.3611191690653591,0.5963903861985106,0.031246076791451888,0.3887391843973158,0.5800147388112323,0.01590957780500677,0.27730367991910476,0.7067867422758884
2021-10-21,0.03807679365021318,0.3733628683341497,0.5885603380156372,0.03522475959796639,0.36579235755086853,0.5989828828511651,0.05219444906997581,0.2748846641894857,0.6729208867405385
2021-10-22,0.025558132856127125,0.3739291646074488,0.6005127025364241,0.037193212711202496,0.37371496758496897,0.5890918197038285,0.05180234071342958,0.2548394308896432,0.6933582283969273
2021-10-23,0.02458974469987268,0.34565707819669667,0.6297531771034306,0.017840801554957385,0.3571856771738844,0.6249735212711583,0.0721013377916407,0.1500978600816831,0.7778008021266762
2021-10-24,0.023558391338769302,0.3182590274495213,0.6581825812117095,0.02410468516996143,0.35578731368472133,0.6201080011453173,0.06719927014095294,0.16379910203366366,0.7690016278253834
2021-10-25,0.005877979701655454,0.36856434852717673,0.6255576717711677,0.020146728959571886,0.3465160143887753,0.6333372566516529,0.05839065093201042,0.14418001095650235,0.7974293381114872
2021-10-26,0.0292585519676579,0.35573103017830965,0.6150104178540324,0.025598592330012365,0.3319728941799492,0.6424285134900385,0.04988540709306156,0.09925925397871002,0.8508553389282285
2021-10-27,0.04704901796763239,0.32673712293024315,0.6262138591021245,0.029351295847820803,0.33830925083268765,0.6323394533194916,0.036333877188702526,0.08048200641646033,0.8831841163948371
2021-10-28,0.12681899283176867,0.3079145278361245,0.5652664793321069,0.02971489962032699,0.33536513076617797,0.6349199696134951,0.004576007709039887,0.0829029725338947,0.9125210197570655
2021-10-29,0.1289701337434551,0.3782710053715165,0.4927588608850285,0.02478636325097953,0.3157844522579317,0.6594291844910887,0.004743441290597224,0.07880848553013771,0.916448073179265
2021-10-30,0.13890088378852072,0.4287763731976088,0.43232274301387047,0.02973507556175686,0.31231670356220237,0.6579482208760409,0.010675308659303905,0.06629337017496977,0.9230313211657264
2021-10-31,0.10981123334156022,0.44365488153872007,0.4465338851197198,0.020140810018365384,0.2914630897706953,0.6883961002109392,0.01869296103705887,0.04610569680107032,0.9352013421618708
2021-11-01,0.1381463772811779,0.4296255052042859,0.4322281175145362,0.0443318077980856,0.3050187009221923,0.6506494912797222,0.018494931678946284,0.08750975108010281,0.8939953172409509
2021-11-02,0.10890465692752582,0.4672996576955186,0.42379568537695556,0.054888615159206074,0.30964885413944093,0.6354625307013531,0.01863384371235413,0.08893504666871661,0.8924311096189292
2021-11-03,0.08950500543853215,0.4572410061594101,0.4532539884020578,0.06394434454859664,0.27068381827660715,0.6653718371747961,0.025955816699631575,0.08958562882926686,0.8844585544711017
2021-11-04,0.054005837878971584,0.44807043040111927,0.49792373171990906,0.06867493740996446,0.24915970955168362,0.6821653530383519,0.03946232073374008,0.0982495818869343,0.8622880973793257
2021-11-05,0.06140801761495749,0.4464090626158145,0.4921829197692279,0.06827588047458581,0.23641239236148004,0.6953117271639342,0.03490492342677453,0.10390031231586083,0.8611947642573646
2021-11-06,0.0599530369538034,0.4433756373817,0.4966713256644967,0.06496603258986482,0.23996934536873182,0.6950646220414033,0.026794779523550152,0.13832417203835293,0.8348810484380969
2021-11-07,0.05950560047864417,0.4601577870971164,0.4803366124242394,0.06770692067213387,0.2594296294541307,0.6728634498737355,0.02247912605320753,0.14684523352157874,0.8306756404252137
2021-11-08,0.03183148089816984,0.4683707025817193,0.49979781652011085,0.04832042196710488,0.2921005995341887,0.6595789784987064,0.02414699287297125,0.119890027612459,0.8559629795145698
2021-11-09,0.03381810733306022,0.405098005123723,0.5610838875432167,0.03260047377600981,0.2847692850448801,0.6826302411791101,0.023738214134701292,0.12008652322220348,0.8561752626430953
2021-11-10,0.0454629118350819,0.39923306233524225,0.5553040258296758,0.02713667633639234,0.2905245855990315,0.6823387380645762,0.015234489559382329,0.12924005494058258,0.8555254555000351
2021-11-11,0.029706328708454494,0.4402170300960883,0.5300766411954572,0.019543496326046104,0.2995902137032302,0.6808662899707237,0.004057060346643503,0.14390029481833716,0.8520426448350193
2021-11-12,0.019348849506198612,0.36726311415200413,0.6133880363417972,0.025544652124578515,0.27918372585185147,0.69527162202357,0.0037589368031369056,0.15605568744545129,0.8401853757514118
2021-11-13,0.018551698020194417,0.3570070623629525,0.624441239616853,0.020720320555873036,0.2877952265692834,0.6914844528748437,0.0034021307410596517,0.13445718880216956,0.8621406804567708
2021-11-14,0.017889557040020012,0.3417076182883209,0.640402824671659,0.016049742814682952,0.2795883287075096,0.7043619284778074,0.0,0.1524166159144355,0.8475833840855646
2021-11-15,0.018192120526665613,0.32668981041314027,0.6551180690601941,0.01953386004350735,0.25932701696025945,0.7211391229962332,0.0,0.16434821985549197,0.835651780144508
2021-11-16,0.02928191765541846,0.37715637788758233,0.5935617044569991,0.020132740908862638,0.24574242601524088,0.7341248330758966,0.013799937968984462,0.16742239768728223,0.8187776643437332
2021-11-17,0.022146542394423933,0.3288026594818842,0.6490507981236918,0.01620580397256409,0.2411676177844885,0.7426265782429473,0.015512803430068597,0.19374851353039663,0.7907386830395349
2021-11-18,0.03187912483985082,0.3387091997178566,0.6294116754422925,0.0244144519999389,0.24686103941852777,0.7287245085815334,0.02463352232955443,0.16729985515827894,0.8080666225121667
2021-11-19,0.06428236204957224,0.33208990483662626,0.6036277331138015,0.014096772531140991,0.28307021561153917,0.70283301185732,0.027173215828284667,0.15937664275336516,0.8134501414183501
2021-11-20,0.07262015836253735,0.3423225845867325,0.5850572570507303,0.014157264842865962,0.286815484425965,0.6990272507311691,0.028460601851302447,0.15892254405380193,0.8126168540948956
2021-11-21,0.13527737490378222,0.3369569386106136,0.5277656864856042,0.014426645220462412,0.28082853936087404,0.7047448154186635,0.02876131597313886,0.15632286071810955,0.8149158233087517
2021-11-22,0.13684863666206434,0.3424609580222948,0.5206904053156409,0.006480094650538906,0.27383395223538376,0.7196859531140772,0.03077100482567265,0.15107839151906785,0.8181506036552595
2021-11-23,0.15975406953439936,0.2732296035421982,0.5670163269234024,0.006304120308506818,0.29854663489178485,0.6951492447997083,0.013928282797105895,0.15248325641831734,0.8335884607845768
2021-11-24,0.14459451285858038,0.3008222662958594,0.5545832208455602,0.006620876298596176,0.30037933841570486,0.692999785285699,0.031981282052259065,0.11614924323598545,0.8518694747117556
2021-11-25,0.12957573231349492,0.2465354933794892,0.623888774307016,0.016519130891766296,0.3072602582766194,0.6762206108316143,0.028337469106045666,0.13213988615547356,0.8395226447384807
2021-11-26,0.11768508485149343,0.237430017249109,0.6448848978993975,0.02075501964268543,0.31656254581222515,0.6626824345450893,0.026560088666340027,0.16669353997268416,0.8067463713609758
2021-11-27,0.10873100103969965,0.2501341127503724,0.641134886209928,0.03673500714433086,0.3005342643635039,0.6627307284921652,0.019875576975721898,0.22521850016647607,0.7549059228578021
2021-11-28,0.04640262231816701,0.26271012239142927,0.6908872552904037,0.03459152628191731,0.2992161582104043,0.6661923155076783,0.036986411580569284,0.21429647090903603,0.7487171175103946
2021-11-29,0.049758675075892114,0.3066270338326862,0.6436142910914218,0.03756514292019738,0.29987234797836654,0.662562509101436,0.042575141574189485,0.2240050619931627,0.7334197964326479
2021-11-30,0.03638747455958756,0.32115798553011893,0.6424545399102934,0.03946060432506281,0.30337266814754243,0.6571667275273948,0.04188623505408315,0.21180695439203331,0.7463068105538835
2021-12-01,0.04277046936369636,0.3529120984734157,0.6043174321628879,0.04523214964088349,0.30241930030667036,0.6523485500524462,0.03240261616066962,0.19785163394660732,0.7697457498927232
2021-12-02,0.04258485506707967,0.3670954790209784,0.5903196659119421,0.032189067211828494,0.2820921484022833,0.6857187843858882,0.02661537823541148,0.1943681193229232,0.7790165024416653
2021-12-03,0.023733619469796387,0.37556524253534573,0.6007011379948579,0.02656299653915964,0.25680632441559736,0.7166306790452429,0.026578622968544123,0.17645097456890696,0.7969704024625489
2021-12-04,0.058457827802773143,0.4399829420111093,0.5015592301861176,0.01172378018140472,0.292247093265833,0.6960291265527623,0.028798976201957927,0.12967562756053386,0.8415253962375082
2021-12-05,0.05665149626448873,0.3694270185858905,0.5739214851496208,0.020766561152497292,0.2959003745948057,0.683333064252697,0.009337947162349678,0.11218062074311963,0.8784814320945307
2021-12-06,0.05105079868403396,0.38625971121333474,0.5626894901026314,0.017839032233441368,0.29186391513568866,0.69029705263087,0.0,0.07181366250532902,0.928186337494671
2021-12-07,0.04109385484953641,0.41494915823411715,0.5439569869163464,0.014499228068617276,0.2842207512224078,0.701280020708975,0.0,0.07077923031414551,0.9292207696858545
2021-12-08,0.03984955562559393,0.3914274292372876,0.5687230151371185,0.008597327083980033,0.3045016018656365,0.6869010710503834,0.03303095932798294,0.06881423875368506,0.8981548019183321
2021-12-09,0.040963626300260465,0.4029067417274841,0.5561296319722555,0.01847442455641887,0.3020211606121869,0.6795044148313943,0.03144109177130816,0.06555333454354359,0.9030055736851483
2021-12-10,0.0399313174321107,0.4368701882647358,0.5231984943031535,0.01981981998621252,0.3259248272472943,0.654255352766493,0.03318608104439706,0.06677144786853936,0.9000424710870636
2021-12-11,0.01670653956819206,0.368007098638493,0.6152863617933149,0.02090956987272155,0.2918107300141868,0.6872797001130916,0.033921433344573634,0.04805083524923793,0.9180277314061884
2021-12-12,0.010967623441662782,0.43124896092909937,0.5577834156292378,0.017781081261493914,0.273903440755527,0.7083154779829791,0.03948928293843593,0.051104417342807,0.9094062997187571
2021-12-13,0.01010798489876298,0.32308374505596255,0.6668082700452744,0.0176817799589254,0.2694655633815041,0.7128526566595704,0.03443266903041711,0.06428832039501035,0.9012790105745725
2021-12-14,0.009929182463479437,0.3537248619629175,0.6363459555736031,0.025193071515415683,0.28351153957827707,0.6912953889063073,0.0371039419779513,0.08360158460783483,0.8792944734142139
2021-12-15,0.009583963968623356,0.3588057724176796,0.6316102636136971,0.025258829740429044,0.25197039926629133,0.7227707709932797,0.005491191360812873,0.08151389690371796,0.9129949117354691
2021-12-16,0.010384184684997034,0.39578714064506176,0.5938286746699413,0.015120698334757968,0.25836022710475054,0.7265190745604916,0.005726408197194268,0.09033893503958464,0.9039346567632212
2021-12-17,0.010576939133329988,0.37587707369042467,0.6135459871762453,0.013851922890045934,0.25008959407001385,0.7360584830399404,0.005829694642415532,0.07787933127379279,0.9162909740837917
2021-12-18,0.011225495735860628,0.3586985331879799,0.6300759710761594,0.019025198530717966,0.24342908194686844,0.7375457195224135,0.012438540865993997,0.1508092680094543,0.8367521911245517
2021-12-19,0.0,0.37000854977665976,0.6299914502233402,0.018128117896181687,0.26399697702818176,0.7178749050756364,0.007348340875540191,0.15409572523006015,0.8385559338943996
2021-12-20,0.01342528714267593,0.38093978277195206,0.605634930085372,0.038559696429374755,0.2986413073737199,0.6627989961969054,0.008730072908817563,0.15069410635391275,0.8405758207372698
2021-12-21,0.013198763407885948,0.359847958942626,0.6269532776494882,0.03539901269882718,0.2902233220439219,0.6743776652572508,0.008360725407363682,0.13332059675718924,0.858318677835447
2021-12-22,0.014977103084461525,0.3549756703633301,0.6300472265522084,0.047026363498895794,0.2898059508477286,0.6631676856533756,0.0072911435000111175,0.13185635442120533,0.8608525020787836
2021-12-23,0.013753860986883795,0.3208829569771089,0.6653631820360073,0.05796642271863884,0.2865970617314628,0.6554365155498983,0.006820545078082548,0.12781760433560785,0.8653618505863097
2021-12-24,0.014016553116429218,0.31826432546902395,0.6677191214145468,0.05756042055805111,0.2966761313131201,0.6457634481288288,0.007010793309543104,0.1309332056746322,0.8620560010158247
2021-12-25,0.013786997183745039,0.3331954311010631,0.6530175717151918,0.04861677579804654,0.315782311164559,0.6356009130373944,0.0,0.07294445572567959,0.9270555442743205
2021-12-26,0.016002496915795993,0.25314514932250654,0.7308523537616974,0.05996852653043624,0.3179181971136588,0.6221132763559049,0.0051615300160998525,0.07276782228961684,0.9220706476942833
2021-12-27,0.01926860090503708,0.2136926707527823,0.7670387283421807,0.03876907631983988,0.31129165604455056,0.6499392676356096,0.005287090173006858,0.09101877130301611,0.903694138523977
2021-12-28,0.020396748588731674,0.24243241647960476,0.7371708349316636,0.040061364743256826,0.31510452894760016,0.6448341063091431,0.005511147841855927,0.10957935115492846,0.8849095010032155
2021-12-29,0.09933099218136966,0.2095409443202745,0.6911280634983559,0.030191220737295642,0.33109793920397823,0.6387108400587261,0.009407590006979726,0.1243671126273762,0.8662252973656441
2021-12-30,0.09321534413991556,0.2267543932313158,0.6800302626287686,0.02653142516822739,0.3115779237841172,0.6618906510476554,0.009680103893516187,0.12882039801716383,0.86149949808932
2021-12-31,0.1308265274268913,0.20771650717483173,0.6614569653982769,0.02635688974487435,0.3163602359095187,0.6572828743456068,0.013463017160376754,0.121584816772303,0.8649521660673203
2022-01-01,0.11378816514234438,0.265441182771938,0.6207706520857177,0.02844369248868218,0.30058605964824964,0.6709702478630682,0.02458386629851904,0.12852812334542918,0.8468880103560517
2022-01-02,0.10605288997471674,0.2852386833950088,0.6087084266302745,0.01778822725805317,0.28879664365752367,0.6934151290844232,0.019101155230988553,0.11603123884231684,0.8648676059266946
2022-01-03,0.08512647671182291,0.2796085298515073,0.6352649934366699,0.025931680097433903,0.2693626476734196,0.7047056722291466,0.01984144670369633,0.1194107068134482,0.8607478464828555
2022-01-04,0.08064920723765841,0.2756246460064075,0.6437261467559341,0.028772347143114736,0.26091510889788094,0.7103125439590042,0.020275461804113513,0.10224612119325008,0.8774784170026364
2022-01-05,0.05352563474594343,0.2905834756307487,0.6558908896233078,0.03235808514642378,0.25990682654266106,0.7077350883109151,0.026061094107185837,0.10326131827161782,0.8706775876211963
2022-01-06,0.05194245606404008,0.2888824865867684,0.6591750573491916,0.02612085185446147,0.28534878075268555,0.688530367392853,0.02703399207011964,0.10606805322028592,0.8668979547095944
2022-01-07,0.037943017017490394,0.2521885277449329,0.7098684552375767,0.029385921508139106,0.28650730318616935,0.6841067753056916,0.023254066663896584,0.11619860209999203,0.8605473312361114
2022-01-08,0.08284451239029247,0.20135670579933734,0.7157987818103702,0.035859288891661976,0.2858849863732456,0.6782557247350924,0.01948901198960237,0.09106585397438065,0.889445134036017
2022-01-09,0.08252359040607832,0.17224622819084218,0.7452301814030795,0.037644290577218846,0.295831567064602,0.666524142358179,0.020133103717282795,0.09904281885334984,0.8808240774293674
2022-01-10,0.12185791913306908,0.17937318432943702,0.698768896537494,0.034098317741776386,0.32806128300181425,0.6378403992564093,0.0197430458390451,0.07270756574452283,0.9075493884164321
2022-01-11,0.1422668604305824,0.17614041559018556,0.6815927239792321,0.025770918344916256,0.3292963208497138,0.6449327608053701,0.020366645069671077,0.09301212837257523,0.8866212265577538
2022-01-12,0.10250322921624451,0.15917836811300567,0.7383184026707499,0.02133949500419088,0.31766984703163,0.6609906579641791,0.01029273830388074,0.09579296229306163,0.8939142994030576
2022-01-13,0.09936045586297984,0.17871783821819695,0.7219217059188232,0.027085428557824438,0.3209928926824636,0.6519216787597119,0.010589528370692502,0.08944046233576702,0.8999700092935404
2022-01-14,0.14440359558737856,0.23492700342229816,0.6206694009903232,0.02411756083605157,0.3066664031243711,0.6692160360395772,0.0111758083573993,0.07845745049699919,0.9103667411456015
2022-01-15,0.09802676955770256,0.2424748471585609,0.6594983832837366,0.04285891636951004,0.3249036799915927,0.6322374036388972,0.01851172020594445,0.08259475179254269,0.8988935280015128
2022-01-16,0.0949413183043308,0.32330356511875935,0.5817551165769099,0.03649115411617516,0.3037788148562967,0.6597300310275281,0.017658080943008008,0.10712183765307995,0.875220081403912
2022-01-17,0.11792678690808592,0.3216310677370422,0.5604421453548718,0.034191820414883084,0.28288870082130063,0.6829194787638162,0.02132717012843325,0.11257343665394237,0.8660993932176244
2022-01-18,0.11387325250957002,0.28454632969378024,0.6015804177966497,0.0348358689176818,0.2914115059795739,0.6737526251027445,0.039175280776681864,0.11659935588823994,0.8442253633350782
2022-01-19,0.13004833179462963,0.3217391163720537,0.5482125518333166,0.03373653156560579,0.2980071327743996,0.6682563356599948,0.03983831757690223,0.10330388667027779,0.8568577957528201
2022-01-20,0.12741635623077907,0.2841661843177886,0.5884174594514323,0.026004090254168135,0.31214892318637916,0.6618469865594526,0.03955255253336362,0.09578260977350361,0.8646648376931327
2022-01-21,0.06414265448836332,0.27632417016006877,0.659533175351568,0.033967945716352865,0.3064047224788637,0.6596273318047835,0.04083422144848127,0.12559219261355115,0.8335735859379676
2022-01-22,0.07041784184604531,0.2941251254584447,0.6354570326955098,0.021313361395752285,0.27980259573087163,0.698884042873376,0.034090733064221855,0.11461809661157868,0.8512911703241994
2022-01-23,0.08042584641773501,0.1777356094428318,0.7418385441394332,0.022836520292344915,0.28331357022000647,0.6938499094876486,0.03284770690512903,0.09518056671393518,0.8719717263809357
2022-01-24,0.014448724596309115,0.17419722505245366,0.8113540503512373,0.03465321527286175,0.27043237895539324,0.694914405771745,0.029613999254441963,0.10296174436786065,0.8674242563776974
2022-01-25,0.012480003528810438,0.2025911004907387,0.7849288959804508,0.04327533445204248,0.23836743847911704,0.7183572270688404,0.01494707635510062,0.09157290719645639,0.893480016448443
2022-01-26,0.010391067303988933,0.2622811893786993,0.7273277433173118,0.04685317915061279,0.22310345413834942,0.7300433667110378,0.014669816175709774,0.08489737061802209,0.9004328132062682
2022-01-27,0.014399799095704454,0.28483168980609985,0.7007685110981956,0.048851366273838424,0.20181157058100255,0.749337063145159,0.019683776138221924,0.09259032908099737,0.8877258947807807
2022-01-28,0.04271860387159736,0.24771060712204818,0.7095707890063545,0.04363209049547356,0.22311959101266318,0.7332483184918632,0.019567983342231095,0.07424720560010681,0.9061848110576621
2022-01-29,0.042161095353097686,0.28154985595747695,0.6762890486894253,0.037416453818169826,0.21213110044490704,0.750452445736923,0.004479094046613766,0.09412477335648364,0.9013961325969027
2022-01-30,0.030184226187159338,0.3327822614386705,0.6370335123741702,0.04003461940870725,0.21767640398894536,0.7422889766023474,0.004285265575668779,0.0862138574980623,0.9095008769262689
2022-01-31,0.03783328329421255,0.36131920847294485,0.6008475082328426,0.03975797807820373,0.21468551021490603,0.7455565117068903,0.004335809201327963,0.07884530297258535,0.9168188878260867
2022-02-01,0.07250989151967682,0.36674505938696356,0.5607450490933596,0.02962121929865132,0.28227613867124474,0.6881026420301041,0.013737171333356396,0.08402304340606143,0.9022397852605821
2022-02-02,0.10898286364649448,0.33471603501546643,0.5563011013380391,0.025527655924805128,0.28752452409376983,0.686947819981425,0.014591284008049292,0.1006045657679387,0.884804150224012
2022-02-03,0.17651416129711528,0.32620800272193895,0.4972778359809457,0.02267898241767351,0.3108461987763212,0.6664748188060053,0.009951134006573444,0.11681976192869084,0.8732291040647358
2022-02-04,0.15740272584431714,0.37276808036030284,0.46982919379537996,0.022125519939137805,0.30394744599961193,0.6739270340612502,0.009423103130844105,0.12683852199149795,0.8637383748776579
2022-02-05,0.16510756474780833,0.33797085662470927,0.49692157862748243,0.017914511587840055,0.3193320526682922,0.6627534357438677,0.009298666383397668,0.11760523405992918,0.8730960995566731
2022-02-06,0.19134293512087477,0.29812686660731236,0.5105301982718129,0.012544493749239343,0.2962158042933946,0.691239701957366,0.019964100071405783,0.1406903095210335,0.8393455904075607
2022-02-07,0.19486580661382333,0.2803388084097336,0.5247953849764431,0.007858947747678063,0.2991722548874183,0.6929687973649036,0.019876306932058496,0.14036143939506646,0.839762253672875
2022-02-08,0.17319039607952896,0.23409394449363843,0.5927156594268327,0.00801949940831148,0.24467334436329613,0.7473071562283925,0.009620675380863822,0.16938716183056957,0.8209921627885666
2022-02-09,0.19469505477752871,0.22923233964238934,0.576072605580082,0.007867599651510508,0.23612363002814307,0.7560087703203463,0.00996978479424895,0.15371140528606428,0.8363188099196868
2022-02-10,0.10418014329244346,0.2516596355070191,0.6441602212005375,0.020300516866266122,0.23345742057189575,0.746242062561838,0.014791719659157404,0.1409191741077779,0.8442891062330646
2022-02-11,0.0962179082579486,0.24125181433515047,0.6625302774069008,0.016703669880189353,0.25452377902775153,0.7287725510920592,0.015636826347574666,0.13887546252451427,0.8454877111279111
2022-02-12,0.10442461290787414,0.2706039919959241,0.6249713950962017,0.018490961518432113,0.26468084715123735,0.7168281913303306,0.016118234725502403,0.13382187991532216,0.8500598853591754
2022-02-13,0.10292600223101839,0.3584206753169814,0.5386533224520001,0.022055202179380163,0.31410416306011063,0.6638406347605091,0.005738369331979748,0.09593877849633749,0.8983228521716828
2022-02-14,0.08192907295700944,0.3702164717758374,0.5478544552671532,0.01869008051066539,0.36045092076359314,0.6208589987257415,0.005670499341552316,0.09854267555261327,0.8957868251058343
2022-02-15,0.07920636760002737,0.38001343310061153,0.540780199299361,0.03391166272466849,0.35197318679876366,0.6141151504765677,0.005973632757190327,0.05253669467135014,0.9414896725714594
2022-02-16,0.035359924030256375,0.3347095773213429,0.6299304986484007,0.038002058054650414,0.36289486737397253,0.599103074571377,0.005841639423680722,0.05298299716109523,0.941175363415224
2022-02-17,0.0695157719975145,0.32468609449955654,0.605798133502929,0.02557146993957206,0.3750385520131632,0.5993899780472648,0.0,0.040906182427128124,0.9590938175728718
2022-02-18,0.07799971600090999,0.3537261366080373,0.5682741473910526,0.03086485940474083,0.39859959058553196,0.5705355500097272,0.004397376928979742,0.03274550105866564,0.9628571220123546
2022-02-19,0.15352070773962204,0.31771746501233555,0.5287618272480424,0.040637040546725296,0.3734403873563341,0.5859225720969405,0.004073934910253662,0.053424593859941985,0.9425014712298043
2022-02-20,0.15566081774833382,0.2761609452352976,0.5681782370163687,0.03726174436413653,0.34497695203851997,0.6177613035973435,0.004129060109829197,0.07896444670079361,0.9169064931893771
2022-02-21,0.15310036419994957,0.29677634315079515,0.5501232926492552,0.04347818013591186,0.29011481662149824,0.6664070032425898,0.004103651423838311,0.08063662275860703,0.9152597258175545
2022-02-22,0.1589336010988802,0.35362627912595623,0.48744011977516355,0.028928575906289066,0.31056696380624055,0.6605044602874705,0.0038558398463804846,0.09555767974614901,0.9005864804074705
2022-02-23,0.16563820387894118,0.41542046045016073,0.41894133567089803,0.02286130596353102,0.30054182140010927,0.6765968726363596,0.0039020283146193463,0.08670902444560093,0.9093889472397798
2022-02-24,0.11514547762632836,0.3878252841346478,0.4970292382390238,0.019293176954983202,0.29487666950942615,0.6858301535355906,0.010114604476435935,0.09605378724978389,0.8938316082737802
2022-02-25,0.11206706854856016,0.33177060994558627,0.5561623215058535,0.020087369749125773,0.296164284084151,0.6837483461667232,0.006222714864613876,0.1352219862148863,0.8585552989204999
2022-02-26,0.0,0.3336140911501863,0.6663859088498136,0.009623935449922773,0.32305146801946316,0.667324596530614,0.006946421519176312,0.1373942379531743,0.8556593405276494
2022-02-27,0.0,0.36655929735401777,0.6334407026459822,0.009746461014321086,0.31526587653719984,0.6749876624484791,0.0071817159097844465,0.1292196749970131,0.8635986090932024
2022-02-28,0.01227519168170736,0.3575280954605171,0.6301967128577755,0.006328500888695157,0.3287037019616415,0.6649677971496634,0.007080820026952091,0.11990104820885109,0.8730181317641967
2022-03-01,0.01318676817035185,0.2580219729003867,0.7287912589292614,0.006720249980595685,0.3119068088359354,0.6813729411834689,0.007164524480400644,0.09509543293632608,0.8977400425832732
2022-03-02,0.029679886058799888,0.21515576316340737,0.7551643507777928,0.006398010065628058,0.3291391504267742,0.6644628395075977,0.007258593381906461,0.1076135430046494,0.8851278636134441
2022-03-03,0.02708702989357159,0.21219109848203188,0.7607218716243964,0.006562112663612105,0.3376569428275776,0.6557809445088103,0.0,0.110736307984655,0.8892636920153449
2022-03-04,0.026106404717297867,0.19506100183076083,0.7788325934519413,0.0,0.28765037661905185,0.7123496233809482,0.0,0.08058813896259634,0.9194118610374037
2022-03-05,0.024833609136555124,0.2364961545310989,0.7386702363323459,0.004519316961368992,0.2690078038435933,0.7264728791950378,0.0,0.07044522195221237,0.9295547780477876
2022-03-06,0.02531599492203432,0.25199910469425496,0.7226849003837107,0.008590460657438232,0.26198636471319103,0.7294231746293707,0.0,0.09243884221377763,0.9075611577862224
2022-03-07,0.016016566096444914,0.27672225924126165,0.7072611746622934,0.008593344759298701,0.25607881642072616,0.7353278388199751,0.017390219676515387,0.09425257383342613,0.8883572064900584
2022-03-08,0.015498115969556617,0.2623525788603456,0.7221493051700978,0.02682869073266379,0.2518396417083007,0.7213316675590354,0.015812136148941384,0.0932818434066854,0.8909060204443733
2022-03-09,0.0,0.3559106223909691,0.6440893776090308,0.02552790950026054,0.24828159849104392,0.7261904920086956,0.015470764352506971,0.0798791190266901,0.904650116620803
2022-03-10,0.0,0.3077528306692588,0.6922471693307413,0.03362257166414341,0.23939497276088503,0.7269824555749715,0.015561645077314605,0.07591381889629228,0.9085245360263932
2022-03-11,0.0,0.323972298520281,0.676027701479719,0.03671718192397422,0.28595859416685826,0.6773242239091676,0.016313267465083013,0.07597931880952988,0.9077074137253871
2022-03-12,0.0,0.30109968202940895,0.698900317970591,0.03174654312760259,0.29409701134247085,0.6741564455299266,0.014411571181515922,0.09664665230142806,0.888941776517056
2022-03-13,0.0,0.2833038325569692,0.7166961674430308,0.02601941836226765,0.32430111929887745,0.6496794623388549,0.013709028862682085,0.08507140533550892,0.901219565801809
2022-03-14,0.0,0.3116930480668242,0.6883069519331757,0.02976520412076473,0.32556442812126857,0.6446703677579667,0.0,0.09563045736642013,0.9043695426335798
2022-03-15,0.0,0.41898319495207226,0.5810168050479277,0.017187369743593216,0.3530588063842581,0.6297538238721488,0.0,0.10105491495419289,0.8989450850458072
2022-03-16,0.0,0.3228380756839922,0.6771619243160079,0.02183595519108344,0.34781439307632017,0.6303496517325965,0.0,0.10984293602396233,0.8901570639760377
2022-03-17,0.0,0.42914010398523517,0.5708598960147648,0.013416457256732064,0.31877811272275364,0.6678054300205143,0.0,0.09526714882905297,0.904732851170947
2022-03-18,0.0,0.45713369309192575,0.5428663069080742,0.009075206039398601,0.32803307640661805,0.6628917175539834,0.0,0.11260282235394466,0.8873971776460553
2022-03-19,0.0,0.39817285454397305,0.6018271454560269,0.026300923759609945,0.34300170371259764,0.6306973725277923,0.0,0.11263902746159533,0.8873609725384046
2022-03-20,0.053719008264462804,0.41355445732756335,0.5327265344079739,0.03494918132038998,0.3942641189726441,0.570786699706966,0.0,0.10043494633259992,0.8995650536674
2022-03-21,0.0496424387580656,0.38310366274551755,0.567253898496417,0.03783573368395959,0.4051978033519643,0.5569664629640761,0.0,0.11504144163461416,0.8849585583653858
2022-03-22,0.04662583120465772,0.30531105790689,0.6480631108884523,0.03772490823104887,0.3758095663707113,0.5864655253982399,0.0,0.1291931229424335,0.8708068770575665
2022-03-23,0.04654236672255499,0.3459898304655356,0.6074678028119094,0.03197060231226615,0.3553731332096177,0.6126562644781162,0.0,0.14521478577645036,0.8547852142235497
2022-03-24,0.05693877736009311,0.2605249448978798,0.6825362777420271,0.03084280764467443,0.4207205521201734,0.5484366402351523,0.0,0.1498511820191113,0.8501488179808887
2022-03-25,0.04961119572516326,0.21444485502474567,0.735943949250091,0.03218074473543245,0.42347523393918735,0.5443440213253802,0.04311203475474018,0.11434612670680977,0.84254183853845
2022-03-26,0.043538453101762735,0.27397201218550954,0.6824895347127278,0.02657233725255544,0.4279130690755961,0.5455145936718484,0.04406802775636947,0.11531188205850598,0.8406200901851245
2022-03-27,0.0,0.3001252672598339,0.699874732740166,0.018502722276639193,0.3741929505888897,0.6073043271344711,0.054513462953238855,0.13454373031429567,0.8109428067324655
2022-03-28,0.01902892694349601,0.326313193417315,0.6546578796391889,0.015416546570578065,0.35895726192770866,0.6256261915017133,0.062033289630196116,0.12615317543426005,0.8118135349355438
2022-03-29,0.033917506292648614,0.36102828466856945,0.6050542090387818,0.017710942283708248,0.36943408389379634,0.6128549738224954,0.06462180881696276,0.13874810836835244,0.7966300828146848
2022-03-30,0.10832811925032798,0.35754444381221595,0.534127436937456,0.01637662641708471,0.39052457162946613,0.5930988019534492,0.05432398777771435,0.12366012861601969,0.8220158836062659
2022-03-31,0.1085710622824648,0.3620325383429654,0.5293963993745698,0.03456500753385917,0.36611577566221615,0.5993192168039246,0.053854110254284764,0.11654123545586711,0.8296046542898481
2022-04-01,0.11094516173648483,0.39528367645227064,0.4937711618112446,0.040969840071913385,0.33646740488220933,0.6225627550458773,0.018074713523978277,0.18875807513278403,0.7931672113432375
2022-04-02,0.13063156874749302,0.4022336858905022,0.4671347453620047,0.03682070545602882,0.3558252638020121,0.6073540307419591,0.018471642292293183,0.18582870893550316,0.7956996487722037
2022-04-03,0.13686735481352963,0.3927757143228213,0.47035693086364894,0.03681670281345805,0.3405817614090878,0.6226015357774543,0.0,0.16978363834905397,0.830216361650946
2022-04-04,0.1115705451383141,0.39667673977984896,0.49175271508183693,0.029466472414343883,0.3323289283839556,0.6382045992017006,0.006837444318478921,0.1835406125266898,0.8096219431548313
2022-04-05,0.11703689466559615,0.3953728480686708,0.48759025726573313,0.027362327893596897,0.317832192473372,0.654805479633031,0.007361831553211543,0.18585559055102546,0.806782577895763
2022-04-06,0.05514701102203069,0.36473929596480775,0.5801136930131614,0.025826614829622663,0.341769319855588,0.6324040653147894,0.0072032213531539,0.20817383908203174,0.7846229395648143
2022-04-07,0.04556549087275349,0.4399127286506699,0.5145217804765767,0.011455634865562586,0.32851984939190804,0.6600245157425293,0.014430451879703043,0.23851547945631718,0.7470540686639797
2022-04-08,0.07750831582468307,0.4419044971303021,0.48058718704501485,0.00713758256363007,0.33045067320098626,0.6624117442353837,0.014128405318690723,0.19189479166422854,0.7939768030170808
2022-04-09,0.08282818609333148,0.4092861842311419,0.5078856296755265,0.0,0.33207106062114544,0.6679289393788546,0.019675424944339073,0.19540764710464076,0.7849169279510202
2022-04-10,0.07713388305750322,0.4825402432737759,0.44032587366872084,0.0,0.35272740829927834,0.6472725917007217,0.03142600242532253,0.17268698419767142,0.795887013377006
2022-04-11,0.08241681264336151,0.509034027201983,0.40854916015465553,0.007811251412288692,0.36154332076557755,0.6306454278221337,0.02390130769097997,0.19885675660315694,0.7772419357058631
2022-04-12,0.06448961000324846,0.5150876700218653,0.4204227199748862,0.00789196560660835,0.39118920787118255,0.6009188265222091,0.026606545962122884,0.1752547042964403,0.7981387497414368
2022-04-13,0.023936179349844988,0.6035224762702834,0.3725413443798715,0.007952601515412515,0.37574600274590103,0.6163013957386865,0.02981123446267038,0.16079905915068402,0.8093897063866455
2022-04-14,0.06474991879777892,0.4537057080487287,0.4815443731534924,0.018901253154663997,0.36356200178960013,0.6175367450557357,0.020725418648931397,0.1458026332130701,0.8334719481379986
2022-04-15,0.04422583068058317,0.4767629606001101,0.4790112087193068,0.030555014324998093,0.3420774937228692,0.6273674919521327,0.022641009293920766,0.14060157044871532,0.8367574202573639
2022-04-16,0.03873239849036638,0.4646724126866235,0.49659518882301007,0.03160814177580803,0.31138327700553337,0.6570085812186587,0.01690148899106794,0.11780703190680367,0.8652914791021284
2022-04-17,0.04300127193860457,0.37404303223923097,0.5829556958221644,0.04573645654933554,0.2939502281533065,0.6603133152973579,0.013089393509262755,0.14644738146579275,0.8404632250249444
2022-04-18,0.03502821119344838,0.35150275115594065,0.6134690376506109,0.037235818949030025,0.2877034791239877,0.6750607019269822,0.014173778352524015,0.09302498016212712,0.8928012414853488
2022-04-19,0.03426458597833031,0.3629140363415282,0.6028213776801415,0.03934081575804907,0.2983492429594396,0.6623099412825112,0.007119667274316382,0.08063007644618152,0.9122502562795021
2022-04-20,0.03830286881172565,0.3174666759730821,0.6442304552151924,0.04049831214978391,0.3000207224308827,0.6594809654193334,0.006900685247554387,0.05800380102494928,0.9350955137274963
2022-04-21,0.014781173542084271,0.29414304378589295,0.6910757826720229,0.034264785167271064,0.3019820419859267,0.6637531728468024,0.0071313824911587494,0.050077599918999426,0.9427910175898417
2022-04-22,0.015714545316154637,0.3423854931695135,0.6418999615143318,0.022072292432322806,0.29335742223847167,0.6845702853292055,0.007025265962184099,0.057700905946062114,0.9352738280917537
2022-04-23,0.01849983364088211,0.31645637521475156,0.6650437911443664,0.02142025544117303,0.27235357224307766,0.7062261723157492,0.007022813862996207,0.08817847790978689,0.904798708227217
2022-04-24,0.01813822223215913,0.33049660010654164,0.6513651776612992,0.008377642980067133,0.31724839722314235,0.6743739597967906,0.0,0.10215382992355637,0.8978461700764436
2022-04-25,0.04660413382346329,0.2845375710148005,0.6688582951617362,0.008264770826664944,0.3186737759092251,0.6730614532641099,0.0052187923391305785,0.10719492720705315,0.8875862804538162
2022-04-26,0.04568429459948094,0.31453129562641674,0.6397844097741022,0.004030203151800143,0.28712448088564274,0.7088453159625572,0.0050239303954401245,0.11639243809528543,0.8785836315092744
2022-04-27,0.053144603535801416,0.3109678993735272,0.6358874970906714,0.003973333735442731,0.2890271171835653,0.706999549080992,0.005023333695476514,0.12142481332597294,0.8735518529785505
2022-04-28,0.024731006601398233,0.32515765795316254,0.6501113354454393,0.0,0.32761700813119693,0.672382991868803,0.00511598576200319,0.1427487053499671,0.8521353088880297
2022-04-29,0.030685278832466776,0.3035816859782482,0.665733035189285,0.011350872565738702,0.32832305538689605,0.6603260720473653,0.005491459056510925,0.14858941654869096,0.8459191243947981
2022-04-30,0.02733068061148832,0.3794657812263178,0.5932035381621938,0.011951130126004308,0.345496063510966,0.6425528063630297,0.005679022252835528,0.1374750153508701,0.8568459623962944
2022-05-01,0.030294863074268905,0.34753819797931007,0.6221669389464209,0.01274653262415331,0.3174196389101631,0.6698338284656836,0.03083464529704127,0.111527471469765,0.8576378832331937
2022-05-02,0.0,0.3137051876276684,0.6862948123723316,0.018712544843307515,0.3173410134835058,0.6639464416731867,0.023661652700244253,0.11665412894471772,0.8596842183550379
2022-05-03,0.0,0.3028390654186942,0.6971609345813058,0.027310235689877862,0.3133672231849001,0.6593225411252219,0.025217436923513276,0.12736846039697614,0.8474141026795106
2022-05-04,0.0,0.3728384949744644,0.6271615050255356,0.031476394655320025,0.31724462686987653,0.6512789784748034,0.026967471746005098,0.15286315182565802,0.8201693764283369
2022-05-05,0.0,0.45960956223473914,0.5403904377652609,0.03234940804651052,0.26462646962707104,0.7030241223264184,0.025927340239088867,0.11503739520607656,0.8590352645548345
2022-05-06,0.0,0.4600938269273552,0.5399061730726449,0.019366799266680255,0.3172920031561343,0.6633411975771856,0.025784949705832932,0.13903056422288373,0.8351844860712834
2022-05-07,0.0,0.3598933541657465,0.6401066458342535,0.019666425458963226,0.35052770567381814,0.6298058688672187,0.02581802870001964,0.12233852136994328,0.8518434499300371
2022-05-08,0.0,0.5143136795884232,0.4856863204115767,0.02137484296253456,0.3355205788873141,0.6431045781501513,0.027562878440881095,0.12008811560374685,0.8523490059553721
2022-05-09,0.0,0.5626651342563737,0.43733486574362634,0.023096364905415886,0.3401995463756622,0.6367040887189219,0.03072897439416536,0.13312741212182844,0.8361436134840061
2022-05-10,0.0,0.49429628048534124,0.5057037195146588,0.016240746960600055,0.3302414016072205,0.6535178514321794,0.027778199555984526,0.1168769074444996,0.855344892999516
2022-05-11,0.0,0.41131747619865966,0.5886825238013403,0.01935871238944266,0.29757371332976346,0.6830675742807939,0.02732211496191191,0.10991813609449808,0.86275974894359
2022-05-12,0.0,0.3777187216419189,0.6222812783580811,0.01987933535024873,0.3605159805508156,0.6196046840989359,0.029430382511302075,0.11297620256820409,0.8575934149204938
2022-05-13,0.0,0.47245630132148175,0.5275436986785182,0.02127911582985084,0.30997685987268014,0.6687440242974692,0.027377755988269536,0.12738508299356607,0.8452371610181644
2022-05-14,0.0,0.5212778242076648,0.4787221757923351,0.02269881510094013,0.2772298264796809,0.700071358419379,0.02668705421623146,0.11391982035890955,0.859393125424859
2022-05-15,0.0,0.45178170965752196,0.548218290342478,0.021726973161351682,0.3030186664239881,0.6752543604146601,0.0,0.09491574487481313,0.9050842551251869
2022-05-16,0.022165983843878544,0.4911642249206893,0.4866697912354321,0.02759599288575411,0.30104752549328423,0.6713564816209616,0.0,0.09028398709384654,0.9097160129061534
2022-05-17,0.019042172905046787,0.5631235992784797,0.4178342278164735,0.029495864509299988,0.3399307338926762,0.6305734015980238,0.0,0.10949685992046082,0.8905031400795392
2022-05-18,0.020194037728008863,0.5702595529021663,0.4095464093698248,0.02000341873908919,0.37054714834080227,0.6094494329201084,0.0,0.09035853106958869,0.9096414689304113
2022-05-19,0.021512304755990884,0.4577169998225441,0.5207706954214649,0.019456657278438396,0.36366856756127725,0.6168747751602844,0.0,0.09961009014414715,0.9003899098558528
2022-05-20,0.020177535562393597,0.32197148678918636,0.65785097764842,0.018530732008690754,0.35251190192388165,0.6289573660674276,0.0,0.05911285335041751,0.9408871466495825
2022-05-21,0.024206146171122368,0.2937337926142933,0.6820600612145844,0.016665375135369545,0.3345530203742823,0.648781604490348,0.0,0.06412420627002662,0.9358757937299734
2022-05-22,0.021751770316766807,0.24047831097421835,0.7377699187090149,0.017074873662801294,0.3384813231938089,0.6444438031433898,0.0,0.07520599991430785,0.9247940000856921
2022-05-23,0.0,0.26079789044006446,0.7392021095599355,0.003953572396581876,0.32383006982063667,0.6722163577827814,0.0,0.05554080311595963,0.9444591968840403
2022-05-24,0.01385834896103028,0.2483985166690394,0.7377431343699303,0.010004710506111842,0.2846569114497708,0.7053383780441175,0.0,0.038169681890505215,0.9618303181094947
2022-05-25,0.013170663745985514,0.3193411762983262,0.6674881599556882,0.01023415057320867,0.2772412583956754,0.7125245910311159,0.007625862064811959,0.11129430277440049,0.8810798351607876
2022-05-26,0.011791401211053277,0.3496706512298754,0.6385379475590713,0.018713983466728895,0.22381773637401237,0.7574682801592587,0.008120759283077154,0.10249962118463382,0.8893796195322891
2022-05-27,0.013522469326718781,0.26903431238423675,0.7174432182890444,0.017289132644807217,0.22507133596946557,0.7576395313857273,0.008682652175638442,0.09856867107347658,0.892748676750885
2022-05-28,0.013360113887247616,0.29714848147844397,0.6894914046343084,0.01811903620159049,0.21378538325672625,0.7680955805416833,0.00881654536368748,0.10709074957698145,0.884092705059331
2022-05-29,0.013634481142000932,0.3635721278197498,0.6227933910382493,0.018150827363496335,0.19705900459993217,0.7847901680365714,0.008724628585384713,0.11539779760216763,0.8758775738124476
2022-05-30,0.01461974161227505,0.29060713197201027,0.6947731264157146,0.017428229886742076,0.21780268880329046,0.7647690813099676,0.007556573591181431,0.09729564080618369,0.8951477856026349
2022-05-31,0.0,0.2412037737428619,0.7587962262571382,0.011086248894701332,0.19619370910919234,0.7927200419961064,0.007740461966236236,0.10828002134213413,0.8839795166916296
2022-06-01,0.0,0.20278130078325712,0.7972186992167429,0.011242039312174679,0.18202635791292643,0.806731602774899,0.0,0.07846481678232158,0.9215351832176784
2022-06-02,0.030345462149319026,0.20732086155493043,0.7623336762957506,0.0,0.24801616425958298,0.751983835740417,0.0,0.09717099249583912,0.902829007504161
2022-06-03,0.026397870699222906,0.2422909941197414,0.7313111351810357,0.0,0.29307532458864866,0.7069246754113515,0.0,0.09938777893520065,0.9006122210647993
2022-06-04,0.026592411827146216,0.3694226688517609,0.6039849193210929,0.0,0.3270001564034372,0.6729998435965627,0.0,0.1259608946015457,0.8740391053984543
2022-06-05,0.027559930748756026,0.3545657880212567,0.6178742812299873,0.0,0.2909486644621189,0.709051335537881,0.0,0.17490977065680097,0.8250902293431991
2022-06-06,0.029386990458695122,0.4419942841200344,0.5286187254212705,0.0,0.2720237842893808,0.7279762157106191,0.0,0.1784545356643262,0.8215454643356738
2022-06-07,0.08317349077311764,0.4223373739212851,0.49448913530559735,0.0,0.2797913533138347,0.7202086466861651,0.0,0.19448307148195995,0.8055169285180401
2022-06-08,0.0814104386311344,0.3717799542238998,0.5468096071449657,0.0,0.29215428495209816,0.7078457150479017,0.0,0.18110470240602963,0.8188952975939703
2022-06-09,0.051983867081499165,0.398873676919685,0.5491424559988158,0.0,0.26352352641354937,0.7364764735864506,0.0,0.15734687706247677,0.8426531229375231
2022-06-10,0.051983867081499165,0.3550975583620136,0.5929185745564872,0.0,0.25052283777879497,0.7494771622212051,0.0,0.1567061851428539,0.843293814857146
2022-06-11,0.05992431155361596,0.27018955220013235,0.6698861362462516,0.0,0.2320149270237448,0.7679850729762552,0.0,0.12407797069125631,0.8759220293087437
2022-06-12,0.07434402332361516,0.1810513172144415,0.7446046594619433,0.0,0.27264500084067994,0.7273549991593201,0.0,0.0805831531273753,0.9194168468726247
2022-06-13,0.06910569105691057,0.22684823945742433,0.7040460694856652,0.0,0.31238887956980094,0.6876111204301991,0.0,0.10515543928473625,0.8948445607152637
2022-06-14,0.0,0.3054158813414749,0.694584118658525,0.0,0.3183816464596975,0.6816183535403025,0.0,0.0739595411499506,0.9260404588500494
2022-06-15,0.0,0.35671926710873086,0.6432807328912691,0.007479339619170816,0.344301214112471,0.6482194462683581,0.0,0.08049389583512297,0.9195061041648771
2022-06-16,0.0,0.3306353417093394,0.6693646582906607,0.007442969648769727,0.33844255300239473,0.6541144773488354,0.0,0.11005483879830799,0.889945161201692
2022-06-17,0.0,0.3601832201884395,0.6398167798115605,0.008097170763679785,0.32071480200203606,0.6711880272342841,0.0,0.11086871828039563,0.8891312817196044
2022-06-18,0.024819440006467585,0.4085999390000932,0.5665806209934392,0.0079983519240118,0.3337961901751545,0.6582054579008337,0.0,0.09122664019680968,0.9087733598031903
2022-06-19,0.019541140729147078,0.405744039299255,0.5747148199715979,0.015366852196504169,0.3257142352236396,0.6589189125798561,0.0,0.08803932656861368,0.9119606734313863
2022-06-20,0.020149766156417608,0.40902498214882865,0.5708252516947538,0.015746428703691053,0.2728836041340333,0.7113699671622756,0.0,0.08434905848788218,0.9156509415121178
