"date","countrycode","population","cases","deaths","cum_cases","cum_deaths","cases_infected","cases_daily","cases_contagious","cases_active","p_cum_cases","p_cum_deaths","p_cases_infected","p_cases_daily","p_cases_contagious","p_cases_active"
"2019/12/19","TR",83429607,0,0,0,0,0,0,0,0,0,0,0,0,0,0
"2019/12/20","TR",83429607,0,0,0,0,0,0,0,0,0,0,0,0,0,0
"2019/12/21","TR",83429607,0,0,0,0,0,0,0,0,0,0,0,0,0,0
"2019/12/22","TR",83429607,0,0,0,0,0,0,0,0,0,0,0,0,0,0
"2019/12/23","TR",83429607,0,0,0,0,0,0,0,0,0,0,0,0,0,0
"2019/12/24","TR",83429607,0,0,0,0,0,0,0,0,0,0,0,0,0,0
"2019/12/25","TR",83429607,0,0,0,0,0,0,0,0,0,0,0,0,0,0
"2019/12/26","TR",83429607,0,0,0,0,0,0,0,0,0,0,0,0,0,0
"2019/12/27","TR",83429607,0,0,0,0,0,0,0,0,0,0,0,0,0,0
"2019/12/28","TR",83429607,0,0,0,0,0,0,0,0,0,0,0,0,0,0
"2019/12/29","TR",83429607,0,0,0,0,0,0,0,0,0,0,0,0,0,0
"2019/12/30","TR",83429607,0,0,0,0,0,0,0,0,0,0,0,0,0,0
"2019/12/31","TR",83429607,0,0,0,0,0,0,0,0,0,0,0,0,0,0
"2020/01/01","TR",83429607,0,0,0,0,0,0,0,0,0,0,0,0,0,0
"2020/01/02","TR",83429607,0,0,0,0,0,0,0,0,0,0,0,0,0,0
"2020/01/03","TR",83429607,0,0,0,0,0,0,0,0,0,0,0,0,0,0
"2020/01/04","TR",83429607,0,0,0,0,0,0,0,0,0,0,0,0,0,0
"2020/01/05","TR",83429607,0,0,0,0,0,0,0,0,0,0,0,0,0,0
"2020/01/06","TR",83429607,0,0,0,0,0,0,0,0,0,0,0,0,0,0
"2020/01/07","TR",83429607,0,0,0,0,0,0,0,0,0,0,0,0,0,0
"2020/01/08","TR",83429607,0,0,0,0,0,0,0,0,0,0,0,0,0,0
"2020/01/09","TR",83429607,0,0,0,0,0,0,0,0,0,0,0,0,0,0
"2020/01/10","TR",83429607,0,0,0,0,0,0,0,0,0,0,0,0,0,0
"2020/01/11","TR",83429607,0,0,0,0,0,0,0,0,0,0,0,0,0,0
"2020/01/12","TR",83429607,0,0,0,0,0,0,0,0,0,0,0,0,0,0
"2020/01/13","TR",83429607,0,0,0,0,0,0,0,0,0,0,0,0,0,0
"2020/01/14","TR",83429607,0,0,0,0,0,0,0,0,0,0,0,0,0,0
"2020/01/15","TR",83429607,0,0,0,0,0,0,0,0,0,0,0,0,0,0
"2020/01/16","TR",83429607,0,0,0,0,0,0,0,0,0,0,0,0,0,0
"2020/01/17","TR",83429607,0,0,0,0,0,0,0,0,0,0,0,0,0,0
"2020/01/18","TR",83429607,0,0,0,0,0,0,0,0,0,0,0,0,0,0
"2020/01/19","TR",83429607,0,0,0,0,0,0,0,0,0,0,0,0,0,0
"2020/01/20","TR",83429607,0,0,0,0,0,0,0,0,0,0,0,0,0,0
"2020/01/21","TR",83429607,0,0,0,0,0,0,0,0,0,0,0,0,0,0
"2020/01/22","TR",83429607,0,0,0,0,0,0,0,0,0,0,0,0,0,0
"2020/01/23","TR",83429607,0,0,0,0,0,0,0,0,0,0,0,0,0,0
"2020/01/24","TR",83429607,0,0,0,0,0,0,0,0,0,0,0,0,0,0
"2020/01/25","TR",83429607,0,0,0,0,0,0,0,0,0,0,0,0,0,0
"2020/01/26","TR",83429607,0,0,0,0,0,0,0,0,0,0,0,0,0,0
"2020/01/27","TR",83429607,0,0,0,0,0,0,0,0,0,0,0,0,0,0
"2020/01/28","TR",83429607,0,0,0,0,0,0,0,0,0,0,0,0,0,0
"2020/01/29","TR",83429607,0,0,0,0,0,0,0,0,0,0,0,0,0,0
"2020/01/30","TR",83429607,0,0,0,0,0,0,0,0,0,0,0,0,0,0
"2020/01/31","TR",83429607,0,0,0,0,0,0,0,0,0,0,0,0,0,0
"2020/02/01","TR",83429607,0,0,0,0,0,0,0,0,0,0,0,0,0,0
"2020/02/02","TR",83429607,0,0,0,0,0,0,0,0,0,0,0,0,0,0
"2020/02/03","TR",83429607,0,0,0,0,0,0,0,0,0,0,0,0,0,0
"2020/02/04","TR",83429607,0,0,0,0,0,0,0,0,0,0,0,0,0,0
"2020/02/05","TR",83429607,0,0,0,0,0,0,0,0,0,0,0,0,0,0
"2020/02/06","TR",83429607,0,0,0,0,0,0,0,0,0,0,0,0,0,0
"2020/02/07","TR",83429607,0,0,0,0,0,0,0,0,0,0,0,0,0,0
"2020/02/08","TR",83429607,0,0,0,0,0,0,0,0,0,0,0,0,0,0
"2020/02/09","TR",83429607,0,0,0,0,0,0,0,0,0,0,0,0,0,0
"2020/02/10","TR",83429607,0,0,0,0,0,0,0,0,0,0,0,0,0,0
"2020/02/11","TR",83429607,0,0,0,0,0,0,0,0,0,0,0,0,0,0
"2020/02/12","TR",83429607,0,0,0,0,0,0,0,0,0,0,0,0,0,0
"2020/02/13","TR",83429607,0,0,0,0,0,0,0,0,0,0,0,0,0,0
"2020/02/14","TR",83429607,0,0,0,0,0,0,0,0,0,0,0,0,0,0
"2020/02/15","TR",83429607,0,0,0,0,0,0,0,0,0,0,0,0,0,0
"2020/02/16","TR",83429607,0,0,0,0,0,0,0,0,0,0,0,0,0,0
"2020/02/17","TR",83429607,0,0,0,0,0,0,0,0,0,0,0,0,0,0
"2020/02/18","TR",83429607,0,0,0,0,0,0,0,0,0,0,0,0,0,0
"2020/02/19","TR",83429607,0,0,0,0,0,0,0,0,0,0,0,0,0,0
"2020/02/20","TR",83429607,0,0,0,0,0,0,0,0,0,0,0,0,0,0
"2020/02/21","TR",83429607,0,0,0,0,0,0,0,0,0,0,0,0,0,0
"2020/02/22","TR",83429607,0,0,0,0,0,0,0,0,0,0,0,0,0,0
"2020/02/23","TR",83429607,0,0,0,0,0,0,0,0,0,0,0,0,0,0
"2020/02/24","TR",83429607,0,0,0,0,0,0,0,0,0,0,0,0,0,0
"2020/02/25","TR",83429607,0,0,0,0,0,0,0,0,0,0,0,0,0,0
"2020/02/26","TR",83429607,0,0,0,0,0,0,0,0,0,0,0,0,0,0
"2020/02/27","TR",83429607,0,0,0,0,0,0,0,0,0,0,0,0,0,0
"2020/02/28","TR",83429607,0,0,0,0,0,0,0,0,0,0,0,0,0,0
"2020/02/29","TR",83429607,0,0,0,0,0,0,0,0,0,0,0,0,0,0
"2020/03/01","TR",83429607,0,0,0,0,0,0,0,0,0,0,0,0,0,0
"2020/03/02","TR",83429607,0,0,0,0,0,0,0,0,0,0,0,0,0,0
"2020/03/03","TR",83429607,0,0,0,0,0,0,0,0,0,0,0,0,0,0
"2020/03/04","TR",83429607,0,0,0,0,72.463768115942,72.463768115942,72.463768115942,72.463768115942,0,0,8.68561781861708e-07,8.68561781861708e-07,8.68561781861708e-07,8.68561781861708e-07
"2020/03/05","TR",83429607,0,0,0,0,72.463768115942,0,72.463768115942,72.463768115942,0,0,8.68561781861708e-07,0,8.68561781861708e-07,8.68561781861708e-07
"2020/03/06","TR",83429607,0,0,0,0,217.391304347826,144.927536231884,217.391304347826,217.391304347826,0,0,2.60568534558512e-06,1.73712356372342e-06,2.60568534558512e-06,2.60568534558512e-06
"2020/03/07","TR",83429607,0,0,0,0,289.855072463768,72.463768115942,289.855072463768,289.855072463768,0,0,3.47424712744683e-06,8.68561781861708e-07,3.47424712744683e-06,3.47424712744683e-06
"2020/03/08","TR",83429607,0,0,0,0,652.173913043478,362.31884057971,652.173913043478,652.173913043478,0,0,7.81705603675537e-06,4.34280890930854e-06,7.81705603675537e-06,7.81705603675537e-06
"2020/03/09","TR",83429607,0,0,0,0,2173.91304347826,1521.73913043478,2173.91304347826,2173.91304347826,0,0,2.60568534558512e-05,1.82397974190959e-05,2.60568534558512e-05,2.60568534558512e-05
"2020/03/10","TR",83429607,0,0,0,0,2681.15942028986,507.246376811594,2681.15942028986,2681.15942028986,0,0,3.21367859288832e-05,6.07993247303195e-06,3.21367859288832e-05,3.21367859288832e-05
"2020/03/11","TR",83429607,1,0,1,0,3188.40579710145,507.246376811594,3188.40579710145,3188.40579710145,1.19861525896916e-08,0,3.82167184019152e-05,6.07993247303196e-06,3.82167184019152e-05,3.82167184019152e-05
"2020/03/12","TR",83429607,0,0,1,0,4275.36231884058,1086.95652173913,4275.36231884058,4275.36231884058,1.19861525896916e-08,0,5.12451451298408e-05,1.30284267279256e-05,5.12451451298408e-05,5.12451451298408e-05
"2020/03/13","TR",83429607,4,0,5,0,5434.78260869565,1159.42028985507,5434.78260869565,5434.78260869565,5.99307629484579e-08,0,6.51421336396281e-05,1.38969885097873e-05,6.51421336396281e-05,6.51421336396281e-05
"2020/03/14","TR",83429607,0,0,5,0,6666.66666666667,1231.88405797101,6666.66666666667,6666.66666666667,5.99307629484579e-08,0,7.99076839312771e-05,1.4765550291649e-05,7.99076839312771e-05,7.99076839312771e-05
"2020/03/15","TR",83429607,1,0,6,0,7826.08695652174,1159.42028985507,7826.08695652174,7826.08695652174,7.19169155381494e-08,0,9.38046724410645e-05,1.38969885097873e-05,9.38046724410645e-05,9.38046724410645e-05
"2020/03/16","TR",83429607,12,0,18,0,9492.75362318841,1666.66666666667,9420.28985507246,9492.75362318841,2.15750746614448e-07,0,0.000113781593423884,1.99769209828193e-05,0.000112913031642022,0.000113781593423884
"2020/03/17","TR",83429607,29,1,47,1,12173.9130434783,2681.15942028986,12101.4492753623,12173.9130434783,5.63349171715504e-07,1.19861525896916e-08,0.000145918379352767,3.21367859288832e-05,0.000145049817570905,0.000145918379352767
"2020/03/18","TR",83429607,51,0,98,1,15507.2463768116,3333.33333333333,15289.8550724638,15507.2463768116,1.17464295378977e-06,1.19861525896916e-08,0.000185872221318406,3.99538419656386e-05,0.00018326653597282,0.000185872221318406
"2020/03/19","TR",83429607,94,2,192,3,20072.4637681159,4565.21739130435,19782.6086956522,20072.4637681159,2.30134129722078e-06,3.59584577690747e-08,0.000240591613575693,5.47193922572876e-05,0.000237117366448246,0.000240591613575693
"2020/03/20","TR",83429607,167,1,359,4,25797.1014492754,5724.63768115942,25144.9275362319,25797.1014492754,4.30302877969927e-06,4.79446103587663e-08,0.000309207994342768,6.86163807670749e-05,0.000301390938306013,0.000309207994342768
"2020/03/21","TR",83429607,311,5,670,9,30797.1014492754,5000,28623.1884057971,30797.1014492754,8.03072223509335e-06,1.07875373307224e-07,0.000369138757291226,5.99307629484579e-05,0.000343081903835375,0.000369138757291226
"2020/03/22","TR",83429607,566,21,1236,30,36304.347826087,5507.2463768116,33623.1884057971,36231.884057971,1.48148846008588e-05,3.59584577690747e-07,0.000435149452712716,6.60106954214898e-05,0.000403012666783833,0.000434280890930854
"2020/03/23","TR",83429607,293,7,1529,37,41594.2028985507,5289.85507246377,38405.7971014493,41521.7391304348,1.83268273096384e-05,4.43487645818588e-07,0.00049855446278862,6.34050100759047e-05,0.000460337744386705,0.000497685901006759
"2020/03/24","TR",83429607,343,7,1872,44,47028.9855072464,5434.78260869565,42753.6231884058,46811.5942028986,2.24380776479026e-05,5.27390713946429e-07,0.000563696596428249,6.51421336396281e-05,0.000512451451298408,0.000561090911082663
"2020/03/25","TR",83429607,561,15,2433,59,52536.231884058,5507.24637681159,47101.4492753623,52246.3768115942,2.91623092507196e-05,7.07183002791803e-07,0.000629707291849738,6.60106954214898e-05,0.00056456515821011,0.000626233044722291
"2020/03/26","TR",83429607,1196,16,3629,75,58840.5797101449,6304.34782608696,52173.9130434783,58188.4057971014,4.34977477479907e-05,8.98961444226868e-07,0.000705272166871707,7.55648750219686e-05,0.00062536448294043,0.000697455110834951
"2020/03/27","TR",83429607,2069,17,5698,92,65797.1014492754,6956.52173913043,57971.0144927536,63623.1884057971,6.82970974560626e-05,1.10272603825162e-06,0.000788654097930431,8.33819310587239e-05,0.000694849425489366,0.00076259724447458
"2020/03/28","TR",83429607,1704,16,7402,108,72898.5507246377,7101.44927536232,63405.7971014493,70217.3913043478,8.8721501468897e-05,1.29450447968669e-06,0.000873773152552878,8.51190546224474e-05,0.000759991559128995,0.000841636366623995
"2020/03/29","TR",83429607,1815,23,9217,131,79782.6086956522,6884.0579710145,67608.6956521739,76594.2028985507,0.000110476368419187,1.5701859892496e-06,0.000956286521829741,8.25133692768623e-05,0.000810368142476974,0.000918069803427825
"2020/03/30","TR",83429607,1610,37,10827,168,86811.5942028986,7028.98550724638,71304.347826087,82536.231884058,0.000129774074088591,2.01367363506818e-06,0.00104053701467033,8.42504928405858e-05,0.000854664793351921,0.000989291869540486
"2020/03/31","TR",83429607,2704,46,13531,214,93913.0434782609,7101.44927536231,73840.5797101449,88478.2608695652,0.000162184630691117,2.565036654194e-06,0.00112565606929277,8.51190546224472e-05,0.00088506445571708,0.00106051393565315
"2020/04/01","TR",83429607,2148,63,15679,277,101666.666666667,7753.62318840581,75869.5652173913,95000,0.000187930886453774,3.32016426734457e-06,0.00121859217995198,9.29361106592029e-05,0.000909384185609208,0.0011386844960207
"2020/04/02","TR",83429607,2456,79,18135,356,110000,8333.33333333333,79202.8985507246,102173.913043478,0.000217368877214057,4.2670703219302e-06,0.00131847678486607,9.98846049140964e-05,0.000949338027574847,0.00122467211242501
"2020/04/03","TR",83429607,2786,69,20921,425,119057.971014493,9057.97101449275,82753.6231884058,109565.217391304,0.000250762298328937,5.09411485061892e-06,0.00142704700759879,0.000108570222732713,0.000991897554886071,0.0013132654141749
"2020/04/04","TR",83429607,3013,76,23934,501,128188.405797101,9130.4347826087,86594.2028985507,116014.492753623,0.000286876576081678,6.00506244743548e-06,0.00153648579211336,0.000109438784514575,0.00103793132932474,0.00139056741276059
"2020/04/05","TR",83429607,3135,73,27069,574,136956.52173913,8768.11594202898,89927.5362318841,121449.275362319,0.000324453164450361,6.88005158648296e-06,0.00164158176771863,0.000105095975605267,0.00107788517129038,0.00145570954640022
"2020/04/06","TR",83429607,3148,75,30217,649,146159.420289855,9202.89855072464,93623.1884057971,126086.956521739,0.00036218557280271,7.77901303070983e-06,0.00175188911401507,0.000110307346296437,0.00112218182216533,0.00151129750043937
"2020/04/07","TR",83429607,3892,76,34109,725,155072.463768116,8913.04347826086,96231.884057971,129275.362318841,0.00040883567868179,8.68996062752639e-06,0.00185872221318406,0.00010683309916899,0.00115345004631235,0.00154951421884129
"2020/04/08","TR",83429607,4117,87,38226,812,163695.652173913,8623.18840579712,97898.5507246377,132898.550724638,0.00045818266889355,9.73275590282955e-06,0.0019620810652256,0.000103358852041543,0.00117342696729517,0.00159294230793437
"2020/04/09","TR",83429607,4056,96,42282,908,172173.913043478,8478.26086956522,99275.3623188406,135869.565217391,0.000506798503797339,1.08834265514399e-05,0.00206370279370342,0.00010162172847782,0.00118992964115054,0.0016285533409907
"2020/04/10","TR",83429607,4747,98,47029,1006,180507.246376812,8333.33333333331,100724.637681159,138913.043478261,0.000563696770140605,1.20580695052297e-05,0.00216358739861751,9.98846049140962e-05,0.00120730087678777,0.00166503293582889
"2020/04/11","TR",83429607,5138,95,52167,1101,188405.797101449,7898.55072463769,101594.202898551,141376.811594203,0.00062528162214644,1.31967540012504e-05,0.00225826063284044,9.46732342229263e-05,0.00121772361817011,0.00169456403641219
"2020/04/12","TR",83429607,4789,97,56956,1198,196086.956521739,7681.15942028986,102173.913043478,143550.724637681,0.000682683306898473,1.43594108024505e-05,0.00235032818171778,9.20675488773411e-05,0.00122467211242501,0.00172062088986804
"2020/04/13","TR",83429607,4093,98,61049,1296,203260.869565217,7173.91304347827,101594.202898551,144420.289855072,0.000731742629448081,1.55340537562403e-05,0.00243631579812209,8.59876164043092e-05,0.00121772361817011,0.00173104363125038
"2020/04/14","TR",83429607,4062,107,65111,1403,210144.927536232,6884.05797101447,100144.927536232,144347.826086957,0.000780430381267408,1.68165720833373e-05,0.00251882916739895,8.2513369276862e-05,0.00120035238253288,0.00173017506946852
"2020/04/15","TR",83429607,4281,115,69392,1518,216811.594202899,6666.66666666669,97753.6231884058,143913.043478261,0.000831743100503877,1.81949796311518e-05,0.00259873685133023,7.99076839312774e-05,0.00117168984373144,0.00172496369877735
"2020/04/16","TR",83429607,4801,125,74193,1643,223260.869565217,6449.27536231885,95072.463768116,143478.260869565,0.000889288619086987,1.96932487048633e-05,0.00267603884991592,7.73019985856921e-05,0.00113955305780256,0.00171975232808618
"2020/04/17","TR",83429607,4353,126,78546,1769,230000,6739.13043478259,93043.4782608696,143188.405797101,0.000941464341309914,2.12035039311644e-05,0.00275681509562906,8.07762457131387e-05,0.00111523332791043,0.00171627808095874
"2020/04/18","TR",83429607,3783,121,82329,1890,236086.956521739,6086.95652173914,89927.5362318841,142173.913043478,0.000986807956556717,2.26538283945171e-05,0.00282977428530544,7.29591896763835e-05,0.00107788517129038,0.00170411821601267
"2020/04/19","TR",83429607,3977,127,86306,2017,241739.130434783,5652.17391304349,86666.6666666667,140072.463768116,0.00103447688540592,2.41760697734079e-05,0.00289752210429066,6.77478189852133e-05,0.0010387998911066,0.00167892992433868
"2020/04/20","TR",83429607,4674,123,90980,2140,246159.420289855,4420.28985507245,82463.768115942,136159.420289855,0.00109050016261014,2.565036654194e-05,0.00295050437298422,5.2982268693564e-05,0.000988423307758624,0.00163202758811815
"2020/04/21","TR",83429607,4611,119,95591,2259,250797.101449275,4637.68115942029,78623.1884057971,131739.130434783,0.00114576831220121,2.70767187001133e-05,0.00300609232702337,5.55879540391493e-05,0.000942389533319953,0.00157904531942459
"2020/04/22","TR",83429607,3083,117,98674,2376,255072.463768116,4275.36231884058,74565.2173913044,126884.057971014,0.00118272162063523,2.84790985531072e-05,0.00305733747215321,5.12451451298407e-05,0.000893750073535698,0.00152085168003985
"2020/04/23","TR",83429607,3116,115,101790,2491,259710.144927536,4637.68115942029,71304.3478260869,122753.623188406,0.0012200704721047,2.98575061009217e-05,0.00311292542619236,5.55879540391493e-05,0.000854664793351921,0.00147134365847373
"2020/04/24","TR",83429607,3122,109,104912,2600,263840.579710145,4130.43478260873,67753.6231884058,117681.15942029,0.00125749124048972,3.11639967331981e-05,0.00316243344775848,4.95080215661178e-05,0.000812105266040697,0.00141054433374341
"2020/04/25","TR",83429607,2861,106,107773,2706,267318.84057971,3478.26086956519,64057.9710144927,112246.376811594,0.00129178362304883,3.24345289077054e-05,0.00320412441328784,4.16909655293616e-05,0.00076780861516575,0.00134540220010379
"2020/04/26","TR",83429607,2357,99,110130,2805,270942.028985507,3623.18840579712,60797.1014492754,107246.376811594,0.00132003498470273,3.36211580140849e-05,0.00324755250238093,4.34280890930856e-05,0.000728723334981973,0.00128547143715533
"2020/04/27","TR",83429607,2131,95,112261,2900,274347.826086957,3405.79710144928,57536.231884058,102173.913043478,0.00134557747587137,3.47598425101056e-05,0.00328837490612843,4.08224037475003e-05,0.000689638054798196,0.00122467211242501
"2020/04/28","TR",83429607,2392,92,114653,2992,278333.333333333,3985.50724637677,55072.4637681159,97826.0869565217,0.00137424835286591,3.58625685483572e-05,0.00333614580413082,4.77708980023935e-05,0.000660106954214898,0.00117255840551331
"2020/04/29","TR",83429607,2936,89,117589,3081,282173.913043478,3840.57971014496,52173.9130434783,93768.115942029,0.00140943969686924,3.69293361288397e-05,0.00338217957856949,4.60337744386709e-05,0.00062536448294043,0.00112391894572905
"2020/04/30","TR",83429607,2615,93,120204,3174,286376.811594203,4202.89855072461,50289.8550724637,90289.8550724637,0.00144078348589129,3.8044048319681e-05,0.00343255616191747,5.03765833479787e-05,0.000602781876612025,0.00108222798019969
"2020/05/01","TR",83429607,2188,84,122392,3258,290362.31884058,3985.50724637683,48623.1884057971,87101.4492753623,0.00146700918775753,3.90508851372151e-05,0.00348032705991986,4.77708980023942e-05,0.000582804955629206,0.00104401126179777
"2020/05/02","TR",83429607,1983,78,124375,3336,293840.579710145,3478.26086956525,47681.1594202899,83695.6521739131,0.00149077772834289,3.99858050392111e-05,0.00352201802544923,4.16909655293623e-05,0.000571513652465004,0.00100318885805027
"2020/05/03","TR",83429607,1670,61,126045,3397,296811.594202899,2971.0144927536,46014.4927536232,80000,0.00151079460316767,4.07169603471823e-05,0.00355762905850556,3.56110330563298e-05,0.000551536731482185,0.000958892207175326
"2020/05/04","TR",83429607,1614,64,127659,3461,3e+05,3188.40579710144,44927.5362318841,76739.1304347826,0.00153014025344744,4.14840741129225e-05,0.00359584577690747,3.82167184019151e-05,0.000538508304754259,0.000919806926991549
"2020/05/05","TR",83429607,1832,59,129491,3520,302246.376811594,2246.37681159424,42536.231884058,72246.3768115942,0.00155209888499175,4.21912571157143e-05,0.00362277119214518,2.69254152377134e-05,0.000509845765952823,0.000865956096516123
"2020/05/06","TR",83429607,2253,64,131744,3584,304275.362318841,2028.98550724634,40434.7826086956,68188.4057971014,0.00157910368677633,4.29583708814546e-05,0.00364709092203731,2.43197298921274e-05,0.000484657474278833,0.000817316636731867
"2020/05/07","TR",83429607,1977,57,133721,3641,305942.028985507,1666.66666666669,38623.1884057971,64202.8985507246,0.00160280031044615,4.3641581579067e-05,0.00366706784302013,1.99769209828195e-05,0.000462943429732291,0.000769545738729473
"2020/05/08","TR",83429607,1848,48,135569,3689,307898.550724638,1956.52173913043,36956.5217391304,61739.1304347826,0.0016249507204319,4.42169169033722e-05,0.0036905190111304,2.34511681102661e-05,0.000442966508749471,0.000740014638146175
"2020/05/09","TR",83429607,1546,50,137115,3739,309855.072463768,1956.52173913043,35507.2463768116,59057.9710144928,0.00164348131233556,4.48162245328568e-05,0.00371397017924066,2.34511681102661e-05,0.000425595273112237,0.000707877852217292
"2020/05/10","TR",83429607,1542,47,138657,3786,312173.913043478,2318.84057971014,33840.579710145,57101.4492753623,0.00166196395962886,4.53795737045723e-05,0.00374176415626024,2.77939770195746e-05,0.000405618352129418,0.000684426684107026
"2020/05/11","TR",83429607,1114,55,139771,3841,314492.753623188,2318.84057971014,32318.8405797101,54782.6086956522,0.00167531653361378,4.60388120970053e-05,0.00376955813327981,2.77939770195746e-05,0.000387378554710322,0.000656632707087452
"2020/05/12","TR",83429607,1704,53,141475,3894,316594.202898551,2101.44927536231,30217.3913043478,52753.6231884058,0.00169574093762662,4.6674078184259e-05,0.0037947464249538,2.51882916739894e-05,0.000362190263036332,0.000632312977195323
"2020/05/13","TR",83429607,1639,58,143114,3952,318623.188405797,2028.9855072464,28260.8695652174,51304.347826087,0.00171538624172112,4.73692750344611e-05,0.00381906615484593,2.43197298921281e-05,0.000338739094926066,0.000614941741558089
"2020/05/14","TR",83429607,1635,55,144749,4007,321086.956521739,2463.76811594202,27246.3768115942,50144.9275362319,0.00173498360120527,4.80285134268941e-05,0.00384859725542923,2.95311005832979e-05,0.000326579229980002,0.000601044753048302
"2020/05/15","TR",83429607,1708,48,146457,4055,323260.869565217,2173.91304347827,26449.2753623188,48913.0434782609,0.00175545594982846,4.86038487511993e-05,0.00387465410888508,2.60568534558514e-05,0.000317025050379523,0.000586279202756653
"2020/05/16","TR",83429607,1610,41,148067,4096,325289.855072464,2028.98550724634,25289.8550724637,46956.5217391304,0.00177475365549786,4.90952810073767e-05,0.00389897383877721,2.43197298921274e-05,0.000303128061869736,0.000562828034646387
"2020/05/17","TR",83429607,1368,44,149435,4140,327173.913043478,1884.05797101452,24927.536231884,45000,0.00179115071224056,4.96226717213231e-05,0.00392155644510561,2.25826063284048e-05,0.000298785252960427,0.000539376866536121
"2020/05/18","TR",83429607,1158,31,150593,4171,328985.507246377,1811.59420289856,24710.1449275363,42608.6956521739,0.00180503067693942,4.99942424516035e-05,0.00394327048965215,2.17140445465428e-05,0.000296179567614843,0.000510714327734685
"2020/05/19","TR",83429607,1022,28,151615,4199,330652.173913043,1666.66666666663,24710.1449275362,40289.8550724637,0.00181728052488609,5.03298547241149e-05,0.00396324741063497,1.99769209828188e-05,0.000296179567614842,0.000482920350715109
"2020/05/20","TR",83429607,972,23,152587,4222,332246.376811594,1594.20289855078,24347.8260869565,38405.7971014493,0.00182893106520327,5.06055362336778e-05,0.00398235576983593,1.91083592009582e-05,0.000291836758705534,0.000460337744386705
"2020/05/21","TR",83429607,961,27,153548,4249,333985.507246377,1739.13043478259,24130.4347826087,37173.9130434783,0.00184044975784196,5.09291623535995e-05,0.00400320125260061,2.08454827646808e-05,0.000289231073359949,0.000445572194095056
"2020/05/22","TR",83429607,952,27,154500,4276,335507.246376812,1521.73913043475,23333.3333333333,35507.2463768116,0.00185186057510735,5.12527884735212e-05,0.00402144105001971,1.82397974190955e-05,0.00027967689375947,0.000425595273112237
"2020/05/23","TR",83429607,1186,32,155686,4308,336811.594202899,1304.34782608697,22318.8405797101,34565.2173913043,0.00186607615207872,5.16363453563913e-05,0.00403707516209322,1.5634112073511e-05,0.000267517028813406,0.000414303969948034
"2020/05/24","TR",83429607,1141,32,156827,4340,338333.333333333,1521.73913043475,21739.1304347826,34057.9710144927,0.00187975235218356,5.20199022392614e-05,0.00405531495951231,1.82397974190955e-05,0.000260568534558512,0.000408224037475003
"2020/05/25","TR",83429607,987,29,157814,4369,340000,1666.66666666669,21376.8115942029,34057.9710144927,0.00189158268478959,5.23675006643625e-05,0.00407529188049513,1.99769209828195e-05,0.000256225725649204,0.000408224037475003
"2020/05/26","TR",83429607,948,28,158762,4397,341376.811594203,1376.81159420288,20289.8550724637,33478.2608695652,0.00190294555744461,5.27031129368738e-05,0.00409179455435051,1.65026738553723e-05,0.000243197298921278,0.000401275543220109
"2020/05/27","TR",83429607,1035,34,159797,4431,342681.15942029,1304.34782608697,19420.2898550724,32826.0869565217,0.00191535122537494,5.31106421249233e-05,0.00410742866642402,1.5634112073511e-05,0.000232774557538938,0.000393458487183354
"2020/05/28","TR",83429607,1182,30,160979,4461,343913.043478261,1231.88405797101,18623.1884057971,31739.1304347826,0.00192951885773596,5.34702267026141e-05,0.00412219421671567,1.4765550291649e-05,0.000223220377938459,0.000380430060455428
"2020/05/29","TR",83429607,1141,28,162120,4489,345144.927536232,1231.88405797101,17971.0144927536,30652.1739130435,0.0019431950578408,5.38058389751255e-05,0.00413695976700732,1.4765550291649e-05,0.000215403321901703,0.000367401633727502
"2020/05/30","TR",83429607,983,26,163103,4515,346231.884057971,1086.95652173914,17246.3768115942,29637.6811594203,0.00195497744583646,5.41174789424574e-05,0.00414998819373524,1.30284267279257e-05,0.000206717704083086,0.000355241768781439
"2020/05/31","TR",83429607,839,25,163942,4540,347246.376811594,1014.49275362323,16594.2028985508,28623.1884057971,0.00196503382785922,5.44171327571997e-05,0.00416214805868131,1.21598649460644e-05,0.000198900648046332,0.000343081903835375
"2020/06/01","TR",83429607,827,23,164769,4563,348333.333333333,1086.95652173908,16086.9565217391,27246.3768115942,0.00197494637605089,5.46928142667626e-05,0.00417517648540923,1.3028426727925e-05,0.000192820715573299,0.000326579229980002
"2020/06/02","TR",83429607,786,22,165555,4585,349637.68115942,1304.34782608697,15652.1739130435,26376.8115942029,0.00198436749198639,5.49565096237359e-05,0.00419081059748274,1.5634112073511e-05,0.000187609344882129,0.000316156488597662
"2020/06/03","TR",83429607,867,24,166422,4609,350869.565217391,1231.88405797101,15362.3188405797,25579.7101449276,0.00199475948628165,5.52441772858885e-05,0.00420557614777439,1.4765550291649e-05,0.000184135097754682,0.000306602308997183
"2020/06/04","TR",83429607,988,21,167410,4630,352246.376811594,1376.81159420294,15434.7826086957,25072.463768116,0.00200660180504027,5.5495886490272e-05,0.00422207882162976,1.65026738553729e-05,0.000185003659536544,0.000300522376524151
"2020/06/05","TR",83429607,930,18,168340,4648,353768.115942029,1521.73913043475,15434.7826086957,24782.6086956522,0.00201774892694868,5.57116372368864e-05,0.00424031861904886,1.82397974190955e-05,0.000185003659536544,0.000297048129396704
"2020/06/06","TR",83429607,878,21,169218,4669,355434.782608696,1666.66666666669,15434.7826086957,24782.6086956522,0.00202827276892243,5.59633464412699e-05,0.00426029554003168,1.99769209828195e-05,0.000185003659536544,0.000297048129396705
"2020/06/07","TR",83429607,914,23,170132,4692,357028.985507246,1594.20289855072,15652.1739130435,24782.6086956522,0.00203922811238941,5.62390279508329e-05,0.00427940389923264,1.91083592009575e-05,0.000187609344882129,0.000297048129396704
"2020/06/08","TR",83429607,989,19,171121,4711,358695.652173913,1666.66666666663,16014.4927536232,24710.1449275362,0.00205108241730061,5.6466764850037e-05,0.00429938082021545,1.99769209828188e-05,0.000191952153791437,0.000296179567614842
"2020/06/09","TR",83429607,993,18,172114,4729,360434.782608696,1739.13043478265,16521.7391304348,24927.5362318841,0.00206298466682218,5.66825155966514e-05,0.00432022630298014,2.08454827646815e-05,0.00019803208626447,0.000298785252960428
"2020/06/10","TR",83429607,922,17,173036,4746,362391.304347826,1956.52173913043,17246.3768115942,25579.7101449276,0.00207403589950987,5.68862801906762e-05,0.0043436774710904,2.34511681102661e-05,0.000206717704083087,0.000306602308997183
"2020/06/11","TR",83429607,987,17,174023,4763,364130.434782609,1739.13043478259,17898.5507246377,25797.1014492754,0.0020858662321159,5.70900447847009e-05,0.00436452295385508,2.08454827646808e-05,0.000214534760119842,0.000309207994342768
"2020/06/12","TR",83429607,1195,15,175218,4778,365652.173913043,1521.73913043475,18405.7971014492,25652.1739130435,0.00210018968446058,5.72698370735463e-05,0.00438276275127418,1.82397974190955e-05,0.000220614692592873,0.000307470870779044
"2020/06/13","TR",83429607,1459,14,176677,4792,367028.985507246,1376.81159420294,18695.6521739131,25652.1739130435,0.00211767748108894,5.7437643209802e-05,0.00439926542512955,1.65026738553729e-05,0.000224088939720321,0.000307470870779045
"2020/06/14","TR",83429607,1562,15,178239,4807,368260.869565217,1231.88405797101,18623.1884057971,25579.7101449276,0.00213639985143404,5.76174354986474e-05,0.0044140309754212,1.4765550291649e-05,0.000223220377938459,0.000306602308997183
"2020/06/15","TR",83429607,1592,18,179831,4825,369347.826086957,1086.95652173914,18478.2608695652,25434.7826086957,0.00215548180635682,5.78331862452618e-05,0.00442705940214913,1.30284267279257e-05,0.000221483254374736,0.00030486518543346
"2020/06/16","TR",83429607,1467,17,181298,4842,370652.173913043,1304.34782608692,18405.7971014492,25507.2463768116,0.0021730654922059,5.80369508392866e-05,0.00444269351422264,1.56341120735103e-05,0.000220614692592873,0.000305733747215321
"2020/06/17","TR",83429607,1429,19,182727,4861,371811.594202899,1159.4202898551,18043.4782608696,25579.7101449276,0.00219019370425657,5.82646877384907e-05,0.00445659050273242,1.38969885097877e-05,0.000216271883683565,0.000306602308997183
"2020/06/18","TR",83429607,1304,21,184031,4882,373188.405797101,1376.81159420288,17753.6231884058,25942.0289855072,0.00220582364723353,5.85163969428742e-05,0.0044730931765878,1.65026738553723e-05,0.000212797636556118,0.000310945117906491
"2020/06/19","TR",83429607,1214,23,185245,4905,374420.289855072,1231.88405797101,17391.3043478261,26086.9565217391,0.00222037483647741,5.87920784524372e-05,0.00448785872687945,1.4765550291649e-05,0.000208454827646809,0.000312682241470215
"2020/06/20","TR",83429607,1248,22,186493,4927,375797.101449275,1376.81159420294,17101.4492753624,26159.4202898551,0.00223533355490935,5.90557738094104e-05,0.00450436140073482,1.65026738553729e-05,0.000204980580519364,0.000313550803252077
"2020/06/21","TR",83429607,1192,23,187685,4950,377246.376811594,1449.27536231885,16811.5942028986,26376.8115942029,0.00224962104879626,5.93314553189733e-05,0.00452173263637205,1.73712356372342e-05,0.000201506333391916,0.000316156488597662
"2020/06/22","TR",83429607,1212,24,188897,4974,378623.188405797,1376.81159420288,16231.884057971,26376.8115942029,0.00226414826573497,5.96191229811259e-05,0.00453823531022742,1.65026738553723e-05,0.000194557839137023,0.000316156488597662
"2020/06/23","TR",83429607,1268,27,190165,5001,379782.608695652,1159.42028985504,15652.1739130435,26014.4927536232,0.0022793467072187,5.99427491010475e-05,0.00455213229873721,1.3896988509787e-05,0.000187609344882129,0.000311813679688353
"2020/06/24","TR",83429607,1492,24,191657,5025,381159.420289855,1376.81159420294,15507.2463768116,25724.6376811594,0.00229723004688252,6.02304167632001e-05,0.00456863497259258,1.65026738553729e-05,0.000185872221318406,0.000308339432560906
"2020/06/25","TR",83429607,1458,21,193115,5046,382753.623188406,1594.20289855072,15724.6376811594,25724.6376811594,0.00231470585735829,6.04821259675837e-05,0.00458774333179354,1.91083592009575e-05,0.000188477906663991,0.000308339432560906
"2020/06/26","TR",83429607,1396,19,194511,5065,384057.971014493,1304.34782608692,15797.1014492753,25362.3188405797,0.0023314385263735,6.07098628667878e-05,0.00460337744386705,1.56341120735103e-05,0.000189346468445852,0.000303996623651598
"2020/06/27","TR",83429607,1372,17,195883,5082,385724.637681159,1666.66666666669,16376.8115942029,25289.8550724637,0.00234788352772655,6.09136274608126e-05,0.00462335436484987,1.99769209828195e-05,0.000196294962700746,0.000303128061869736
"2020/06/28","TR",83429607,1356,15,197239,5097,387246.376811594,1521.73913043481,16594.2028985508,24855.0724637681,0.00236413675063818,6.10934197496579e-05,0.00464159416226897,1.82397974190962e-05,0.000198900648046332,0.000297916691178566
"2020/06/29","TR",83429607,1374,18,198613,5115,388623.188405797,1376.81159420288,16811.5942028986,24492.7536231884,0.00238060572429641,6.13091704962724e-05,0.00465809683612434,1.65026738553723e-05,0.000201506333391916,0.000293573882269257
"2020/06/30","TR",83429607,1293,16,199906,5131,390000,1376.81159420288,16811.5942028986,24347.8260869565,0.00239610381959488,6.15009489377075e-05,0.00467459950997971,1.65026738553723e-05,0.000201506333391916,0.000291836758705534
"2020/07/01","TR",83429607,1192,19,201098,5150,391449.275362319,1449.27536231885,17028.9855072464,24420.2898550724,0.0024103913134818,6.17286858369116e-05,0.00469197074561695,1.73712356372342e-05,0.000204112018737502,0.000292705320487395
"2020/07/02","TR",83429607,1186,17,202284,5167,392681.15942029,1231.88405797101,16884.0579710145,24420.2898550724,0.00242460689045317,6.19324504309363e-05,0.0047067362959086,1.4765550291649e-05,0.000202374895173778,0.000292705320487395
"2020/07/03","TR",83429607,1172,19,203456,5186,394202.898550725,1521.73913043481,16956.5217391304,24855.0724637681,0.00243865466128829,6.21601873301405e-05,0.00472497609332769,1.82397974190962e-05,0.00020324345695564,0.000297916691178566
"2020/07/04","TR",83429607,1154,20,204610,5206,395507.246376812,1304.34782608692,16884.0579710145,24855.0724637681,0.00245248668137679,6.23999103819343e-05,0.0047406102054012,1.56341120735103e-05,0.000202374895173778,0.000297916691178566
"2020/07/05","TR",83429607,1148,19,205758,5225,396739.130434783,1231.88405797101,16956.5217391304,24927.536231884,0.00246624678454976,6.26276472811385e-05,0.00475537575569285,1.4765550291649e-05,0.00020324345695564,0.000298785252960427
"2020/07/06","TR",83429607,1086,16,206844,5241,397898.550724638,1159.4202898551,16739.1304347826,24710.1449275363,0.00247926374626216,6.28194257225735e-05,0.00476927274420264,1.38969885097877e-05,0.000200637771610054,0.000296179567614843
"2020/07/07","TR",83429607,1053,19,207897,5260,399130.434782609,1231.88405797101,16376.8115942029,24710.1449275363,0.00249188516493911,6.30471626217777e-05,0.00478403829449429,1.4765550291649e-05,0.000196294962700746,0.000296179567614843
"2020/07/08","TR",83429607,1041,22,208938,5282,400434.782608696,1304.34782608697,16376.8115942029,24637.6811594203,0.00250436274978498,6.33108579787509e-05,0.0047996724065678,1.5634112073511e-05,0.000196294962700747,0.000295311005832981
"2020/07/09","TR",83429607,1024,18,209962,5300,401811.594202899,1376.81159420288,16086.9565217391,24565.2173913043,0.00251663657003682,6.35266087253653e-05,0.00481617508042317,1.65026738553723e-05,0.000192820715573299,0.000294442444051119
"2020/07/10","TR",83429607,1003,23,210965,5323,403115.942028986,1304.34782608697,15869.5652173913,24492.7536231884,0.00252865868108428,6.38022902349282e-05,0.00483180919249668,1.5634112073511e-05,0.000190215030227714,0.000293573882269257
"2020/07/11","TR",83429607,1016,21,211981,5344,404347.826086957,1231.88405797101,15724.6376811594,24565.2173913044,0.00254083661211541,6.40539994393118e-05,0.00484657474278833,1.4765550291649e-05,0.000188477906663991,0.000294442444051119
"2020/07/12","TR",83429607,1012,19,212993,5363,405507.246376812,1159.42028985504,15507.2463768116,24347.8260869565,0.00255296659853618,6.42817363385159e-05,0.00486047173129812,1.3896988509787e-05,0.000185872221318405,0.000291836758705533
"2020/07/13","TR",83429607,1008,19,214001,5382,406739.130434783,1231.88405797101,15289.8550724637,23985.5072463768,0.00256504864034659,6.450947323772e-05,0.00487523728158977,1.4765550291649e-05,0.00018326653597282,0.000287493949796225
"2020/07/14","TR",83429607,992,20,214993,5402,407971.014492754,1231.88405797101,15289.8550724637,23913.0434782609,0.00257693890371556,6.47491962895139e-05,0.00489000283188142,1.4765550291649e-05,0.00018326653597282,0.000286625388014364
"2020/07/15","TR",83429607,947,17,215940,5419,409057.971014493,1086.95652173914,14855.0724637681,23333.3333333333,0.002588289790218,6.49529608835386e-05,0.00490303125860934,1.30284267279257e-05,0.00017805516528165,0.00027967689375947
"2020/07/16","TR",83429607,933,21,216873,5440,410072.463768116,1014.49275362323,14565.2173913044,22826.0869565217,0.00259947287058418,6.52046700879221e-05,0.00491519112355541,1.21598649460644e-05,0.000174580918154204,0.000273596961286438
"2020/07/17","TR",83429607,926,18,217799,5458,411159.420289855,1086.95652173914,14420.2898550725,22536.231884058,0.00261057204788223,6.54204208345366e-05,0.00492821955028333,1.30284267279257e-05,0.00017284379459048,0.000270122714158991
"2020/07/18","TR",83429607,918,17,218717,5475,412391.304347826,1231.88405797101,14492.7536231884,22391.3043478261,0.00262157533595957,6.56241854285613e-05,0.00494298510057498,1.4765550291649e-05,0.000173712356372342,0.000268385590595268
"2020/07/19","TR",83429607,924,16,219641,5491,413768.115942029,1376.81159420288,14637.6811594203,22318.8405797101,0.00263265054095245,6.58159638699964e-05,0.00495948777443035,1.65026738553723e-05,0.000175449479936065,0.000267517028813406
"2020/07/20","TR",83429607,931,17,220572,5508,415072.463768116,1304.34782608697,14637.6811594203,22391.3043478261,0.00264380964901345,6.60197284640212e-05,0.00497512188650386,1.5634112073511e-05,0.000175449479936065,0.000268385590595268
"2020/07/21","TR",83429607,928,18,221500,5526,416449.275362319,1376.81159420288,14637.6811594203,22246.3768115942,0.00265493279861668,6.62354792106356e-05,0.00499162456035924,1.65026738553723e-05,0.000175449479936065,0.000266648467031544
"2020/07/22","TR",83429607,902,19,222402,5545,417753.623188406,1304.34782608697,14637.6811594203,22246.3768115942,0.00266574430825258,6.64632161098398e-05,0.00500725867243275,1.5634112073511e-05,0.000175449479936065,0.000266648467031545
"2020/07/23","TR",83429607,913,18,223315,5563,419130.434782609,1376.81159420288,14782.6086956522,22391.3043478261,0.00267668766556697,6.66789668564542e-05,0.00502376134628812,1.65026738553723e-05,0.000177186603499788,0.000268385590595268
"2020/07/24","TR",83429607,937,17,224252,5580,420144.927536232,1014.49275362317,14637.6811594203,22246.3768115942,0.00268791869054351,6.6882731450479e-05,0.00503592121123418,1.21598649460637e-05,0.000175449479936065,0.000266648467031544
"2020/07/25","TR",83429607,921,16,225173,5596,421231.884057971,1086.95652173914,14492.7536231884,22101.4492753623,0.00269895793707862,6.7074509891914e-05,0.00504894963796211,1.30284267279257e-05,0.000173712356372342,0.000264911343467821
"2020/07/26","TR",83429607,927,17,226100,5613,422391.304347826,1159.4202898551,14420.2898550725,21956.5217391304,0.00271006910052926,6.72782744859388e-05,0.0050628466264719,1.38969885097877e-05,0.00017284379459048,0.000263174219904098
"2020/07/27","TR",83429607,919,17,227019,5630,423478.260869565,1086.95652173914,14420.2898550725,21666.6666666667,0.00272108437475919,6.74820390799635e-05,0.00507587505319982,1.30284267279257e-05,0.00017284379459048,0.000259699972776651
"2020/07/28","TR",83429607,963,15,227982,5645,424492.753623188,1014.49275362317,14420.2898550724,21376.8115942029,0.00273262703970306,6.76618313688089e-05,0.00508803491814589,1.21598649460637e-05,0.00017284379459048,0.000256225725649204
"2020/07/29","TR",83429607,942,14,228924,5659,425579.710144928,1086.95652173914,14420.2898550724,21231.884057971,0.00274391799544255,6.78296375050646e-05,0.00510106334487381,1.30284267279257e-05,0.00017284379459048,0.00025448860208548
"2020/07/30","TR",83429607,967,15,229891,5674,426884.057971015,1304.34782608697,14492.7536231884,21376.8115942029,0.00275550860499678,6.800942979391e-05,0.00511669745694732,1.5634112073511e-05,0.000173712356372342,0.000256225725649204
"2020/07/31","TR",83429607,982,17,230873,5691,428405.797101449,1521.73913043475,14637.6811594203,21666.6666666667,0.00276727900683986,6.82131943879347e-05,0.00513493725436642,1.82397974190955e-05,0.000175449479936065,0.000259699972776651
"2020/08/01","TR",83429607,996,19,231869,5710,430000,1594.20289855072,14927.536231884,22028.9855072464,0.00277921721481919,6.84409312871389e-05,0.00515404561356738,1.91083592009575e-05,0.000178923727063512,0.000264042781685959
"2020/08/02","TR",83429607,987,18,232856,5728,431521.739130435,1521.73913043481,15072.463768116,22463.7681159421,0.00279104754742522,6.86566820337533e-05,0.00517228541098647,1.82397974190962e-05,0.000180660850627236,0.00026925415237713
"2020/08/03","TR",83429607,995,19,233851,5747,432898.550724638,1376.81159420288,15144.9275362319,22826.0869565217,0.00280297376925196,6.88844189329575e-05,0.00518878808484184,1.65026738553723e-05,0.000181529412409097,0.000273596961286438
"2020/08/04","TR",83429607,1083,18,234934,5765,434492.753623188,1594.20289855072,15362.3188405797,23333.3333333333,0.0028159547725066,6.91001696795719e-05,0.0052078964440428,1.91083592009575e-05,0.000184135097754682,0.00027967689375947
"2020/08/05","TR",83429607,1178,19,236112,5784,435942.028985507,1449.27536231885,15797.1014492754,23550.7246376812,0.00283007446025726,6.9327906578776e-05,0.00522526767968004,1.73712356372342e-05,0.000189346468445853,0.000282282579105055
"2020/08/06","TR",83429607,1153,14,237265,5798,437608.695652174,1666.66666666669,16376.8115942029,23840.579710145,0.00284389449419317,6.94957127150317e-05,0.00524524460066285,1.99769209828195e-05,0.000196294962700747,0.000285756826232502
"2020/08/07","TR",83429607,1185,15,238450,5813,438985.507246377,1376.81159420288,16594.2028985507,23913.0434782609,0.00285809808501196,6.96755050038771e-05,0.00526174727451823,1.65026738553723e-05,0.000198900648046331,0.000286625388014364
"2020/08/08","TR",83429607,1172,16,239622,5829,440579.710144928,1594.20289855072,17101.4492753623,24130.4347826087,0.00287214585584707,6.98672834453122e-05,0.00528085563371918,1.91083592009575e-05,0.000204980580519363,0.000289231073359949
"2020/08/09","TR",83429607,1182,15,240804,5844,442173.913043478,1594.20289855072,17681.1594202899,24420.2898550724,0.00288631348820809,7.00470757341575e-05,0.00529996399292014,1.91083592009575e-05,0.000211929074774257,0.000292705320487395
"2020/08/10","TR",83429607,1193,14,241997,5858,443550.724637681,1376.81159420288,17971.0144927536,24420.2898550724,0.00290061296824759,7.02148818704132e-05,0.00531646666677551,1.65026738553723e-05,0.000215403321901703,0.000292705320487395
"2020/08/11","TR",83429607,1183,15,243180,5873,444855.072463768,1304.34782608697,17971.0144927536,24710.1449275363,0.0029147925867612,7.03946741592586e-05,0.00533210077884903,1.5634112073511e-05,0.000215403321901703,0.000296179567614843
"2020/08/12","TR",83429607,1212,18,244392,5891,446594.202898551,1739.13043478259,18188.4057971014,25362.3188405797,0.0029293198036999,7.0610424905873e-05,0.00535294626161371,2.08454827646808e-05,0.000218009007247289,0.000303996623651598
"2020/08/13","TR",83429607,1243,21,245635,5912,448043.47826087,1449.27536231885,18043.4782608696,25652.1739130435,0.00294421859136889,7.08621341102566e-05,0.00537031749725094,1.73712356372342e-05,0.000216271883683565,0.000307470870779044
"2020/08/14","TR",83429607,1226,22,246861,5934,449927.536231884,1884.05797101452,18405.7971014493,26449.2753623188,0.00295891361444385,7.11258294672298e-05,0.00539290010357935,2.25826063284048e-05,0.000220614692592874,0.000317025050379523
"2020/08/15","TR",83429607,1256,21,248117,5955,452536.231884058,2608.69565217389,19637.6811594203,28043.4782608696,0.0029739682220965,7.13775386716133e-05,0.00542416832772637,3.12682241470212e-05,0.000235380242884523,0.000336133409580481
"2020/08/16","TR",83429607,1192,19,249309,5974,455362.31884058,2826.08695652173,20869.5652173913,29782.6086956522,0.00298825571598342,7.16052755708174e-05,0.00545804223721897,3.38739094926065e-05,0.000250145793176172,0.000356978892345162
"2020/08/17","TR",83429607,1233,22,250542,5996,458405.797101449,3043.47826086957,22463.768115942,31521.7391304348,0.00300303464212651,7.18689709277907e-05,0.00549452183205716,3.64795948381918e-05,0.000269254152377129,0.000377824375109843
"2020/08/18","TR",83429607,1263,20,251805,6016,461594.202898551,3188.40579710144,23985.5072463768,33188.4057971014,0.00301817315284729,7.21086939795845e-05,0.00553273855045908,3.82167184019151e-05,0.000287493949796225,0.000397801296092662
"2020/08/19","TR",83429607,1303,23,253108,6039,465000,3405.79710144928,26014.4927536232,35000,0.00303379110967165,7.23843754891474e-05,0.00557356095420658,4.08224037475003e-05,0.000311813679688353,0.000419515340639205
"2020/08/20","TR",83429607,1412,19,254520,6058,468260.869565217,3260.86956521741,27681.1594202899,36739.1304347826,0.0030507155571283,7.26121123883515e-05,0.00561264623439036,3.9085280183777e-05,0.000331790600671172,0.000440360823403886
"2020/08/21","TR",83429607,1203,22,255723,6080,471811.594202899,3550.72463768115,29637.6811594203,38913.0434782609,0.0030651348986937,7.28758077453248e-05,0.00565520576170158,4.25595273112236e-05,0.000355241768781439,0.000466417676859737
"2020/08/22","TR",83429607,1309,22,257032,6102,475652.173913043,3840.5797101449,32101.4492753623,41159.420289855,0.0030808247724336,7.3139503102298e-05,0.00570123953614025,4.60337744386702e-05,0.000384772869364736,0.00049334309209745
"2020/08/23","TR",83429607,1217,19,258249,6121,479710.144927536,4057.9710144928,34855.0724637681,43768.115942029,0.00309541192013526,7.33672400015021e-05,0.00574987899592451,4.86394597842562e-05,0.000417778217075482,0.000524611316244472
"2020/08/24","TR",83429607,1443,18,259692,6139,483550.724637681,3840.5797101449,36956.5217391304,45942.0289855072,0.00311270793832218,7.35829907481166e-05,0.00579591277036318,4.60337744386702e-05,0.000442966508749471,0.000550668169700322
"2020/08/25","TR",83429607,1502,24,261194,6163,487681.15942029,4130.4347826087,39637.6811594203,48695.652173913,0.0031307111395119,7.38706584102691e-05,0.0058454207919293,4.95080215661175e-05,0.000475103294678354,0.000583673517411068
"2020/08/26","TR",83429607,1313,20,262507,6183,491449.275362319,3768.11594202899,41521.7391304348,50869.5652173913,0.00314644895786217,7.4110381462063e-05,0.0058905860045861,4.51652126568089e-05,0.000497685901006758,0.000609730370866919
"2020/08/27","TR",83429607,1491,26,263998,6209,495434.782608696,3985.50724637683,42898.5507246377,53260.8695652174,0.0031643203113734,7.4422021429395e-05,0.0059383569025885,4.77708980023942e-05,0.000514188574862131,0.000638392909668356
"2020/08/28","TR",83429607,1517,36,265515,6245,499637.68115942,4202.89855072461,44275.3623188406,56086.9565217391,0.00318250330485196,7.48535229226239e-05,0.00598873348593648,5.03765833479787e-05,0.000530691248717504,0.000672266819160962
"2020/08/29","TR",83429607,1549,39,267064,6284,503695.652173913,4057.97101449274,45289.8550724637,58840.5797101449,0.00320106985521339,7.53209828736218e-05,0.00603737294572073,4.86394597842555e-05,0.000542851113663567,0.000705272166871707
"2020/08/30","TR",83429607,1482,42,268546,6326,507173.913043478,3478.26086956525,45579.7101449276,60579.7101449276,0.00321883333335131,7.58244012823889e-05,0.00607906391125009,4.16909655293623e-05,0.000546325360791015,0.000726117649636388
"2020/08/31","TR",83429607,1587,44,270133,6370,511304.347826087,4130.4347826087,46304.347826087,63260.8695652174,0.00323785535751115,7.63517919963353e-05,0.00612857193281621,4.95080215661175e-05,0.000555010978609632,0.000758254435565271
"2020/09/01","TR",83429607,1572,47,271705,6417,515869.565217391,4565.21739130432,47608.6956521739,65942.0289855072,0.00325669758938215,7.69151411680508e-05,0.0061832913250735,5.47193922572873e-05,0.000570645090683142,0.000790391221494154
"2020/09/02","TR",83429607,1596,45,273301,6462,520724.637681159,4855.07246376813,48913.0434782609,68188.4057971014,0.0032758274889153,7.74545180345869e-05,0.00624148496445823,5.81936393847346e-05,0.000586279202756653,0.000817316636731867
"2020/09/03","TR",83429607,1642,49,274943,6511,525289.855072464,4565.21739130432,49637.6811594203,69927.536231884,0.00329550875146757,7.80418395114818e-05,0.00629620435671552,5.47193922572873e-05,0.00059496482057527,0.000838162119496548
"2020/09/04","TR",83429607,1612,53,276555,6564,530072.463768116,4782.60869565222,50362.3188405797,71666.6666666667,0.00331483042944215,7.86771055987355e-05,0.00635352943431839,5.73250776028733e-05,0.000603650438393887,0.000859007602261229
"2020/09/05","TR",83429607,1673,56,278228,6620,534565.217391304,4492.75362318836,51014.4927536232,72971.0144927536,0.00333488326272471,7.93483301437582e-05,0.00640738026479382,5.38508304754253e-05,0.000611467494430642,0.00087464171433474
"2020/09/06","TR",83429607,1578,53,279806,6673,539492.753623188,4927.53623188403,51811.5942028985,74492.7536231884,0.00335379741151124,7.99835962310119e-05,0.00646644246596042,5.90622011665959e-05,0.000621021674031121,0.000892881511753835
"2020/09/07","TR",83429607,1703,57,281509,6730,543913.043478261,4420.28985507251,52463.768115942,75652.1739130435,0.00337420982937148,8.06668069286243e-05,0.00651942473465398,5.29822686935647e-05,0.000628838730067876,0.000906778500263623
"2020/09/08","TR",83429607,1761,52,283270,6782,548840.579710145,4927.53623188403,53405.7971014492,77028.9855072463,0.00339531744408193,8.12900868632882e-05,0.00657848693582058,5.90622011665959e-05,0.000640130033232078,0.000923281174118995
"2020/09/09","TR",83429607,1673,55,284943,6837,553550.724637681,4710.14492753625,53913.0434782609,77898.5507246377,0.00341537027736449,8.19493252557213e-05,0.00663494345164159,5.64565158210113e-05,0.000646209965705111,0.000933703915501336
"2020/09/10","TR",83429607,1512,58,286455,6895,558768.115942029,5217.3913043479,55072.463768116,79057.9710144928,0.0034334933400801,8.26445221059234e-05,0.00669747989993563,6.25364482940438e-05,0.000660106954214899,0.000947600904011124
"2020/09/11","TR",83429607,1671,56,288126,6951,564130.434782609,5362.31884057971,56956.5217391305,80579.7101449276,0.00345352220105747,8.33157466509461e-05,0.0067617534717934,6.42735718577664e-05,0.000682689560543303,0.00096584070143022
"2020/09/12","TR",83429607,1509,48,289635,6999,569420.289855073,5289.85507246375,58115.9420289855,81739.1304347827,0.00347160930531532,8.38910819752513e-05,0.0068251584818693,6.34050100759044e-05,0.00069658654905309,0.000979737689940007
"2020/09/13","TR",83429607,1527,57,291162,7056,574565.217391304,5144.92753623181,58695.652173913,83115.9420289855,0.00348991216031978,8.45742926728637e-05,0.00688682636838148,6.16678865121804e-05,0.000703535043307983,0.000996240363795379
"2020/09/14","TR",83429607,1716,63,292878,7119,579492.753623188,4927.53623188415,58768.115942029,84057.9710144928,0.00351048039816369,8.53294202860143e-05,0.00694588856954808,5.90622011665973e-05,0.000704403605089846,0.00100753166695958
"2020/09/15","TR",83429607,1742,67,294620,7186,584202.898550725,4710.14492753614,58913.0434782609,84565.2173913043,0.00353136027597493,8.61324925095236e-05,0.00700234508536909,5.64565158210099e-05,0.000706140728653569,0.00101361159943261
"2020/09/16","TR",83429607,1771,63,296391,7249,589130.434782609,4927.53623188415,59057.9710144928,85434.7826086957,0.00355258775221127,8.68876201226742e-05,0.00706140728653569,5.90622011665973e-05,0.000707877852217293,0.00102403434081495
"2020/09/17","TR",83429607,1648,66,298039,7315,593840.579710145,4710.14492753614,59275.3623188406,86666.6666666666,0.00357234093167909,8.76787061935938e-05,0.0071178638023567,5.64565158210099e-05,0.000710483537562877,0.0010387998911066
"2020/09/18","TR",83429607,1771,62,299810,7377,598695.652173913,4855.07246376819,59202.8985507247,87391.3043478261,0.00359356840791543,8.84218476541547e-05,0.00717605744174143,5.81936393847353e-05,0.000709614975781017,0.00104748550892522
"2020/09/19","TR",83429607,1538,68,301348,7445,603260.869565217,4565.21739130432,59347.8260869565,87391.3043478261,0.00361200311059838,8.92369060302537e-05,0.00723077683399872,5.47193922572873e-05,0.000711352099344739,0.00104748550892522
"2020/09/20","TR",83429607,1519,61,302867,7506,607536.231884058,4275.36231884058,58695.6521739131,86811.5942028986,0.00363021007638212,8.99680613382249e-05,0.00728202197912856,5.12451451298407e-05,0.000703535043307984,0.00104053701467033
"2020/09/21","TR",83429607,1743,68,304610,7574,611666.666666667,4130.43478260865,58115.9420289855,86376.8115942029,0.00365110194034595,9.0783119714324e-05,0.00733153000069468,4.95080215661168e-05,0.000696586549053089,0.00103532564397916
"2020/09/22","TR",83429607,1692,65,306302,7639,615797.101449275,4130.43478260876,57028.9855072463,85724.6376811594,0.00367138251052771,9.15622196326539e-05,0.0073810380222608,4.95080215661181e-05,0.000683558122325164,0.0010275085879424
"2020/09/23","TR",83429607,1767,72,308069,7711,619782.608695652,3985.50724637683,55652.1739130435,85217.3913043479,0.00369256204215369,9.24252226191117e-05,0.00742880892026319,4.77708980023942e-05,0.000667055448469792,0.00102142865546937
"2020/09/24","TR",83429607,1721,74,309790,7785,623840.579710145,4057.97101449268,54420.2898550724,84347.8260869565,0.00371319021076055,9.33121979107489e-05,0.00747744838004744,4.86394597842548e-05,0.000652289898178142,0.00101100591408703
"2020/09/25","TR",83429607,1665,73,311455,7858,628043.47826087,4202.89855072473,53478.2608695653,84130.4347826088,0.00373314715482239,9.41871870497964e-05,0.00752782496339542,5.03765833479801e-05,0.000640998595013942,0.00100840022874144
"2020/09/26","TR",83429607,1511,71,312966,7929,632028.985507246,3985.50724637671,52536.2318840579,83188.4057971014,0.00375125823138541,9.50382038836645e-05,0.00757559586139782,4.77708980023928e-05,0.000629707291849737,0.000997108925577241
"2020/09/27","TR",83429607,1467,68,314433,7997,636086.956521739,4057.9710144928,51884.0579710145,82536.231884058,0.00376884191723449,9.58532622597635e-05,0.00762423532118207,4.86394597842562e-05,0.000621890235812983,0.000989291869540486
"2020/09/28","TR",83429607,1412,65,315845,8062,640362.31884058,4275.36231884058,51231.884057971,81594.2028985507,0.00378576636469113,9.66323621780934e-05,0.00767548046631191,5.12451451298407e-05,0.000614073179776227,0.000978000566376282
"2020/09/29","TR",83429607,1427,68,317272,8130,644565.217391304,4202.89855072461,50724.6376811594,80434.7826086956,0.00380287060443662,9.74474205541925e-05,0.00772585704965989,5.03765833479787e-05,0.000607993247303196,0.000964103577866495
"2020/09/30","TR",83429607,1391,65,318663,8195,649057.971014493,4492.75362318847,50362.3188405797,79637.6811594203,0.00381954334268888,9.82265204725224e-05,0.00777970788013532,5.38508304754267e-05,0.000603650438393887,0.000954549398266017
"2020/10/01","TR",83429607,1407,67,320070,8262,653188.405797101,4130.43478260865,49927.536231884,78623.1884057971,0.00383640785938258,9.90295926960318e-05,0.00782921590170144,4.95080215661168e-05,0.000598439067702717,0.000942389533319953
"2020/10/02","TR",83429607,1442,63,321512,8325,657971.014492754,4782.60869565222,50434.7826086957,78478.2608695652,0.00385369189141692,9.97847203091823e-05,0.00788654097930431,5.73250776028733e-05,0.000604519000175749,0.000940652409756229
"2020/10/03","TR",83429607,1502,59,323014,8384,663260.869565217,5289.85507246375,51594.2028985508,79057.9710144928,0.00387169509260663,0.000100491903311974,0.00794994598938021,6.34050100759044e-05,0.000618415988685537,0.000947600904011124
"2020/10/04","TR",83429607,1429,57,324443,8441,668405.797101449,5144.92753623193,52608.6956521739,79275.3623188406,0.0038888233046573,0.000101175114009587,0.0080116138758924,6.16678865121818e-05,0.0006305758536316,0.000950206589356708
"2020/10/05","TR",83429607,1603,57,326046,8498,673623.188405797,5217.39130434778,53840.5797101449,79782.6086956522,0.00390803710725858,0.000101858324707199,0.00807415032418644,6.25364482940424e-05,0.000645341403923249,0.000956286521829741
"2020/10/06","TR",83429607,1511,55,327557,8553,679057.971014493,5434.78260869568,55217.3913043479,80362.3188405797,0.0039261481838216,0.000102517563099632,0.00813929245782607,6.51421336396284e-05,0.000661844077778622,0.000963235016084634
"2020/10/07","TR",83429607,1581,56,329138,8609,684420.289855073,5362.31884057971,56376.8115942029,81159.4202898551,0.0039450982910659,0.000103188787644655,0.00820356602968383,6.42735718577664e-05,0.000675741066288409,0.000972789195685113
"2020/10/08","TR",83429607,1615,58,330753,8667,689347.826086957,4927.53623188403,57318.8405797102,81811.5942028986,0.00396445592749826,0.000103883984494857,0.00826262823085043,5.90622011665959e-05,0.000687032369452612,0.000980606251721868
"2020/10/09","TR",83429607,1629,55,332382,8722,694492.753623188,5144.92753623193,58405.7971014493,82826.0869565218,0.00398398137006686,0.00010454322288729,0.00832429611736261,6.16678865121818e-05,0.000700060796180537,0.000992766116667934
"2020/10/10","TR",83429607,1649,56,334031,8778,699855.072463768,5362.31884057971,59492.7536231885,84057.9710144928,0.00400374653568727,0.000105214447432313,0.00838856968922038,6.42735718577664e-05,0.000713089222908463,0.00100753166695958
"2020/10/11","TR",83429607,1502,59,335533,8837,704855.072463768,5000,60289.8550724639,85072.463768116,0.00402174973687698,0.000105921630435104,0.00844850045216883,5.99307629484579e-05,0.000722643402508942,0.00101969153190565
"2020/10/12","TR",83429607,1614,58,337147,8895,710072.463768116,5217.39130434778,61014.4927536232,86231.8840579711,0.00404109538715674,0.000106616827285307,0.00851103690046288,6.25364482940424e-05,0.000731329020327558,0.00103358852041543
"2020/10/13","TR",83429607,1632,62,338779,8957,715507.246376812,5434.78260869568,62318.8405797102,87463.768115942,0.00406065678818312,0.000107359968745867,0.00857617903410251,6.51421336396284e-05,0.00074696313240107,0.00104835407070708
"2020/10/14","TR",83429607,1671,57,340450,9014,721014.492753623,5507.24637681153,63043.4782608695,88985.5072463768,0.0040806856491605,0.00010804317944348,0.00864218972952399,6.6010695421489e-05,0.000755648750219685,0.00106659386812618
"2020/10/15","TR",83429607,1693,66,342143,9080,726594.202898551,5579.71014492761,63333.3333333334,90507.2463768116,0.00410097820549484,0.000108834265514399,0.00870906898672735,6.68792572033524e-05,0.000759122997347133,0.00108483366554527
"2020/10/16","TR",83429607,1812,73,343955,9153,731811.594202899,5217.39130434778,63405.7971014492,91449.2753623188,0.00412269711398736,0.000109709254653447,0.00877160543502139,6.25364482940424e-05,0.000759991559128994,0.00109612496870948
"2020/10/17","TR",83429607,1723,71,345678,9224,737463.768115942,5652.17391304346,63840.5797101449,92898.5507246377,0.0041433492548994,0.000110560271487315,0.0088393532540066,6.7747818985213e-05,0.000765202929820164,0.00111349620434671
"2020/10/18","TR",83429607,1815,72,347493,9296,742898.550724638,5434.78260869568,63840.5797101449,93840.5797101449,0.00416510412184969,0.000111423274473773,0.00890449538764623,6.51421336396284e-05,0.000765202929820164,0.00112478750751091
"2020/10/19","TR",83429607,2026,75,349519,9371,748260.869565217,5362.31884057971,63840.5797101449,95072.463768116,0.00418938806699641,0.000112322235918,0.008968768959504,6.42735718577664e-05,0.000765202929820164,0.00113955305780256
"2020/10/20","TR",83429607,1894,74,351413,9445,753768.115942029,5507.24637681164,64420.2898550725,95797.1014492754,0.00421208984000128,0.000113209211209637,0.00903477965492549,6.60106954214904e-05,0.000772151424075059,0.00114823867562118
"2020/10/21","TR",83429607,2013,68,353426,9513,759492.753623188,5724.63768115942,65000,96231.8840579711,0.00423621796516433,0.000114024269585736,0.00910339603569256,6.8616380767075e-05,0.000779099918329952,0.00115345004631235
"2020/10/22","TR",83429607,2102,71,355528,9584,765072.463768116,5579.71014492749,65217.3913043478,96666.6666666666,0.00426141285790786,0.000114875286419604,0.00917027529289591,6.6879257203351e-05,0.000781705603675537,0.00115866141700352
"2020/10/23","TR",83429607,2165,74,357693,9658,770942.028985507,5869.56521739124,66086.956521739,97318.8405797101,0.00428736287826455,0.000115762261711241,0.00924062879722671,7.03535043307976e-05,0.000792128345057876,0.00116647847304027
"2020/10/24","TR",83429607,2091,69,359784,9727,776956.52173913,6014.49275362329,66884.0579710145,97898.5507246377,0.00431242592332959,0.00011658930623993,0.00931271942512123,7.20906278945229e-05,0.000801682524658357,0.00117342696729517
"2020/10/25","TR",83429607,2017,72,361801,9799,782826.086956522,5869.56521739124,67318.8405797101,98405.7971014492,0.004336601993103,0.000117452309226388,0.00938307292945203,7.03535043307976e-05,0.000806893895349526,0.0011795068997682
"2020/10/26","TR",83429607,2198,75,363999,9874,788913.043478261,6086.95652173914,67898.5507246377,99565.2173913043,0.00436294755649514,0.000118351270670615,0.00945603211912842,7.29591896763835e-05,0.000813842389604421,0.00119340388827799
"2020/10/27","TR",83429607,2209,76,366208,9950,795072.463768116,6159.4202898551,68478.2608695652,100579.710144927,0.00438942496756577,0.000119262218267431,0.00952985987058666,7.38277514582455e-05,0.000820790883859314,0.00120556375322405
"2020/10/28","TR",83429607,2305,77,368513,10027,801376.811594203,6304.34782608692,69565.2173913043,101521.739130435,0.00441705304928501,0.000120185152016837,0.00960542474560863,7.55648750219681e-05,0.000833819310587239,0.00121685505638825
"2020/10/29","TR",83429607,2319,72,370832,10099,807608.695652174,6231.88405797107,70144.9275362319,102753.623188406,0.0044448489371405,0.000121048155003295,0.00968012105884874,7.46963132401075e-05,0.000840767804842134,0.0012316206066799
"2020/10/30","TR",83429607,2322,78,373154,10177,813985.507246377,6376.81159420288,71086.9565217391,103913.043478261,0.00447268078345377,0.000121983074905291,0.00975655449565257,7.64334368038301e-05,0.000852059108006336,0.00124551759518969
"2020/10/31","TR",83429607,2213,75,375367,10252,820724.637681159,6739.13043478259,72463.768115942,105217.391304348,0.00449920613913476,0.000122882036349518,0.0098373307413657,8.07762457131387e-05,0.000868561781861708,0.0012611517072632
"2020/11/01","TR",83429607,2106,74,377473,10326,827391.304347826,6666.66666666663,73623.188405797,106376.811594203,0.00452444897648865,0.000123769011641155,0.00991723842529698,7.99076839312767e-05,0.000882458770371494,0.00127504869577299
"2020/11/02","TR",83429607,2302,76,379775,10402,833840.579710145,6449.27536231885,74347.8260869564,107246.376811594,0.00455204109975012,0.000124679959237972,0.00999454042388267,7.73019985856921e-05,0.000891144388190111,0.00128547143715533
"2020/11/03","TR",83429607,2343,79,382118,10481,840652.173913043,6811.59420289856,75579.7101449275,108840.579710145,0.00458012465526776,0.000125626865292557,0.0100761852313777,8.16448074950007e-05,0.000905909938481761,0.00130457979635629
"2020/11/04","TR",83429607,2391,77,384509,10558,848115.942028985,7463.76811594202,77173.9130434783,110652.173913043,0.00460878354610972,0.000126549799041964,0.0101656470949094,8.94618635317558e-05,0.000925018297682719,0.00132629384090283
"2020/11/05","TR",83429607,2311,81,386820,10639,856521.739130435,8405.79710144934,79565.2173913043,113623.188405797,0.00463648354474449,0.000127520677401729,0.0102664002616054,0.000100753166695959,0.000953680836484155,0.00136190487395916
"2020/11/06","TR",83429607,2436,83,389256,10722,865434.782608696,8913.04347826086,82608.6956521739,117173.913043478,0.00466568181245298,0.000128515528066673,0.0103732333607744,0.00010683309916899,0.000990160431322348,0.00140446440127038
"2020/11/07","TR",83429607,2483,81,391739,10803,875652.173913043,10217.3913043478,86739.1304347826,121884.057971014,0.00469544342933319,0.000129486406426438,0.0104957005720169,0.0001224672112425,0.00103966845288846,0.00146092091709139
"2020/11/08","TR",83429607,2516,84,394255,10887,885434.782608696,9782.60869565222,90362.3188405797,125942.028985507,0.00472560058924885,0.000130493243243972,0.0106129564125682,0.000117255840551331,0.00108309654198155,0.00150956037687565
"2020/11/09","TR",83429607,2576,85,396831,10972,895507.246376812,10072.463768116,94130.4347826088,130434.782608696,0.0047564769183199,0.000131512066214096,0.010733686500247,0.000120730087678778,0.00112826175463836,0.00156341120735107
"2020/11/10","TR",83429607,2529,87,399360,11059,906594.202898551,11086.9565217391,98985.5072463768,135652.173913044,0.00478678989821923,0.000132554861489399,0.0108665764528718,0.000132889952624841,0.00118645539402309,0.00162594765564512
"2020/11/11","TR",83429607,2693,86,402053,11145,918260.869565217,11666.6666666666,104275.362318841,141304.347826087,0.00481906860714327,0.000133585670612113,0.0110064148997516,0.000139838446879735,0.001249860404099,0.00169369547463033
"2020/11/12","TR",83429607,2841,88,404894,11233,930434.782608696,12173.9130434783,109710.144927536,147608.695652174,0.00485312126665058,0.000134640452040005,0.0111523332791043,0.000145918379352767,0.00131500253773863,0.0017692603496523
"2020/11/13","TR",83429607,3045,93,407939,11326,943043.47826087,12608.6956521739,115652.173913044,154130.434782609,0.00488961910128619,0.000135755164230847,0.0113034630291483,0.000151129750043938,0.00138622460385129,0.00184743091001985
"2020/11/14","TR",83429607,3116,92,411055,11418,955869.565217391,12826.0869565217,122028.985507246,160797.101449275,0.00492696795275567,0.000136857890269098,0.0114571984645378,0.000153735435389522,0.00146265804065512,0.00192733859395113
"2020/11/15","TR",83429607,3223,89,414278,11507,969057.971014493,13188.4057971014,128405.797101449,167681.15942029,0.00496559932255224,0.000137924657849581,0.0116152767088366,0.000158078244298831,0.00153909147745895,0.00200985196322799
"2020/11/16","TR",83429607,3316,94,417594,11601,982463.768115942,13405.7971014492,134347.826086957,174855.072463768,0.00500534540453966,0.000139051356193012,0.011775960638481,0.000160683929644415,0.00161031354357161,0.0020958395796323
"2020/11/17","TR",83429607,3819,103,421413,11704,996086.956521739,13623.1884057971,139565.217391304,182101.449275362,0.00505112052127969,0.00014028592990975,0.011939250253471,0.000163289614990001,0.00167284999186565,0.00218269575781847
"2020/11/18","TR",83429607,4215,116,425628,11820,1009855.07246377,13768.115942029,144420.289855073,189130.434782609,0.00510164215444524,0.000141676323610154,0.0121042769920248,0.000165026738553725,0.00173104363125038,0.00226694625065906
"2020/11/19","TR",83429607,4542,123,430170,11943,1023840.57971014,13985.5072463767,148188.405797101,196449.275362319,0.00515608325950762,0.000143150620378686,0.0122719094159241,0.000167632423899308,0.00177620884390719,0.00235467099062709
"2020/11/20","TR",83429607,5103,141,435273,12084,1037391.30434783,13550.7246376812,151956.52173913,203550.724637681,0.00521724859617282,0.000144840667893833,0.0124343304691322,0.000162421053208139,0.001821374056564,0.00243979004524954
"2020/11/21","TR",83429607,5532,135,440805,12219,1051376.8115942,13985.5072463768,155869.565217391,210724.637681159,0.00528355599229899,0.000146458798493441,0.0126019628930315,0.00016763242389931,0.00186827639278453,0.00252577766165385
"2020/11/22","TR",83429607,6017,139,446822,12358,1065579.71014493,14202.8985507246,158985.507246377,217463.768115942,0.00535567667243117,0.000148124873703408,0.0127722010022764,0.000170238109244894,0.00190562454940459,0.00260655390736699
"2020/11/23","TR",83429607,6713,153,453535,12511,1079710.14492754,14130.4347826086,161449.275362319,223188.405797101,0.00543613971476577,0.000149958755049631,0.0129415705497394,0.000169369547463032,0.00193515564998788,0.00267517028813406
"2020/11/24","TR",83429607,7381,161,460916,12672,1094420.28985507,14710.1449275364,163985.507246377,228985.507246377,0.00552460950703028,0.000151888525616572,0.0131178885914574,0.000176318041717928,0.00196555531235305,0.002744655230683
"2020/11/25","TR",83429607,6814,168,467730,12840,1109710.14492754,15289.8550724636,166666.666666667,234057.971014493,0.00560628315077644,0.00015390219925164,0.0133011551274302,0.000183266535972819,0.00199769209828193,0.00280545455541332
"2020/11/26","TR",83429607,36008,174,503738,13014,1125434.7826087,15724.6376811594,169565.217391304,240000,0.00603788053322605,0.000155987789802246,0.0134896330340942,0.000188477906663991,0.0020324345695564,0.00287667662152598
"2020/11/27","TR",83429607,44506,177,548244,13191,1141376.8115942,15942.0289855073,172318.84057971,245869.565217391,0.00657133624038287,0.000158109338810622,0.0136807166261038,0.000191083592009577,0.00206543991726714,0.00294703012585677
"2020/11/28","TR",83429607,30103,182,578347,13373,1157753.62318841,16376.8115942029,175289.855072464,251159.420289855,0.00693215539179035,0.000160290818581945,0.0138770115888045,0.000196294962700746,0.00210105095032347,0.00301043513593268
"2020/11/29","TR",83429607,29281,185,607628,13558,1173840.57971015,16086.9565217393,177753.623188406,255579.710144928,0.00728312192576911,0.000162508256811038,0.0140698323043778,0.000192820715573301,0.00213058205090677,0.00306341740462624
"2020/11/30","TR",83429607,31219,188,638847,13746,1189637.68115942,15797.1014492754,179782.608695652,259202.898550725,0.00765731762346669,0.0001647616534979,0.0142591787728237,0.000189346468445853,0.0021549017807989,0.00310684549371933
"2020/12/01","TR",83429607,30110,190,668957,13936,1206231.88405797,16594.2028985505,182391.304347826,263188.405797101,0.0080182206779423,0.000167039022489942,0.01445807942087,0.000198900648046329,0.00218617000494592,0.00315461639172172
"2020/12/02","TR",83429607,31923,193,700880,14129,1223260.86956522,17028.9855072466,185869.565217391,267391.304347826,0.00840085462706303,0.000169352349939752,0.0146621914396075,0.000204112018737504,0.00222786097047528,0.0032049929750697
"2020/12/03","TR",83429607,32381,187,733261,14316,1240652.17391304,17391.3043478259,189275.362318841,271594.202898551,0.00878897823406983,0.000171593760474025,0.0148706462672543,0.000208454827646808,0.00226868337422278,0.00325536955841768
"2020/12/04","TR",83429607,32736,193,765997,14509,1258260.86956522,17608.6956521741,192681.15942029,275797.101449276,0.00918135692524597,0.000173907087923835,0.0150817067802467,0.000211060512992397,0.00230950577797028,0.00330574614176566
"2020/12/05","TR",83429607,31896,196,797893,14705,1276086.95652174,17826.0869565217,196376.811594203,280000,0.00956366724824678,0.000176256373831415,0.0152953729785847,0.00021366619833798,0.00235380242884523,0.00335612272511364
"2020/12/06","TR",83429607,30402,195,828295,14900,1293550.72463768,17463.7681159419,199130.434782609,283695.652173913,0.00992807025927858,0.000178593673586404,0.0155046963680133,0.00020932338942867,0.00238680777655597,0.00340041937598859
"2020/12/07","TR",83429607,32137,203,860432,15103,1311376.8115942,17826.0869565217,201666.666666667,287536.231884058,0.0103132692450535,0.000181026862562112,0.0157183625663513,0.00021366619833798,0.00241720743892113,0.00344645315042726
"2020/12/08","TR",83429607,33198,211,893630,15314,1329782.60869565,18405.7971014492,204347.826086957,292391.304347826,0.0107111855387261,0.000183555940758537,0.0159389772589442,0.000220614692592873,0.00244934422485002,0.00350464678981199
"2020/12/09","TR",83429607,31712,217,925342,15531,1347971.01449275,18188.4057971016,206594.202898551,296594.202898551,0.0110912904096504,0.0001861569358705,0.0161569862661915,0.00021800900724729,0.00247626964008773,0.00355502337315997
"2020/12/10","TR",83429607,823225,220,1748567,15751,1366739.13043478,18768.115942029,208985.507246377,301159.420289855,0.0209585908752992,0.000188793889440232,0.0163819437676937,0.000224957501502183,0.00250493217888917,0.00360974276541726
"2020/12/11","TR",83429607,32106,226,1780673,15977,1385144.92753623,18405.7971014492,211304.347826087,305434.782608696,0.0213434182903439,0.000191502759925502,0.0166025584602865,0.000220614692592873,0.00253272615590874,0.0036609879105471
"2020/12/12","TR",83429607,29136,222,1809809,16199,1403695.65217391,18550.7246376812,214057.971014493,309275.362318841,0.0216926468321971,0.000194163685800414,0.0168249102764431,0.000222351816156597,0.00256573150361948,0.00370702168498577
"2020/12/13","TR",83429607,26919,218,1836728,16417,1422028.98550725,18333.3333333333,215797.101449275,312318.84057971,0.022015302073759,0.000196776667064967,0.0170446564072542,0.000219746130811011,0.00258657698638417,0.00374350127982396
"2020/12/14","TR",83429607,29617,229,1866345,16646,1440434.7826087,18405.7971014492,217173.913043478,315000,0.0223702959550079,0.000199521496008006,0.017265271099847,0.000220614692592873,0.00260307966023954,0.00377563806575285
"2020/12/15","TR",83429607,32102,235,1898447,16881,1459057.97101449,18623.1884057971,218405.797101449,317681.15942029,0.0227550754254422,0.000202338241866583,0.0174884914777855,0.000223220377938459,0.00261784521053119,0.00380777485168173
"2020/12/16","TR",83429607,29718,240,1928165,17121,1477391.30434783,18333.3333333335,219130.434782609,319637.68115942,0.0231112799081026,0.000205214918488109,0.0177082376085965,0.000219746130811014,0.0026265308283498,0.003831226019792
"2020/12/17","TR",83429607,27515,243,1955680,17364,1495797.10144928,18405.7971014492,219710.144927536,321956.52173913,0.023441078896608,0.000208127553567404,0.0179288523011894,0.000220614692592873,0.0026334793226047,0.00385901999681157
"2020/12/18","TR",83429607,26410,246,1982090,17610,1513115.94202899,17318.8405797102,219565.217391304,323478.260869565,0.0237576331865018,0.000211076147104469,0.0181364385670543,0.000207586265864949,0.00263174219904098,0.00387725979423066
"2020/12/19","TR",83429607,22195,241,2004285,17851,1528478.26086957,15362.3188405796,217101.449275362,322246.376811594,0.02402366584323,0.000213964809878584,0.018320573664809,0.000184135097754681,0.00260221109845768,0.00386249424393902
"2020/12/20","TR",83429607,20316,246,2024601,18097,1543115.94202899,14637.6811594204,213333.333333333,319855.072463768,0.0242671765192421,0.000216913403415648,0.0184960231447451,0.000175449479936066,0.00255704588580087,0.00383383170513758
"2020/12/21","TR",83429607,19103,254,2043704,18351,1557101.44927536,13985.5072463767,209130.434782609,316449.275362319,0.024496147992163,0.00021995788617343,0.0186636555686444,0.000167632423899308,0.00250666930245289,0.00379300930139008
"2020/12/22","TR",83429607,19256,251,2062960,18602,1571376.8115942,14275.3623188406,204637.68115942,313115.942028985,0.0247269533464301,0.000222966410473443,0.0188347622396711,0.000171106671026756,0.00245281847197746,0.00375305545942444
"2020/12/23","TR",83429607,19650,259,2082610,18861,1585434.7826087,14057.9710144929,200289.855072464,309347.826086957,0.0249624812448176,0.000226070823994173,0.0190032632253523,0.000168500985681173,0.00240070476506576,0.00370789024676763
"2020/12/24","TR",83429607,18102,254,2100712,19115,1599275.36231884,13840.5797101448,195579.710144927,305724.637681159,0.0251794545789962,0.000229115306751954,0.0191691585256879,0.000165895300335584,0.00234424824924475,0.00366446215767455
"2020/12/25","TR",83429607,17543,256,2118255,19371,1613333.33333333,14057.9710144927,191304.347826087,301956.52173913,0.0253897276538771,0.000232183761814915,0.0193376595113691,0.00016850098568117,0.00229300310411491,0.00361929694501774
"2020/12/26","TR",83429607,15118,253,2133373,19624,1626811.5942029,13478.2608695654,186376.811594203,297028.985507247,0.0255709343087281,0.000235216258420107,0.0194992120027953,0.00016155249142628,0.00223394090294832,0.00356023474385114
"2020/12/27","TR",83429607,14205,254,2147578,19878,1639927.53623188,13115.9420289854,180869.565217391,291956.52173913,0.0257411976062646,0.000238260741177889,0.0196564216853123,0.000157209682516967,0.00216793020752682,0.00349943541912082
"2020/12/28","TR",83429607,15197,257,2162775,20135,1652681.15942029,12753.6231884058,175289.855072464,285942.028985507,0.0259233511671702,0.00024134118239344,0.01980928855892,0.00015286687360766,0.00210105095032347,0.0034273447912263
"2020/12/29","TR",83429607,15805,253,2178580,20388,1665289.85507246,12608.6956521741,169492.753623188,280144.927536232,0.0261127923088503,0.000244373678998632,0.0199604183089639,0.000151129750043939,0.00203156600777454,0.00335785984867736
"2020/12/30","TR",83429607,15692,254,2194272,20642,1677681.15942029,12391.3043478259,164565.217391304,273985.507246377,0.0263008790152877,0.000247418161756413,0.0201089423736623,0.00014852406469835,0.00197250380660794,0.00328403209721912
"2020/12/31","TR",83429607,14380,239,2208652,20881,1690217.39130435,12536.2318840581,161739.130434783,268188.405797102,0.0264732398895275,0.00025028285222535,0.0202592035619243,0.000150261188262077,0.00193862989711533,0.00321454715467018
"2021/01/01","TR",83429607,12203,212,2220855,21093,1702536.23188406,12318.8405797102,159420.289855073,262101.449275363,0.0266195069095795,0.000252823916574364,0.0204068590648408,0.000147655502916491,0.00191083592009576,0.0031415879649938
"2021/01/02","TR",83429607,11180,202,2232035,21295,1714782.60869565,12246.376811594,157681.15942029,255724.637681159,0.0267535120955322,0.000255245119397482,0.0205536460059755,0.000146786941134626,0.00188999043733108,0.00306515452818997
"2021/01/03","TR",83429607,9877,193,2241912,21488,1726956.52173913,12173.9130434783,155579.710144927,249565.217391304,0.0268718993246606,0.000257558446847292,0.0206995643853282,0.000145918379352767,0.00186480214565709,0.00299132677673172
"2021/01/04","TR",83429607,13695,197,2255607,21685,1738913.04347826,11956.5217391306,153478.260869565,243115.942028986,0.0270360496843764,0.000259919718907462,0.0208428770793354,0.000143312694007184,0.0018396138539831,0.00291402477814603
"2021/01/05","TR",83429607,14494,194,2270101,21879,1750797.10144928,11884.0579710144,151521.739130435,237681.15942029,0.0272097769800114,0.000262245032509862,0.0209853212115607,0.000142444132225319,0.00181616268587283,0.0028488826445064
"2021/01/06","TR",83429607,13830,191,2283931,22070,1762898.55072464,12101.4492753623,149565.217391304,234420.289855073,0.0273755454703269,0.000264534387654493,0.0211303710291316,0.000145049817570905,0.00179271151776257,0.00280979736432263
"2021/01/07","TR",83429607,12171,194,2296102,22264,1774420.28985507,11521.7391304348,147608.695652174,231304.347826087,0.027521428933496,0.000266859701256893,0.0212684723524476,0.000138101323316012,0.0017692603496523,0.00277244920770257
"2021/01/08","TR",83429607,11479,186,2307581,22450,1785507.24637681,11086.956521739,145579.710144927,228405.797101449,0.0276590179790731,0.000269089125638576,0.0214013623050725,0.00013288995262484,0.00174494061976017,0.0027377067364281
"2021/01/09","TR",83429607,9537,181,2317118,22631,1796304.34782609,10797.1014492754,143623.188405797,224927.536231884,0.027773329916321,0.00027125861925731,0.0215307780105699,0.000129415705497395,0.00172148945164991,0.00269601577089874
"2021/01/10","TR",83429607,9138,176,2326256,22807,1806739.13043478,10434.7826086958,141449.275362319,221304.347826087,0.0278828593786856,0.000273368182113096,0.021655850907158,0.000125072896588088,0.00169543259819405,0.00265258768180566
"2021/01/11","TR",83429607,10220,174,2336476,22981,1816884.05797101,10144.9275362317,139202.898550725,217608.695652174,0.0280053578581522,0.000275453772663702,0.0217774495566186,0.000121598649460637,0.00166850718295634,0.00260829103093071
"2021/01/12","TR",83429607,9809,171,2346285,23152,1826811.5942029,9927.53623188427,136594.202898551,213478.260869565,0.0281229300289045,0.000277503404756539,0.0218964425207337,0.000118992964115057,0.00163723895880932,0.00255878300936459
"2021/01/13","TR",83429607,9554,173,2355839,23325,1836521.73913043,9710.14492753614,133985.507246377,209710.144927536,0.0282374457307464,0.000279577009154556,0.0220128297995031,0.000116387278769468,0.0016059707346623,0.00251361779670778
"2021/01/14","TR",83429607,8962,170,2364801,23495,1846086.95652174,9565.21739130444,131304.347826087,206159.420289855,0.0283448656302552,0.000281614655094803,0.0221274799547089,0.000114650155205747,0.00157383394873342,0.00247105826939656
"2021/01/15","TR",83429607,8314,169,2373115,23664,1855434.7826087,9347.82608695654,128478.260869565,202753.623188406,0.0284445185028859,0.000283640314882461,0.022239524424569,0.000112044469860161,0.00153996003924081,0.00243023586564906
"2021/01/16","TR",83429607,7550,168,2380665,23832,1864927.53623188,9492.75362318824,126014.492753623,199637.68115942,0.0285350139549381,0.00028565398851753,0.0223533060179929,0.000113781593423882,0.00151042893865751,0.002392887709029
"2021/01/17","TR",83429607,6436,165,2387101,23997,1874275.36231884,9347.82608695654,123478.260869565,196594.202898551,0.0286121568330053,0.000287631703694829,0.0224653504878531,0.000112044469860161,0.00148002927629235,0.00235640811419081
"2021/01/18","TR",83429607,5862,164,2392963,24161,1883550.72463768,9275.36231884058,120652.173913043,193333.333333333,0.0286824196594861,0.000289597432719538,0.0225765263959314,0.000111175908078299,0.00144615536679974,0.00231732283400704
"2021/01/19","TR",83429607,6818,167,2399781,24328,1892536.23188406,8985.50724637695,118115.942028986,190000,0.0287641412478426,0.000291599120202017,0.0226842280568822,0.000107701660950853,0.00141575570443459,0.0022773689920414
"2021/01/20","TR",83429607,6435,159,2406216,24487,1901231.88405797,8695.65217391285,115724.637681159,186449.275362319,0.0288412721397573,0.000293504918463778,0.0227884554707056,0.000104227413823403,0.00138709316563315,0.00223480946473017
"2021/01/21","TR",83429607,6289,153,2412505,24640,1909710.14492754,8478.26086956542,113405.797101449,182753.623188406,0.0289166530533939,0.00029533879981,0.0228900771991835,0.000101621728477822,0.00135929918861358,0.00219051281385523
"2021/01/22","TR",83429607,5967,149,2418472,24789,1917898.55072464,8188.40579710132,111159.420289855,178985.507246377,0.0289881744258966,0.000297124736545864,0.0229882246805338,9.81474813503715e-05,0.00133237377337586,0.00214534760119842
"2021/01/23","TR",83429607,5856,144,2424328,24933,1925869.56521739,7971.01449275366,108985.507246377,175072.463768116,0.0290583653354618,0.00029885074251878,0.0230837664765386,9.55417960047883e-05,0.00130631691992001,0.00209844526497789
"2021/01/24","TR",83429607,5277,140,2429605,25073,1933695.65217391,7826.08695652173,106884.057971014,170797.101449275,0.0291216162626776,0.000300528803881337,0.0231775711489797,9.38046724410644e-05,0.00128112862824602,0.00204720011984805
"2021/01/25","TR",83429607,5642,137,2435247,25210,1941811.5942029,8115.94202898559,105289.855072464,167391.304347826,0.0291892421355886,0.000302170906786124,0.0232748500685482,9.72789195685123e-05,0.00126202026904506,0.00200637771610055
"2021/01/26","TR",83429607,7103,134,2442350,25344,1949275.36231884,7463.7681159419,103188.405797101,163768.115942029,0.0292743797774332,0.000303777051233143,0.0233643119320799,8.94618635317544e-05,0.00123683197737107,0.00196294962700746
"2021/01/27","TR",83429607,7489,132,2449839,25476,1956376.8115942,7101.44927536231,100942.028985507,160072.463768116,0.0293641440741774,0.000305359223374982,0.0234494309867024,8.51190546224472e-05,0.00120990656213336,0.00191865297613251
"2021/01/28","TR",83429607,7279,129,2457118,25605,1963260.86956522,6884.05797101464,98333.3333333335,156521.739130435,0.0294513912788778,0.000306905437059053,0.0235319443559793,8.2513369276864e-05,0.00117863833798634,0.00187609344882129
"2021/01/29","TR",83429607,6912,131,2464030,25736,1970072.46376812,6811.59420289844,95797.1014492754,153188.405797102,0.0295342395655777,0.000308475623048302,0.0236135891634743,8.16448074949993e-05,0.00114823867562118,0.00183613960685565
"2021/01/30","TR",83429607,6871,129,2470901,25865,1977101.44927536,7028.98550724634,93550.7246376812,150289.855072464,0.0296165964200215,0.000310021836732372,0.0236978396563148,8.42504928405852e-05,0.00112131326038346,0.00180139713558118
"2021/01/31","TR",83429607,6562,128,2477463,25993,1983840.57971015,6739.13043478271,91304.3478260869,147318.84057971,0.029695249553315,0.000311556064263853,0.023778615902028,8.07762457131401e-05,0.00109438784514575,0.00176578610252485
"2021/02/01","TR",83429607,7719,124,2485182,26117,1990652.17391304,6811.59420289844,89420.2898550725,144565.217391304,0.0297877706651549,0.000313042347184975,0.023860260709523,8.16448074949993e-05,0.00107180523881735,0.00173278075481411
"2021/02/02","TR",83429607,7795,120,2492977,26237,1997246.37681159,6594.20289855078,87536.2318840579,141811.594202898,0.0298812027245915,0.000314480685495738,0.0239392998316724,7.90391221494161e-05,0.00104922263248894,0.00169977540710336
"2021/02/03","TR",83429607,8102,117,2501079,26354,2003768.11594203,6521.73913043481,85869.5652173914,138840.579710145,0.0299783145328732,0.000315883065348732,0.02401747039204,7.81705603675541e-05,0.00102924571150612,0.00166416437404703
"2021/02/04","TR",83429607,7909,113,2508988,26467,2010000,6231.88405797095,84130.4347826086,135724.637681159,0.0300731130137051,0.000317237500591367,0.0240921667052801,7.46963132401061e-05,0.00100840022874144,0.00162681621742698
"2021/02/05","TR",83429607,7901,110,2516889,26577,2016014.49275362,6014.49275362329,82318.8405797102,132463.768115942,0.0301678156053162,0.000318555977376233,0.0241642573331746,7.20906278945229e-05,0.000986686184194901,0.0015877309372432
"2021/02/06","TR",83429607,7897,108,2524786,26685,2021956.52173913,5942.02898550709,80144.9275362317,129420.289855072,0.030262470252317,0.00031985048185592,0.0242354793992872,7.12220661126582e-05,0.000960629330739047,0.00155125134240501
"2021/02/07","TR",83429607,6670,112,2531456,26797,2027753.62318841,5797.10144927539,78478.2608695652,126521.739130435,0.0303424178900903,0.000321192930945965,0.0243049643418362,6.9484942548937e-05,0.000940652409756229,0.00151650887113054
"2021/02/08","TR",83429607,8103,103,2539559,26900,2033333.33333333,5579.71014492749,76956.5217391304,123623.188405797,0.0304395416845245,0.000322427504662703,0.0243718435990395,6.6879257203351e-05,0.000922412612337133,0.00148176639985607
"2021/02/09","TR",83429607,8636,98,2548195,26998,2038985.50724638,5652.17391304369,75724.6376811594,121086.956521739,0.0305430540982891,0.000323602147616493,0.0244395914180247,6.77478189852158e-05,0.000907647062045485,0.00145136673749092
"2021/02/10","TR",83429607,8642,95,2556837,27093,2044420.28985507,5434.78260869556,74347.8260869565,118550.724637681,0.0306466384289692,0.000324740832112514,0.0245047335516644,6.5142133639627e-05,0.000891144388190113,0.00142096707512575
"2021/02/11","TR",83429607,7590,94,2564427,27187,2049637.68115942,5217.3913043479,72536.2318840581,115942.028985507,0.030737613327125,0.000325867530455945,0.0245672699999584,6.25364482940438e-05,0.000869430343643571,0.00138969885097873
"2021/02/12","TR",83429607,7763,97,2572190,27284,2054927.53623188,5289.85507246363,71086.956521739,113115.942028985,0.0308306618296788,0.000327030187257145,0.0246306750100343,6.3405010075903e-05,0.000852059108006334,0.00135582494148612
"2021/02/13","TR",83429607,7706,93,2579896,27377,2060289.85507246,5362.31884057983,69637.6811594204,111014.492753623,0.0309230271215349,0.000328144899447986,0.0246949485818921,6.42735718577678e-05,0.000834687872369103,0.00133063664981214
"2021/02/14","TR",83429607,6287,94,2586183,27471,2065434.7826087,5144.92753623193,68188.4057971016,109057.971014493,0.0309983840628663,0.000329271597791417,0.0247566164684043,6.16678865121818e-05,0.000817316636731869,0.00130718548170187
"2021/02/15","TR",83429607,7945,91,2594128,27562,2070217.39130435,4782.6086956521,66449.2753623188,106956.52173913,0.0310936140451914,0.000330362337677079,0.0248139415460071,5.73250776028719e-05,0.000796471153967186,0.00128199719002788
"2021/02/16","TR",83429607,7906,90,2602034,27652,2075217.39130435,5000,65217.3913043479,105144.927536232,0.0311883765675655,0.000331441091410151,0.0248738723089556,5.99307629484579e-05,0.000781705603675538,0.00126028314548134
"2021/02/17","TR",83429607,7325,86,2609359,27738,2080144.92753623,4927.53623188403,64130.4347826086,103043.47826087,0.031276175135285,0.000332471900532865,0.0249329345101222,5.90622011665959e-05,0.000768677176947611,0.00123509485380735
"2021/02/18","TR",83429607,7241,83,2616600,27821,2084855.07246377,4710.14492753614,62898.5507246377,101014.492753623,0.031362966866187,0.000333466751197809,0.0249893910259432,5.64565158210099e-05,0.000753911626655963,0.00121077512391522
"2021/02/19","TR",83429607,7419,82,2624019,27903,2089782.60869565,4927.53623188403,62028.9855072463,99130.4347826086,0.0314518921322499,0.000334449615710164,0.0250484532271098,5.90622011665959e-05,0.000743488885273622,0.00118819251758682
"2021/02/20","TR",83429607,7857,80,2631876,27983,2094275.36231884,4492.75362318847,60942.0289855073,97028.9855072463,0.0315460673331471,0.000335408507917339,0.0251023040575852,5.38508304754267e-05,0.000730460458545697,0.00116300422591283
"2021/02/21","TR",83429607,6546,77,2638422,28060,2098913.04347826,4637.68115942017,59927.5362318838,95144.9275362317,0.0316245286879992,0.000336331441666745,0.0251578920116244,5.55879540391479e-05,0.000718300593599629,0.00114042161958442
"2021/02/22","TR",83429607,8104,78,2646526,28138,2103623.1884058,4710.1449275366,59202.8985507248,93623.1884057974,0.0317216644685861,0.000337266361568741,0.0252143485274454,5.64565158210155e-05,0.000709614975781018,0.00112218182216533
"2021/02/23","TR",83429607,9107,75,2655633,28213,2108260.86956522,4637.68115941994,58623.1884057969,92246.376811594,0.0318308223602204,0.000338165323012968,0.0252699364814845,5.55879540391451e-05,0.000702666481526119,0.00110567914830995
"2021/02/24","TR",83429607,9561,72,2665194,28285,2113043.47826087,4782.60869565234,58115.9420289856,91086.9565217393,0.0319454219651304,0.000339028325999426,0.0253272615590874,5.73250776028747e-05,0.000696586549053091,0.00109178215980017
"2021/02/25","TR",83429607,9572,73,2674766,28358,2117898.55072464,4855.07246376807,57608.6956521738,90144.9275362319,0.032060153417719,0.000339903315138474,0.0253854551984721,5.81936393847339e-05,0.000690506616580057,0.00108049085663597
"2021/02/26","TR",83429607,9205,74,2683971,28432,2122463.76811594,4565.21739130421,57028.9855072461,89130.4347826086,0.0321704859523071,0.000340790290430111,0.0254401745907294,5.47193922572859e-05,0.000683558122325161,0.0010683309916899
"2021/02/27","TR",83429607,9193,71,2693164,28503,2127246.37681159,4782.60869565234,57028.9855072463,88260.8695652173,0.0322806746530641,0.000341641307263979,0.0254974996683323,5.73250776028747e-05,0.000683558122325164,0.00105790825030756
"2021/02/28","TR",83429607,8424,66,2701588,28569,2131956.52173913,4710.14492753614,56739.1304347825,87536.2318840579,0.0323816460024797,0.000342432393334898,0.0255539561841533,5.64565158210099e-05,0.000680083875197716,0.00104922263248894
"2021/03/01","TR",83429607,9891,69,2711479,28638,2136884.05797101,4927.53623188427,56739.1304347827,87246.3768115942,0.0325002010377443,0.000343259437863587,0.0256130183853199,5.90622011665987e-05,0.000680083875197719,0.0010457483853615
"2021/03/02","TR",83429607,11837,68,2723316,28706,2141449.27536232,4565.21739130421,56594.2028985508,86521.7391304348,0.0326420811259485,0.000344074496239686,0.0256677377775772,5.47193922572859e-05,0.000678346751633995,0.00103706276754288
"2021/03/03","TR",83429607,11520,65,2734836,28771,2141449.27536232,0,51666.6666666667,81159.420289855,0.0327801616037817,0.000344853596158016,0.0256677377775772,0,0.000619284550467399,0.000972789195685112
"2021/03/04","TR",83429607,11322,68,2746158,28839,NA,NA,NA,NA,0.0329158688234022,0.000345668654534115,NA,NA,NA,NA
"2021/03/05","TR",83429607,11302,62,2757460,28901,NA,NA,NA,NA,0.0330513363199709,0.000346411795994676,NA,NA,NA,NA
"2021/03/06","TR",83429607,11770,64,2769230,28965,NA,NA,NA,NA,0.0331924133359516,0.000347178909760416,NA,NA,NA,NA
"2021/03/07","TR",83429607,11187,65,2780417,29030,NA,NA,NA,NA,0.0333265024249725,0.000347958009678746,NA,NA,NA,NA
"2021/03/08","TR",83429607,13215,64,2793632,29094,NA,NA,NA,NA,0.0334848994314452,0.000348725123444487,NA,NA,NA,NA
"2021/03/09","TR",83429607,13755,66,2807387,29160,NA,NA,NA,NA,0.0336497689603164,0.000349516209515406,NA,NA,NA,NA
"2021/03/10","TR",83429607,14556,67,2821943,29227,NA,NA,NA,NA,0.033824239397412,0.000350319281738916,NA,NA,NA,NA
"2021/03/11","TR",83429607,14046,63,2835989,29290,NA,NA,NA,NA,0.0339925968966868,0.000351074409352066,NA,NA,NA,NA
"2021/03/12","TR",83429607,14941,66,2850930,29356,NA,NA,NA,NA,0.0341716820025294,0.000351865495422986,NA,NA,NA,NA
"2021/03/13","TR",83429607,15082,65,2866012,29421,NA,NA,NA,NA,0.0343524571558871,0.000352644595341316,NA,NA,NA,NA
"2021/03/14","TR",83429607,13378,68,2879390,29489,NA,NA,NA,NA,0.034512807905232,0.000353459653717415,NA,NA,NA,NA
"2021/03/15","TR",83429607,15503,63,2894893,29552,NA,NA,NA,NA,0.03469862922883,0.000354214781330565,NA,NA,NA,NA
"2021/03/16","TR",83429607,0,0,2894893,29552,NA,NA,NA,NA,0.03469862922883,0.000354214781330565,NA,NA,NA,NA
