"date","p_cases_infected","p_cases_infected_error","p_fatalities","p_recovered","p_cases_recent","p_cases_daily","p_cases_active","p_cases_infected_smooth","p_cases_infected_smooth_low","p_cases_infected_smooth_high"
"2020/03/22",0,NA,0,0,0,0,0,2.22044604925031e-16,NA,NA
"2020/03/23",0,NA,0,0,0,0,0,2.22044604925031e-16,NA,NA
"2020/03/24",0,NA,0,0,0,0,0,2.22044604925031e-16,NA,NA
"2020/03/25",0,NA,0,0,0,0,0,2.22044604925031e-16,NA,NA
"2020/03/26",0,NA,0,0,0,0,0,2.22044604925031e-16,NA,NA
"2020/03/27",0,NA,0,0,0,0,0,2.22044604925031e-16,NA,NA
"2020/03/28",0,NA,0,0,0,0,0,2.22044604925031e-16,NA,NA
"2020/03/29",0,NA,0,0,0,0,0,2.22044604925031e-16,NA,NA
"2020/03/30",0,NA,0,0,0,0,0,3.94494879039487e-16,NA,NA
"2020/03/31",0,NA,0,0,0,0,0,8.50473863752821e-16,NA,NA
"2020/04/01",0,NA,0,0,0,0,0,1.83349856071073e-15,NA,NA
"2020/04/02",0,NA,0,0,0,0,0,3.95275753365812e-15,NA,NA
"2020/04/03",0,NA,0,0,0,0,0,8.52157315784015e-15,NA,NA
"2020/04/04",0,NA,0,0,0,0,0,1.83712783964304e-14,NA,NA
"2020/04/05",0,NA,0,0,0,0,0,3.96058173376871e-14,NA,NA
"2020/04/06",0,NA,0,0,0,0,0,8.53844100087786e-14,NA,NA
"2020/04/07",0,NA,0,0,0,0,0,1.84076430247277e-13,NA,NA
"2020/04/08",0,NA,0,0,0,0,0,3.96842142132239e-13,NA,NA
"2020/04/09",0,NA,0,0,0,0,0,8.55534223260141e-13,NA,NA
"2020/04/10",0,NA,0,0,0,0,0,1.84440796341994e-12,NA,NA
"2020/04/11",0,NA,0,0,0,0,0,3.97627662697546e-12,NA,NA
"2020/04/12",0,NA,0,0,0,0,0,8.57227691910124e-12,NA,NA
"2020/04/13",0,NA,0,0,0,0,0,1.84805883673268e-11,NA,NA
"2020/04/14",0,NA,0,0,0,0,0,3.98414738144486e-11,NA,NA
"2020/04/15",0,NA,0,0,0,0,0,8.58924512659875e-11,NA,NA
"2020/04/16",0,NA,0,0,0,0,0,1.85171693668736e-10,NA,NA
"2020/04/17",0,NA,0,0,0,0,0,3.99203371550837e-10,NA,NA
"2020/04/18",0,NA,0,0,0,0,0,8.60624692144628e-10,NA,NA
"2020/04/19",0,NA,0,0,0,0,0,1.8553822775886e-09,NA,NA
"2020/04/20",0,NA,0,0,0,0,0,3.99993566000468e-09,NA,NA
"2020/04/21",0,NA,0,0,0,0,0,8.62328237012769e-09,NA,NA
"2020/04/22",0,NA,0,0,0,0,0,1.85905487376934e-08,NA,NA
"2020/04/23",0,NA,0,0,0,0,0,4.00785324583352e-08,NA,NA
"2020/04/24",0,NA,0,0,0,0,0,8.64035153925819e-08,NA,NA
"2020/04/25",0,NA,0,0,0,0,0,1.86273473959088e-07,NA,NA
"2020/04/26",0,NA,0,0,0,0,0,4.0157865039558e-07,NA,NA
"2020/04/27",0,NA,0,0,0,0,0,8.65745449558512e-07,NA,NA
"2020/04/28",0,NA,0,0,0,0,0,1.86642188944295e-06,NA,NA
"2020/04/29",0,NA,0,0,0,0,0,4.02373546539369e-06,NA,NA
"2020/04/30",0,NA,0,0,0,0,0,8.67459130598771e-06,NA,NA
"2020/05/01",0,NA,0,0,0,0,0,1.87011633774377e-05,NA,NA
"2020/05/02",0,NA,0,0,0,0,0,4.03170016123077e-05,NA,NA
"2020/05/03",0,NA,0,0,0,0,0,8.69176203747775e-05,NA,NA
"2020/05/04",0,NA,0,0,0,0,0,0.00018738180989401,NA,NA
"2020/05/05",0,NA,0,0,0,0,0,0.000403968062261216,NA,NA
"2020/05/06",0.000514242906347512,0,0,0.000514242906347512,0,0,0,0.000870896675719955,0.000870896675719955,0.000870896675719955
"2020/05/07",0.000514242906347512,0,0,0.000514242906347512,0,0,0,0.00176554787784892,0.00176554787784892,0.00176554787784892
"2020/05/08",0.00298626869375455,0.0021807958510502,0,0.00298626869375455,0,0,0,0.00318999189056535,0.00100919603951515,0.00537078774161555
"2020/05/09",0.00298626869375455,0.0021807958510502,0,0.00298626869375455,0,0,0,0.00519772021583592,0.00301692436478572,0.00737851606688612
"2020/05/10",0.00663366843672151,0.00129837326575398,0,0.00663366843672151,0,0,0,0.00772797100157854,0.00642959773582456,0.00902634426733252
"2020/05/11",0.00663366843672151,0.00129837326575398,0,0.00663366843672151,0,0,0,0.010608729135301,0.00931035586954704,0.011907102401055
"2020/05/12",0.00663366843672151,0.00129837326575398,0,0.00663366843672151,0,0,0,0.0136057521855396,0.0123073789197856,0.0149041254512936
"2020/05/13",0.015930711362693,0.00116971248943843,0,0.015930711362693,0,0,0,0.0164952573768967,0.0153255448874583,0.0176649698663352
"2020/05/14",0.015930711362693,0.00116971248943843,0,0.015930711362693,0,0,0,0.0191288563844843,0.0179591438950459,0.0202985688739227
"2020/05/15",0.0314257829059789,0.0632448527162156,0,0.0314257829059789,0,0,0,0.0214698155609191,-0.0417750371552965,0.0847146682771347
"2020/05/16",0.0314257829059789,0.0632448527162156,0,0.0314257829059789,0,0,0,0.0235701737723782,-0.0396746789438374,0.0868150264885938
"2020/05/17",0.0314257829059789,0.0632448527162156,0,0.0314257829059789,0,0,0,0.0254197084295362,-0.0378251442866794,0.0886645611457518
"2020/05/18",0.0314257829059789,0.0632448527162156,0,0.0314257829059789,0,0,0,0.0269940357812789,-0.0362508169349367,0.0902388884974945
"2020/05/19",0.0314257829059789,0.0632448527162156,0,0.0314257829059789,0,0,0,0.0282924363761892,-0.0349524163400264,0.0915372890924048
"2020/05/20",0.0314257829059789,0.0632448527162156,0,0.0314257829059789,0,0,0,0.0293355308212207,-0.0339093218949949,0.0925803835374363
"2020/05/21",0.0314257829059789,0.0632448527162156,0,0.0314257829059789,0,0,0,0.0301616036735018,-0.0330832490427138,0.0934064563897174
"2020/05/22",0.0314257829059789,0.0632448527162156,0,0.0314257829059789,0,0,0,0.0308224801630594,-0.0324223725531562,0.094067332879275
"2020/05/23",0.0314257829059789,0.0632448527162156,0,0.0314257829059789,0,0,0,0.0313797305169884,-0.0318651221992272,0.094624583233204
"2020/05/24",0.0314257829059789,0.0632448527162156,0,0.0314257829059789,0,0,0,0.0319017944779651,-0.0313430582382505,0.0951466471941807
"2020/05/25",0.0314257829059789,0.0632448527162156,0,0.0314257829059789,0,0,0,0.0324556225002604,-0.0307892302159552,0.095700475216476
"2020/05/26",0.0314257829059789,0.0632448527162156,0,0.0314257829059789,0,0,0,0.0330674658033612,-0.0301773869128544,0.0963123185195768
"2020/05/27",0.0314257829059789,0.0632448527162156,0,0.0314257829059789,0,0,0,0.0337469570491541,-0.0294978956670615,0.0969918097653698
"2020/05/28",0.0314257829059789,0.0632448527162156,0,0.0314257829059789,0,0,0,0.0345045999166198,-0.0287402527995958,0.0977494526328354
"2020/05/29",0.0314257829059789,0.0632448527162156,0,0.0314257829059789,0,0,0,0.0353519993751043,-0.0278928533411113,0.0985968520913199
"2020/05/30",0.0314257829059789,0.0632448527162156,0,0.0314257829059789,0,0,0,0.0363020799464524,-0.0269427727697632,0.099546932662668
"2020/05/31",0.0314257829059789,0.0632448527162156,0,0.0314257829059789,0,0,0,0.0373693475937271,-0.0258755051224885,0.100614200309943
"2020/06/01",0.0314257829059789,0.0632448527162156,0,0.0314257829059789,0,0,0,0.0385702041529852,-0.0246746485632304,0.101815056869201
"2020/06/02",0.0314257829059789,0.0632448527162156,0,0.0314257829059789,0,0,0,0.0399233255229341,-0.0233215271932815,0.10316817823915
"2020/06/03",0.0314257829059789,0.0632448527162156,0,0.0314257829059789,0,0,0,0.0414466801568753,-0.0217981725593403,0.104691532873091
"2020/06/04",0.0314257829059789,0.0632448527162156,0,0.0314257829059789,0,0,0,0.0431304952740745,-0.0201143574421411,0.10637534799029
"2020/06/05",0.0277885693140561,0.0579038310033063,0,0.0277885693140561,0,0,0,0.0449468500254057,-0.0129569809779006,0.102850681028712
"2020/06/06",0.0524890393274199,0.0399088949887107,0,0.047897425433457,0,0,0,0.0468620695732853,0.00695317458457464,0.086770964561996
"2020/06/07",0.052275314202685,0.0375078435537573,0,0.0478736781973754,0,0,0,0.0488358020001724,0.0113279584464151,0.0863436455539297
"2020/06/08",0.0666884974308581,0.0392558543726253,0,0.0594042247799139,0,0,0,0.0508202864091555,0.0115644320365302,0.0900761407817808
"2020/06/09",0.074711821322055,0.0326112762169885,0,0.0683726439326629,0,0,0,0.0527600361701697,0.0201487599531812,0.0853713123871582
"2020/06/10",0.0754353014963002,0.0308756332237787,0,0.0703855243413591,0,0,0,0.0545920648826512,0.0237164316588725,0.0854676981064299
"2020/06/11",0.0754353014963002,0.0308756332237787,0,0.0703855243413591,0,0,0,0.0562467827637611,0.0253711495399824,0.0871224159875398
"2020/06/12",0.0754353014963002,0.0308756332237787,0,0.0703855243413591,0,0,0,0.0576542795592913,0.0267786463355126,0.08852991278307
"2020/06/13",0.0754353014963002,0.0308756332237787,0,0.0703855243413591,0,0,0,0.058795430643573,0.0279197974197943,0.0896710638673517
"2020/06/14",0.0754353014963002,0.0308756332237787,0,0.0703855243413591,0,0,0,0.0596887061148515,0.0288130728910728,0.0905643393386302
"2020/06/15",0.0765471684587095,0.0325634625807793,0,0.0715351731908406,0,0,0,0.0603586551122735,0.0277951925314942,0.0929221176930528
"2020/06/16",0.0765471684587095,0.0320684372892267,0,0.0715351731908406,0,0,0,0.060834225410682,0.0287657881214553,0.0929026626999087
"2020/06/17",0.0765471684587095,0.0320684372892267,0,0.0715351731908406,0,0,0,0.0611476381748146,0.0290792008855879,0.0932160754640413
"2020/06/18",0.0711644561981622,0.0296849931897373,0,0.066686940418714,0,0,0,0.0613333809592912,0.0316483877695539,0.0910183741490285
"2020/06/19",0.0647364554783049,0.0284910867102662,0,0.0602252852448261,0.00393757112158794,0.000562510160226849,0,0.0614273635245194,0.0329362768142532,0.0899184502347856
"2020/06/20",0.0647364554783049,0.0284910867102662,0,0.0602252852448261,0.00393757112158794,0.000562510160226849,0,0.0614662666132105,0.0329751799029443,0.0899573533234767
"2020/06/21",0.0647364554783049,0.0284910867102662,0,0.0602252852448261,0.00393757112158794,0.000562510160226849,0,0.0614858111427903,0.0329947244325241,0.0899768978530565
"2020/06/22",0.0636167484529267,0.0279202109830887,0,0.0591917095290924,0.00374377567488786,0.000534825096412552,0,0.0615020869221892,0.0335818759391005,0.0894222979052779
"2020/06/23",0.0636167484529267,0.0279202109830887,0,0.0591917095290924,0.00374377567488786,0.000534825096412552,0,0.0615157921848802,0.0335955812017915,0.0894360031679689
"2020/06/24",0.0625375535852613,0.0271646777491828,0,0.0582847266083949,0.00374377567488786,0.000534825096412552,0,0.0615272168469765,0.0343625390977937,0.0886918945961593
"2020/06/25",0.0625375535852613,0.0271646777491828,0,0.0582847266083949,0.00374377567488786,0.000534825096412552,0,0.0615366513178344,0.0343719735686516,0.0887013290670172
"2020/06/26",0.0625375535852613,0.0271646777491828,0,0.0582847266083949,0.00374377567488786,0.000534825096412552,0,0.0615443863990532,0.0343797086498704,0.088709064148236
"2020/06/27",0.0625375535852613,0.0271646777491828,0,0.0582847266083949,0.00374377567488786,0.000534825096412552,0,0.0615507131971612,0.0343860354479784,0.088715390946344
"2020/06/28",0.0625375535852613,0.0271646777491828,0,0.0582847266083949,0.00374377567488786,0.000534825096412552,0,0.0615559230500454,0.0343912453008626,0.0887206007992282
"2020/06/29",0.0625375535852613,0.0271646777491828,0,0.0582847266083949,0.00374377567488786,0.000534825096412552,0,0.0615603074671466,0.0343956297179638,0.0887249852163294
"2020/06/30",0.0625375535852613,0.0271646777491828,0,0.0582847266083949,0.00374377567488786,0.000534825096412552,0,0.0615641521895108,0.0343994744403281,0.0887288299386936
"2020/07/01",0.062675173039202,0.0265245205993779,0,0.0584223460623356,0.00374377567488786,0.000534825096412552,0,0.0615676157118984,0.0350430951125205,0.0880921363112763
"2020/07/02",0.062675173039202,0.0265245205993779,0,0.0584223460623356,0.00374377567488786,0.000534825096412552,0,0.0615707336407816,0.0350462130414037,0.0880952542401595
"2020/07/03",0.062675173039202,0.0265245205993779,0,0.0584223460623356,0.00374377567488786,0.000534825096412552,0,0.0615735365839012,0.0350490159845233,0.0880980571832791
"2020/07/04",0.0624014774975821,0.0260627503472213,0,0.0581486505207156,0.00374377567488786,0.000534825096412552,0,0.0615760551597443,0.035513304812523,0.0876388055069656
"2020/07/05",0.062780123927782,0.0250158355107408,0,0.0581038450502482,0.00374377567488786,0.000534825096412552,0.000587722034546867,0.0615783199960528,0.036562484485312,0.0865941555067936
"2020/07/06",0.062780123927782,0.0250158355107408,0,0.0581038450502482,0.00374377567488786,0.000534825096412552,0.000587722034546867,0.0615803617284844,0.0365645262177436,0.0865961972392253
"2020/07/07",0.062780123927782,0.0250158355107408,0,0.0581038450502482,0.00374377567488786,0.000534825096412552,0.000587722034546867,0.061582210999426,0.0365663754886852,0.0865980465101668
"2020/07/08",0.062780123927782,0.0250158355107408,0,0.0581038450502482,0.00374377567488786,0.000534825096412552,0.000587722034546867,0.0615838984569591,0.0365680629462183,0.0865997339676999
"2020/07/09",0.062780123927782,0.0250158355107408,0,0.0581038450502482,0.00374377567488786,0.000534825096412552,0.000587722034546867,0.0615854544402101,0.0365696189294693,0.0866012899509509
"2020/07/10",0.062780123927782,0.0250158355107408,0,0.0581038450502482,0.00374377567488786,0.000534825096412552,0.000587722034546867,0.0615868991426959,0.0365710636319551,0.0866027346534367
"2020/07/11",0.062780123927782,0.0250158355107408,0,0.0581038450502482,0.00374377567488786,0.000534825096412552,0.000587722034546867,0.0615882406514017,0.0365724051406609,0.0866040761621425
"2020/07/12",0.062780123927782,0.0250158355107408,0,0.0581038450502482,0.00374377567488786,0.000534825096412552,0.000587722034546867,0.0615894863450944,0.0365736508343536,0.0866053218558352
"2020/07/13",0.062780123927782,0.0250158355107408,0,0.0581038450502482,0.00374377567488786,0.000534825096412552,0.000587722034546867,0.0615906436036093,0.0365748080928685,0.0866064791143501
"2020/07/14",0.062780123927782,0.0250158355107408,0,0.0581038450502482,0.00374377567488786,0.000534825096412552,0.000587722034546867,0.06159171980774,0.0365758842969992,0.0866075553184808
"2020/07/15",0.062780123927782,0.0250158355107408,0,0.0581038450502482,0.00374377567488786,0.000534825096412552,0.000587722034546867,0.0615927223391361,0.0365768868283953,0.0866085578498769
"2020/07/16",0.062780123927782,0.0250158355107408,0,0.0581038450502482,0.00374377567488786,0.000534825096412552,0.000587722034546867,0.061593658580212,0.0365778230694712,0.0866094940909528
"2020/07/17",0.062780123927782,0.0250158355107408,0,0.0581038450502482,0.00374377567488786,0.000534825096412552,0.000587722034546867,0.0615945359140609,0.0365787004033201,0.0866103714248017
"2020/07/18",0.062780123927782,0.0250158355107408,0,0.0581038450502482,0.00374377567488786,0.000534825096412552,0.000587722034546867,0.061595361689681,0.0365795261789402,0.0866111972004218
"2020/07/19",0.062780123927782,0.0250158355107408,0,0.0581038450502482,0.00374377567488786,0.000534825096412552,0.000587722034546867,0.0615961414210891,0.0365803059103483,0.0866119769318299
"2020/07/20",0.062780123927782,0.0250158355107408,0,0.0581038450502482,0.00374377567488786,0.000534825096412552,0.000587722034546867,0.0615968779109694,0.0365810424002286,0.0866127134217102
"2020/07/21",0.062780123927782,0.0250158355107408,0,0.0581038450502482,0.00374377567488786,0.000534825096412552,0.000587722034546867,0.0615975737438857,0.0365817382331449,0.0866134092546265
"2020/07/22",0.062780123927782,0.0250158355107408,0,0.0581038450502482,0.00374377567488786,0.000534825096412552,0.000587722034546867,0.061598231504604,0.0365823959938632,0.0866140670153448
"2020/07/23",0.062780123927782,0.0250158355107408,0,0.0581038450502482,0.00374377567488786,0.000534825096412552,0.000587722034546867,0.0615988537780725,0.0365830182673317,0.0866146892888133
"2020/07/24",0.062780123927782,0.0250158355107408,0,0.0581038450502482,0.00374377567488786,0.000534825096412552,0.000587722034546867,0.0615994431494106,0.0365836076386698,0.0866152786601514
"2020/07/25",0.062780123927782,0.0250158355107408,0,0.0581038450502482,0.00374377567488786,0.000534825096412552,0.000587722034546867,0.0616000022038912,0.0365841666931504,0.086615837714632
"2020/07/26",0.062780123927782,0.0250158355107408,0,0.0581038450502482,0.00374377567488786,0.000534825096412552,0.000587722034546867,0.0616005335269283,0.0365846980161875,0.0866163690376691
"2020/07/27",0.0630663074444553,0.0247441726268911,0,0.0579127729693833,0.00374377567488786,0.000534825096412552,0.000587722034546867,0.0616010396992489,0.0368568670723578,0.08634521232614
"2020/07/28",0.0630663074444553,0.0247441726268911,0,0.0579127729693833,0.00374377567488786,0.000534825096412552,0.000587722034546867,0.0616015228209035,0.0368573501940124,0.0863456954477946
"2020/07/29",0.0630663074444553,0.0247441726268911,0,0.0579127729693833,0.00374377567488786,0.000534825096412552,0.000587722034546867,0.0616019841086283,0.0368578114817372,0.0863461567355194
"2020/07/30",0.0630663074444553,0.0247441726268911,0,0.0579127729693833,0.00374377567488786,0.000534825096412552,0.000587722034546867,0.0616024246844186,0.0368582520575275,0.0863465973113097
"2020/07/31",0.0630663074444553,0.0247441726268911,0,0.0579127729693833,0.00374377567488786,0.000534825096412552,0.000587722034546867,0.0616028456703217,0.0368586730434306,0.0863470182972128
"2020/08/01",0.0630663074444553,0.0247441726268911,0,0.0579127729693833,0.00374377567488786,0.000534825096412552,0.000587722034546867,0.0616032481884351,0.036859075561544,0.0863474208153262
"2020/08/02",0.0630663074444553,0.0247441726268911,0,0.0579127729693833,0.00374377567488786,0.000534825096412552,0.000587722034546867,0.0616036333609033,0.0368594607340122,0.0863478059877944
"2020/08/03",0.0630663074444553,0.0247441726268911,0,0.0579127729693833,0.00374377567488786,0.000534825096412552,0.000587722034546867,0.0616040023099149,0.0368598296830238,0.086348174936806
"2020/08/04",0.0630663074444553,0.0247441726268911,0,0.0579127729693833,0.00374377567488786,0.000534825096412552,0.000587722034546867,0.0616043561576972,0.0368601835308061,0.0863485287845883
"2020/08/05",0.0630663074444553,0.0247441726268911,0,0.0579127729693833,0.00374377567488786,0.000534825096412552,0.000587722034546867,0.0616046960258817,0.0368605233989906,0.0863488686527728
"2020/08/06",0.0630663074444553,0.0247441726268911,0,0.0579127729693833,0.00374377567488786,0.000534825096412552,0.000587722034546867,0.0616050228810485,0.0368608502541574,0.0863491955079396
"2020/08/07",0.0630663074444553,0.0247441726268911,0,0.0579127729693833,0.00374377567488786,0.000534825096412552,0.000587722034546867,0.0616053373331172,0.0368611647062261,0.0863495099600083
"2020/08/08",0.0630663074444553,0.0247441726268911,0,0.0579127729693833,0.00374377567488786,0.000534825096412552,0.000587722034546867,0.0616056399420657,0.0368614673151746,0.0863498125689568
"2020/08/09",0.0630663074444553,0.0247441726268911,0,0.0579127729693833,0.00374377567488786,0.000534825096412552,0.000587722034546867,0.0616059312678908,0.0368617586409997,0.0863501038947819
"2020/08/10",0.0630663074444553,0.0247441726268911,0,0.0579127729693833,0.00374377567488786,0.000534825096412552,0.000587722034546867,0.0616062118706049,0.0368620392437138,0.086350384497496
"2020/08/11",0.0630663074444553,0.0247441726268911,0,0.0579127729693833,0.00374377567488786,0.000534825096412552,0.000587722034546867,0.0616064823102386,0.0368623096833475,0.0863506549371297
"2020/08/12",0.0630663074444553,0.0247441726268911,0,0.0579127729693833,0.00374377567488786,0.000534825096412552,0.000587722034546867,0.0616067431468357,0.0368625705199446,0.0863509157737267
"2020/08/13",0.0630663074444553,0.0247441726268911,0,0.0579127729693833,0.00374377567488786,0.000534825096412552,0.000587722034546867,0.0616069949404547,0.0368628223135636,0.0863511675673458
"2020/08/14",0.0630663074444553,0.0247441726268911,0,0.0579127729693833,0.00374377567488786,0.000534825096412552,0.000587722034546867,0.0616072382511144,0.0368630656242233,0.0863514108780055
"2020/08/15",0.0630663074444553,0.0247441726268911,0,0.0579127729693833,0.00374377567488786,0.000534825096412552,0.000587722034546867,0.0616074735818967,0.0368633009550056,0.0863516462087878
"2020/08/16",0.0630663074444553,0.0247441726268911,0,0.0579127729693833,0.00374377567488786,0.000534825096412552,0.000587722034546867,0.0616077012706347,0.0368635286437436,0.0863518738975258
"2020/08/17",0.0630663074444553,0.0247441726268911,0,0.0579127729693833,0.00374377567488786,0.000534825096412552,0.000587722034546867,0.061607921625365,0.0368637489984738,0.0863520942522561
"2020/08/18",0.0630663074444553,0.0247441726268911,0,0.0579127729693833,0.00374377567488786,0.000534825096412552,0.000587722034546867,0.0616081349541295,0.0368639623272384,0.0863523075810206
"2020/08/19",0.0630663074444553,0.0247441726268911,0,0.0579127729693833,0.00374377567488786,0.000534825096412552,0.000587722034546867,0.0616083415649789,0.0368641689380878,0.08635251419187
"2020/08/20",0.0630663074444553,0.0247441726268911,0,0.0579127729693833,0.00374377567488786,0.000534825096412552,0.000587722034546867,0.061608541765969,0.0368643691390779,0.0863527143928601
"2020/08/21",0.0630663074444553,0.0247441726268911,0,0.0579127729693833,0.00374377567488786,0.000534825096412552,0.000587722034546867,0.0616087358651619,0.0368645632382708,0.086352908492053
"2020/08/22",0.0630663074444553,0.0247441726268911,0,0.0579127729693833,0.00374377567488786,0.000534825096412552,0.000587722034546867,0.0616089241706258,0.0368647515437347,0.0863530967975169
"2020/08/23",0.0630663074444553,0.0247441726268911,0,0.0579127729693833,0.00374377567488786,0.000534825096412552,0.000587722034546867,0.0616091069904328,0.0368649343635417,0.0863532796173239
"2020/08/24",0.0630663074444553,0.0247441726268911,0,0.0579127729693833,0.00374377567488786,0.000534825096412552,0.000587722034546867,0.0616092846099504,0.0368651119830593,0.0863534572368415
"2020/08/25",0.0630663074444553,0.0247441726268911,0,0.0579127729693833,0.00374377567488786,0.000534825096412552,0.000587722034546867,0.0616094572307716,0.0368652846038805,0.0863536298576627
"2020/08/26",0.0630663074444553,0.0247441726268911,0,0.0579127729693833,0.00374377567488786,0.000534825096412552,0.000587722034546867,0.0616096250351801,0.036865452408289,0.0863537976620712
"2020/08/27",0.0630663074444553,0.0247441726268911,0,0.0579127729693833,0.00374377567488786,0.000534825096412552,0.000587722034546867,0.0616097882054636,0.0368656155785725,0.0863539608323547
"2020/08/28",0.0630663074444553,0.0247441726268911,0,0.0579127729693833,0.00374377567488786,0.000534825096412552,0.000587722034546867,0.0616099469239126,0.0368657742970215,0.0863541195508037
"2020/08/29",0.0630663074444553,0.0247441726268911,0,0.0579127729693833,0.00374377567488786,0.000534825096412552,0.000587722034546867,0.0616101013728199,0.0368659287459288,0.086354273999711
"2020/08/30",0.0630663074444553,0.0247441726268911,0,0.0579127729693833,0.00374377567488786,0.000534825096412552,0.000587722034546867,0.0616102517344816,0.0368660791075905,0.0863544243613727
"2020/08/31",0.0630663074444553,0.0247441726268911,0,0.0579127729693833,0.00374377567488786,0.000534825096412552,0.000587722034546867,0.0616103981911963,0.0368662255643052,0.0863545708180874
"2020/09/01",0.0630663074444553,0.0247441726268911,0,0.0579127729693833,0.00374377567488786,0.000534825096412552,0.000587722034546867,0.0616105409252649,0.0368663682983738,0.086354713552156
"2020/09/02",0.0630663074444553,0.0247441726268911,0,0.0579127729693833,0.00374377567488786,0.000534825096412552,0.000587722034546867,0.0616106801093867,0.0368665074824956,0.0863548527362778
"2020/09/03",0.0630663074444553,0.0247441726268911,0,0.0579127729693833,0.00374377567488786,0.000534825096412552,0.000587722034546867,0.0616108158710714,0.0368666432441803,0.0863549884979625
"2020/09/04",0.0630663074444553,0.0247441726268911,0,0.0579127729693833,0.00374377567488786,0.000534825096412552,0.000587722034546867,0.061610948324549,0.0368667756976579,0.0863551209514401
"2020/09/05",0.0630663074444553,0.0247441726268911,0,0.0579127729693833,0.00374377567488786,0.000534825096412552,0.000587722034546867,0.0616110775840496,0.0368669049571585,0.0863552502109407
"2020/09/06",0.0630663074444553,0.0247441726268911,0,0.0579127729693833,0.00374377567488786,0.000534825096412552,0.000587722034546867,0.0616112037638054,0.0368670311369143,0.0863553763906965
"2020/09/07",0.0630663074444553,0.0247441726268911,0,0.0579127729693833,0.00374377567488786,0.000534825096412552,0.000587722034546867,0.061611326978049,0.0368671543511579,0.0863554996049401
"2020/09/08",0.0630663074444553,0.0247441726268911,0,0.0579127729693833,0.00374377567488786,0.000534825096412552,0.000587722034546867,0.061611447341015,0.0368672747141239,0.0863556199679061
"2020/09/09",0.0630663074444553,0.0247441726268911,0,0.0579127729693833,0.00374377567488786,0.000534825096412552,0.000587722034546867,0.0616115649669391,0.036867392340048,0.0863557375938303
"2020/09/10",0.0630663074444553,0.0247441726268911,0,0.0579127729693833,0.00374377567488786,0.000534825096412552,0.000587722034546867,0.0616116799700583,0.0368675073431672,0.0863558525969494
"2020/09/11",0.0630663074444553,0.0247441726268911,0,0.0579127729693833,0.00374377567488786,0.000534825096412552,0.000587722034546867,0.0616117924603788,0.0368676198334877,0.0863559650872699
"2020/09/12",0.0630663074444553,0.0247441726268911,0,0.0579127729693833,0.00374377567488786,0.000534825096412552,0.000587722034546867,0.06161190252241,0.0368677298955189,0.0863560751493011
"2020/09/13",0.0630663074444553,0.0247441726268911,0,0.0579127729693833,0.00374377567488786,0.000534825096412552,0.000587722034546867,0.0616120102311571,0.036867837604266,0.0863561828580482
"2020/09/14",0.0630663074444553,0.0247441726268911,0,0.0579127729693833,0.00374377567488786,0.000534825096412552,0.000587722034546867,0.0616121156616122,0.0368679430347211,0.0863562882885033
"2020/09/15",0.0630663074444553,0.0247441726268911,0,0.0579127729693833,0.00374377567488786,0.000534825096412552,0.000587722034546867,0.0616122188887661,0.036868046261875,0.0863563915156572
"2020/09/16",0.0630663074444553,0.0247441726268911,0,0.0579127729693833,0.00374377567488786,0.000534825096412552,0.000587722034546867,0.0616123199876121,0.036868147360721,0.0863564926145032
"2020/09/17",0.0630663074444553,0.0247441726268911,0,0.0579127729693833,0.00374377567488786,0.000534825096412552,0.000587722034546867,0.0616124190331425,0.0368682464062514,0.0863565916600336
"2020/09/18",0.0630663074444553,0.0247441726268911,0,0.0579127729693833,0.00374377567488786,0.000534825096412552,0.000587722034546867,0.0616125161003514,0.0368683434734603,0.0863566887272425
"2020/09/19",0.0630663074444553,0.0247441726268911,0,0.0579127729693833,0.00374377567488786,0.000534825096412552,0.000587722034546867,0.0616126112642333,0.0368684386373422,0.0863567838911244
"2020/09/20",0.0630663074444553,0.0247441726268911,0,0.0579127729693833,0.00374377567488786,0.000534825096412552,0.000587722034546867,0.0616127045978729,0.0368685319709818,0.086356877224764
"2020/09/21",0.0630663074444553,0.0247441726268911,0,0.0579127729693833,0.00374377567488786,0.000534825096412552,0.000587722034546867,0.0616127961594759,0.0368686235325848,0.086356968786367
"2020/09/22",0.0630663074444553,0.0247441726268911,0,0.0579127729693833,0.00374377567488786,0.000534825096412552,0.000587722034546867,0.0616128860002715,0.0368687133733804,0.0863570586271626
"2020/09/23",0.0630663074444553,0.0247441726268911,0,0.0579127729693833,0.00374377567488786,0.000534825096412552,0.000587722034546867,0.0616129741714482,0.0368688015445571,0.0863571467983393
"2020/09/24",0.0630663074444553,0.0247441726268911,0,0.0579127729693833,0.00374377567488786,0.000534825096412552,0.000587722034546867,0.0616130607241956,0.0368688880973045,0.0863572333510867
"2020/09/25",0.0630663074444553,0.0247441726268911,0,0.0579127729693833,0.00374377567488786,0.000534825096412552,0.000587722034546867,0.0616131457097038,0.0368689730828127,0.0863573183365949
"2020/09/26",0.0630663074444553,0.0247441726268911,0,0.0579127729693833,0.00374377567488786,0.000534825096412552,0.000587722034546867,0.061613229179162,0.0368690565522709,0.0863574018060531
"2020/09/27",0.0630663074444553,0.0247441726268911,0,0.0579127729693833,0.00374377567488786,0.000534825096412552,0.000587722034546867,0.0616133111837619,0.0368691385568708,0.086357483810653
"2020/09/28",0.0630663074444553,0.0247441726268911,0,0.0579127729693833,0.00374377567488786,0.000534825096412552,0.000587722034546867,0.0616133917746937,0.0368692191478026,0.0863575644015848
"2020/09/29",0.0630663074444553,0.0247441726268911,0,0.0579127729693833,0.00374377567488786,0.000534825096412552,0.000587722034546867,0.0616134710022783,0.0368692983753872,0.0863576436291694
"2020/09/30",0.0630663074444553,0.0247441726268911,0,0.0579127729693833,0.00374377567488786,0.000534825096412552,0.000587722034546867,0.0616135489079258,0.0368693762810347,0.086357721534817
"2020/10/01",0.0630663074444553,0.0247441726268911,0,0.0579127729693833,0.00374377567488786,0.000534825096412552,0.000587722034546867,0.0616136255278284,0.0368694529009373,0.0863577981547195
"2020/10/02",0.0630663074444553,0.0247441726268911,0,0.0579127729693833,0.00374377567488786,0.000534825096412552,0.000587722034546867,0.0616137008981134,0.0368695282712223,0.0863578735250045
"2020/10/03",0.0630663074444553,0.0247441726268911,0,0.0579127729693833,0.00374377567488786,0.000534825096412552,0.000587722034546867,0.0616137750549076,0.0368696024280165,0.0863579476817987
"2020/10/04",0.0630663074444553,0.0247441726268911,0,0.0579127729693833,0.00374377567488786,0.000534825096412552,0.000587722034546867,0.0616138480343383,0.0368696754074472,0.0863580206612294
"2020/10/05",0.0630663074444553,0.0247441726268911,0,0.0579127729693833,0.00374377567488786,0.000534825096412552,0.000587722034546867,0.0616139198725331,0.036869747245642,0.0863580924994242
"2020/10/06",0.0630663074444553,0.0247441726268911,0,0.0579127729693833,0.00374377567488786,0.000534825096412552,0.000587722034546867,0.0616139906056198,0.0368698179787287,0.0863581632325109
"2020/10/07",0.0630663074444553,0.0247441726268911,0,0.0579127729693833,0.00374377567488786,0.000534825096412552,0.000587722034546867,0.0616140602697263,0.0368698876428352,0.0863582328966174
"2020/10/08",0.0630663074444553,0.0247441726268911,0,0.0579127729693833,0.00374377567488786,0.000534825096412552,0.000587722034546867,0.0616141289005753,0.0368699562736842,0.0863583015274664
"2020/10/09",0.0630663074444553,0.0247441726268911,0,0.0579127729693833,0.00374377567488786,0.000534825096412552,0.000587722034546867,0.0616141965283074,0.0368700239014163,0.0863583691551985
"2020/10/10",0.0606641623179686,0.0234413325022677,0,0.0550867198793989,0.00487419691088162,0.00069631384441166,0.000587722034546867,0.0616142631790048,0.0381729306767371,0.0850555956812725
"2020/10/11",0.0606641623179686,0.0234413325022677,0,0.0550867198793989,0.00487419691088162,0.00069631384441166,0.000587722034546867,0.0616143288786592,0.0381729963763915,0.0850556613809269
"2020/10/12",0.0606641623179686,0.0234413325022677,0,0.0550867198793989,0.00487419691088162,0.00069631384441166,0.000587722034546867,0.0616143936532612,0.0381730611509935,0.0850557261555289
"2020/10/13",0.0606641623179686,0.0234413325022677,0,0.0550867198793989,0.00487419691088162,0.00069631384441166,0.000587722034546867,0.0616144575288025,0.0381731250265348,0.0850557900310702
"2020/10/14",0.0606641623179686,0.0234413325022677,0,0.0550867198793989,0.00487419691088162,0.00069631384441166,0.000587722034546867,0.0616145205312743,0.0381731880290066,0.085055853033542
"2020/10/15",0.0606641623179686,0.0234413325022677,0,0.0550867198793989,0.00487419691088162,0.00069631384441166,0.000587722034546867,0.0616145826866681,0.0381732501844004,0.0850559151889358
"2020/10/16",0.0606641623179686,0.0234413325022677,0,0.0550867198793989,0.00487419691088162,0.00069631384441166,0.000587722034546867,0.061614644020976,0.0381733115187083,0.0850559765232437
"2020/10/17",0.0606641623179686,0.0234413325022677,0,0.0550867198793989,0.00487419691088162,0.00069631384441166,0.000587722034546867,0.061614704560002,0.0381733720577343,0.0850560370622697
"2020/10/18",0.0606641623179686,0.0234413325022677,0,0.0550867198793989,0.00487419691088162,0.00069631384441166,0.000587722034546867,0.0616147643259574,0.0381734318236897,0.0850560968282251
"2020/10/19",0.0606641623179686,0.0234413325022677,0,0.0550867198793989,0.00487419691088162,0.00069631384441166,0.000587722034546867,0.0616148233378215,0.0381734908355538,0.0850561558400892
"2020/10/20",0.0606641623179686,0.0234413325022677,0,0.0550867198793989,0.00487419691088162,0.00069631384441166,0.000587722034546867,0.0616148816144582,0.0381735491121905,0.0850562141167259
"2020/10/21",0.0606641623179686,0.0234413325022677,0,0.0550867198793989,0.00487419691088162,0.00069631384441166,0.000587722034546867,0.0616149391747307,0.038173606672463,0.0850562716769984
"2020/10/22",0.0606641623179686,0.0234413325022677,0,0.0550867198793989,0.00487419691088162,0.00069631384441166,0.000587722034546867,0.061614996037504,0.0381736635352363,0.0850563285397717
"2020/10/23",0.0606641623179686,0.0234413325022677,0,0.0550867198793989,0.00487419691088162,0.00069631384441166,0.000587722034546867,0.061615052221642,0.0381737197193743,0.0850563847239097
"2020/10/24",0.0606641623179686,0.0234413325022677,0,0.0550867198793989,0.00487419691088162,0.00069631384441166,0.000587722034546867,0.061615107746009,0.0381737752437413,0.0850564402482767
"2020/10/25",0.0606641623179686,0.0234413325022677,0,0.0550867198793989,0.00487419691088162,0.00069631384441166,0.000587722034546867,0.0616151626294697,0.038173830127202,0.0850564951317374
"2020/10/26",0.0606641623179686,0.0234413325022677,0,0.0550867198793989,0.00487419691088162,0.00069631384441166,0.000587722034546867,0.0616152168908089,0.0381738843885412,0.0850565493930766
"2020/10/27",0.0606641623179686,0.0234413325022677,0,0.0550867198793989,0.00487419691088162,0.00069631384441166,0.000587722034546867,0.061615270546612,0.0381739380443443,0.0850566030488797
"2020/10/28",0.0606641623179686,0.0234413325022677,0,0.0550867198793989,0.00487419691088162,0.00069631384441166,0.000587722034546867,0.0616153236110146,0.0381739911087469,0.0850566561132823
"2020/10/29",0.0606641623179686,0.0234413325022677,0,0.0550867198793989,0.00487419691088162,0.00069631384441166,0.000587722034546867,0.0616153760980244,0.0381740435957567,0.0850567086002921
"2020/10/30",0.0606641623179686,0.0234413325022677,0,0.0550867198793989,0.00487419691088162,0.00069631384441166,0.000587722034546867,0.061615428021651,0.0381740955193833,0.0850567605239187
"2020/10/31",0.0603776629285732,0.0230435897593459,0,0.0548222589045724,0.00482461047810165,0.000689230068300235,0.000587722034546867,0.0616154793959018,0.0385718896365559,0.0846590691552477
"2020/11/01",0.0603776629285732,0.0230435897593459,0,0.0548222589045724,0.00482461047810165,0.000689230068300235,0.000587722034546867,0.0616155302347861,0.0385719404754402,0.084659119994132
"2020/11/02",0.0603776629285732,0.0230435897593459,0,0.0548222589045724,0.00482461047810165,0.000689230068300235,0.000587722034546867,0.0616155805523125,0.0385719907929666,0.0846591703116584
"2020/11/03",0.0603776629285732,0.0230435897593459,0,0.0548222589045724,0.00482461047810165,0.000689230068300235,0.000587722034546867,0.0616156303624893,0.0385720406031434,0.0846592201218352
"2020/11/04",0.0603776629285732,0.0230435897593459,0,0.0548222589045724,0.00482461047810165,0.000689230068300235,0.000587722034546867,0.0616156796792952,0.0385720899199493,0.0846592694386411
"2020/11/05",0.0603776629285732,0.0230435897593459,0,0.0548222589045724,0.00482461047810165,0.000689230068300235,0.000587722034546867,0.061615728515354,0.0385721387560081,0.0846593182746999
"2020/11/06",0.0603776629285732,0.0230435897593459,0,0.0548222589045724,0.00482461047810165,0.000689230068300235,0.000587722034546867,0.061615776881428,0.0385721871220821,0.0846593666407739
"2020/11/07",0.0603776629285732,0.0230435897593459,0,0.0548222589045724,0.00482461047810165,0.000689230068300235,0.000587722034546867,0.0616158247881442,0.0385722350287983,0.0846594145474901
"2020/11/08",0.0603776629285732,0.0230435897593459,0,0.0548222589045724,0.00482461047810165,0.000689230068300235,0.000587722034546867,0.0616158722461286,0.0385722824867827,0.0846594620054745
"2020/11/09",0.0603776629285732,0.0230435897593459,0,0.0548222589045724,0.00482461047810165,0.000689230068300235,0.000587722034546867,0.061615919266009,0.0385723295066631,0.0846595090253549
"2020/11/10",0.0603776629285732,0.0230435897593459,0,0.0548222589045724,0.00482461047810165,0.000689230068300235,0.000587722034546867,0.0616159658584117,0.0385723760990658,0.0846595556177576
"2020/11/11",0.0603776629285732,0.0230435897593459,0,0.0548222589045724,0.00482461047810165,0.000689230068300235,0.000587722034546867,0.0616160120339641,0.0385724222746182,0.08465960179331
"2020/11/12",0.0603776629285732,0.0230435897593459,0,0.0548222589045724,0.00482461047810165,0.000689230068300235,0.000587722034546867,0.0616160578032931,0.0385724680439472,0.084659647562639
"2020/11/13",0.0603776629285732,0.0230435897593459,0,0.0548222589045724,0.00482461047810165,0.000689230068300235,0.000587722034546867,0.061616103177015,0.0385725134176691,0.0846596929363609
"2020/11/14",0.0603776629285732,0.0230435897593459,0,0.0548222589045724,0.00482461047810165,0.000689230068300235,0.000587722034546867,0.061616148164916,0.0385725584055701,0.0846597379242619
"2020/11/15",0.0603776629285732,0.0230435897593459,0,0.0548222589045724,0.00482461047810165,0.000689230068300235,0.000587722034546867,0.0616161927753627,0.0385726030160168,0.0846597825347086
"2020/11/16",0.0603776629285732,0.0230435897593459,0,0.0548222589045724,0.00482461047810165,0.000689230068300235,0.000587722034546867,0.0616162370165853,0.0385726472572394,0.0846598267759312
"2020/11/17",0.0603776629285732,0.0230435897593459,0,0.0548222589045724,0.00482461047810165,0.000689230068300235,0.000587722034546867,0.061616280896812,0.0385726911374661,0.0846598706561579
"2020/11/18",0.0603776629285732,0.0230435897593459,0,0.0548222589045724,0.00482461047810165,0.000689230068300235,0.000587722034546867,0.0616163244242717,0.0385727346649258,0.0846599141836176
"2020/11/19",0.0603776629285732,0.0230435897593459,0,0.0548222589045724,0.00482461047810165,0.000689230068300235,0.000587722034546867,0.0616163676071937,0.0385727778478478,0.0846599573665396
"2020/11/20",0.0603776629285732,0.0230435897593459,0,0.0548222589045724,0.00482461047810165,0.000689230068300235,0.000587722034546867,0.0616164104538071,0.0385728206944612,0.084660000213153
"2020/11/21",0.0603776629285732,0.0230435897593459,0,0.0548222589045724,0.00482461047810165,0.000689230068300235,0.000587722034546867,0.0616164529723404,0.0385728632129945,0.0846600427316863
"2020/11/22",0.0603776629285732,0.0230435897593459,0,0.0548222589045724,0.00482461047810165,0.000689230068300235,0.000587722034546867,0.0616164951710202,0.0385729054116743,0.0846600849303661
"2020/11/23",0.0603776629285732,0.0230435897593459,0,0.0548222589045724,0.00482461047810165,0.000689230068300235,0.000587722034546867,0.0616165370575652,0.0385729472982193,0.0846601268169111
"2020/11/24",0.0603776629285732,0.0230435897593459,0,0.0548222589045724,0.00482461047810165,0.000689230068300235,0.000587722034546867,0.0616165786386128,0.0385729888792669,0.0846601683979587
"2020/11/25",0.0603776629285732,0.0230435897593459,0,0.0548222589045724,0.00482461047810165,0.000689230068300235,0.000587722034546867,0.0616166199206621,0.0385730301613162,0.084660209680008
"2020/11/26",0.0603776629285732,0.0230435897593459,0,0.0548222589045724,0.00482461047810165,0.000689230068300235,0.000587722034546867,0.0616166609102112,0.0385730711508653,0.0846602506695571
"2020/11/27",0.0603776629285732,0.0230435897593459,0,0.0548222589045724,0.00482461047810165,0.000689230068300235,0.000587722034546867,0.0616167016137589,0.038573111854413,0.0846602913731048
"2020/11/28",0.0603776629285732,0.0230435897593459,0,0.0548222589045724,0.00482461047810165,0.000689230068300235,0.000587722034546867,0.0616167420378039,0.038573152278458,0.0846603317971498
"2020/11/29",0.0603776629285732,0.0230435897593459,0,0.0548222589045724,0.00482461047810165,0.000689230068300235,0.000587722034546867,0.0616167821888448,0.0385731924294989,0.0846603719481907
"2020/11/30",0.0603776629285732,0.0230435897593459,0,0.0548222589045724,0.00482461047810165,0.000689230068300235,0.000587722034546867,0.0616168220733802,0.0385732323140343,0.0846604118327261
"2020/12/01",0.0603776629285732,0.0230435897593459,0,0.0548222589045724,0.00482461047810165,0.000689230068300235,0.000587722034546867,0.0616168616979089,0.038573271938563,0.0846604514572548
"2020/12/02",0.0603776629285732,0.0230435897593459,0,0.0548222589045724,0.00482461047810165,0.000689230068300235,0.000587722034546867,0.06161690106862,0.0385733113092741,0.0846604908279659
"2020/12/03",0.0603776629285732,0.0230435897593459,0,0.0548222589045724,0.00482461047810165,0.000689230068300235,0.000587722034546867,0.0616169401908765,0.0385733504315306,0.0846605299502224
"2020/12/04",0.0603776629285732,0.0230435897593459,0,0.0548222589045724,0.00482461047810165,0.000689230068300235,0.000587722034546867,0.0616169790699041,0.0385733893105582,0.08466056882925
"2020/12/05",0.0603776629285732,0.0230435897593459,0,0.0548222589045724,0.00482461047810165,0.000689230068300235,0.000587722034546867,0.061617017710927,0.0385734279515811,0.0846606074702729
"2020/12/06",0.0603776629285732,0.0230435897593459,0,0.0548222589045724,0.00482461047810165,0.000689230068300235,0.000587722034546867,0.0616170561191708,0.0385734663598249,0.0846606458785167
"2020/12/07",0.0603776629285732,0.0230435897593459,0,0.0548222589045724,0.00482461047810165,0.000689230068300235,0.000587722034546867,0.0616170942998616,0.0385735045405158,0.0846606840592075
"2020/12/08",0.0603776629285732,0.0230435897593459,0,0.0548222589045724,0.00482461047810165,0.000689230068300235,0.000587722034546867,0.0616171322582245,0.0385735424988786,0.0846607220175704
"2020/12/09",0.0603776629285732,0.0230435897593459,0,0.0548222589045724,0.00482461047810165,0.000689230068300235,0.000587722034546867,0.061617169999484,0.0385735802401381,0.0846607597588299
"2020/12/10",0.0603776629285732,0.0230435897593459,0,0.0548222589045724,0.00482461047810165,0.000689230068300235,0.000587722034546867,0.0616172075288663,0.0385736177695204,0.0846607972882122
"2020/12/11",0.0603776629285732,0.0230435897593459,0,0.0548222589045724,0.00482461047810165,0.000689230068300235,0.000587722034546867,0.0616172448514106,0.0385736550920647,0.0846608346107565
"2020/12/12",0.0603776629285732,0.0230435897593459,0,0.0548222589045724,0.00482461047810165,0.000689230068300235,0.000587722034546867,0.0616172819715233,0.0385736922121774,0.0846608717308692
"2020/12/13",0.0603776629285732,0.0230435897593459,0,0.0548222589045724,0.00482461047810165,0.000689230068300235,0.000587722034546867,0.0616173188934767,0.0385737291341308,0.0846609086528226
"2020/12/14",0.0603776629285732,0.0230435897593459,0,0.0548222589045724,0.00482461047810165,0.000689230068300235,0.000587722034546867,0.061617355621542,0.0385737658621961,0.0846609453808879
"2020/12/15",0.0603776629285732,0.0230435897593459,0,0.0548222589045724,0.00482461047810165,0.000689230068300235,0.000587722034546867,0.0616173921599918,0.0385738024006459,0.0846609819193377
"2020/12/16",0.0603776629285732,0.0230435897593459,0,0.0548222589045724,0.00482461047810165,0.000689230068300235,0.000587722034546867,0.0616174285130983,0.0385738387537524,0.0846610182724442
"2020/12/17",0.0603776629285732,0.0230435897593459,0,0.0548222589045724,0.00482461047810165,0.000689230068300235,0.000587722034546867,0.0616174646851333,0.0385738749257874,0.0846610544444792
"2020/12/18",0.0603776629285732,0.0230435897593459,0,0.0548222589045724,0.00482461047810165,0.000689230068300235,0.000587722034546867,0.0616175006803688,0.0385739109210229,0.0846610904397147
"2020/12/19",0.0603776629285732,0.0230435897593459,0,0.0548222589045724,0.00482461047810165,0.000689230068300235,0.000587722034546867,0.0616175365030768,0.0385739467437309,0.0846611262624227
"2020/12/20",0.0603776629285732,0.0230435897593459,0,0.0548222589045724,0.00482461047810165,0.000689230068300235,0.000587722034546867,0.0616175721574187,0.0385739823980728,0.0846611619167646
"2020/12/21",0.0603776629285732,0.0230435897593459,0,0.0548222589045724,0.00482461047810165,0.000689230068300235,0.000587722034546867,0.0616176076470724,0.0385740178877265,0.0846611974064183
"2020/12/22",0.0603776629285732,0.0230435897593459,0,0.0548222589045724,0.00482461047810165,0.000689230068300235,0.000587722034546867,0.0616176429755847,0.0385740532162388,0.0846612327349306
"2020/12/23",0.0603776629285732,0.0230435897593459,0,0.0548222589045724,0.00482461047810165,0.000689230068300235,0.000587722034546867,0.061617678146504,0.0385740883871581,0.0846612679058499
"2020/12/24",0.0603776629285732,0.0230435897593459,0,0.0548222589045724,0.00482461047810165,0.000689230068300235,0.000587722034546867,0.0616177131633774,0.0385741234040315,0.0846613029227233
"2020/12/25",0.0603776629285732,0.0230435897593459,0,0.0548222589045724,0.00482461047810165,0.000689230068300235,0.000587722034546867,0.0616177480297526,0.0385741582704067,0.0846613377890985
"2020/12/26",0.0603776629285732,0.0230435897593459,0,0.0548222589045724,0.00482461047810165,0.000689230068300235,0.000587722034546867,0.0616177827491768,0.0385741929898309,0.0846613725085227
"2020/12/27",0.0603776629285732,0.0230435897593459,0,0.0548222589045724,0.00482461047810165,0.000689230068300235,0.000587722034546867,0.0616178173251981,0.0385742275658522,0.084661407084544
"2020/12/28",0.0603776629285732,0.0230435897593459,0,0.0548222589045724,0.00482461047810165,0.000689230068300235,0.000587722034546867,0.0616178517613635,0.0385742620020176,0.0846614415207094
"2020/12/29",0.0603776629285732,0.0230435897593459,0,0.0548222589045724,0.00482461047810165,0.000689230068300235,0.000587722034546867,0.0616178860611549,0.038574296301809,0.0846614758205008
"2020/12/30",0.0603776629285732,0.0230435897593459,0,0.0548222589045724,0.00482461047810165,0.000689230068300235,0.000587722034546867,0.0616179202276872,0.0385743304683413,0.0846615099870331
"2020/12/31",0.0603776629285732,0.0230435897593459,0,0.0548222589045724,0.00482461047810165,0.000689230068300235,0.000587722034546867,0.0616179542639507,0.0385743645046048,0.0846615440232966
"2021/01/01",0.0603776629285732,0.0230435897593459,0,0.0548222589045724,0.00482461047810165,0.000689230068300235,0.000587722034546867,0.0616179881729346,0.0385743984135887,0.0846615779322805
"2021/01/02",0.0603776629285732,0.0230435897593459,0,0.0548222589045724,0.00482461047810165,0.000689230068300235,0.000587722034546867,0.0616180219576283,0.0385744321982825,0.0846616117169742
"2021/01/03",0.0603776629285732,0.0230435897593459,0,0.0548222589045724,0.00482461047810165,0.000689230068300235,0.000587722034546867,0.0616180556210215,0.0385744658616756,0.0846616453803674
"2021/01/04",0.0603776629285732,0.0230435897593459,0,0.0548222589045724,0.00482461047810165,0.000689230068300235,0.000587722034546867,0.0616180891661033,0.0385744994067574,0.0846616789254492
"2021/01/05",0.0603776629285732,0.0230435897593459,0,0.0548222589045724,0.00482461047810165,0.000689230068300235,0.000587722034546867,0.0616181225958636,0.0385745328365177,0.0846617123552095
"2021/01/06",0.0603776629285732,0.0230435897593459,0,0.0548222589045724,0.00482461047810165,0.000689230068300235,0.000587722034546867,0.0616181559132911,0.0385745661539452,0.084661745672637
"2021/01/07",0.0603776629285732,0.0230435897593459,0,0.0548222589045724,0.00482461047810165,0.000689230068300235,0.000587722034546867,0.0616181891213372,0.0385745993619913,0.0846617788806831
"2021/01/08",0.0603776629285732,0.0230435897593459,0,0.0548222589045724,0.00482461047810165,0.000689230068300235,0.000587722034546867,0.0616182222226773,0.0385746324633314,0.0846618119820231
"2021/01/09",0.0603776629285732,0.0230435897593459,0,0.0548222589045724,0.00482461047810165,0.000689230068300235,0.000587722034546867,0.0616182552198657,0.0385746654605198,0.0846618449792116
"2021/01/10",0.0603776629285732,0.0230435897593459,0,0.0548222589045724,0.00482461047810165,0.000689230068300235,0.000587722034546867,0.0616182881154577,0.0385746983561118,0.0846618778748036
"2021/01/11",0.0603776629285732,0.0230435897593459,0,0.0548222589045724,0.00482461047810165,0.000689230068300235,0.000587722034546867,0.0616183209120076,0.0385747311526617,0.0846619106713535
"2021/01/12",0.0603776629285732,0.0230435897593459,0,0.0548222589045724,0.00482461047810165,0.000689230068300235,0.000587722034546867,0.06161835361207,0.0385747638527241,0.0846619433714159
"2021/01/13",0.0603776629285732,0.0230435897593459,0,0.0548222589045724,0.00482461047810165,0.000689230068300235,0.000587722034546867,0.0616183862181997,0.0385747964588538,0.0846619759775456
"2021/01/14",0.0603776629285732,0.0230435897593459,0,0.0548222589045724,0.00482461047810165,0.000689230068300235,0.000587722034546867,0.0616184187329514,0.0385748289736055,0.0846620084922973
"2021/01/15",0.0603776629285732,0.0230435897593459,0,0.0548222589045724,0.00482461047810165,0.000689230068300235,0.000587722034546867,0.0616184511588795,0.0385748613995336,0.0846620409182254
"2021/01/16",0.0603776629285732,0.0230435897593459,0,0.0548222589045724,0.00482461047810165,0.000689230068300235,0.000587722034546867,0.0616184834985163,0.0385748937391704,0.0846620732578622
"2021/01/17",0.0604570790741161,0.0224319030982728,0,0.0545224406472419,0.00476839455485218,0.00068119922212174,0.000587722034546867,0.0616185157541811,0.0391866126559083,0.0840504188524539
"2021/01/18",0.0604570790741161,0.0224319030982728,0,0.0545224406472419,0.00476839455485218,0.00068119922212174,0.000587722034546867,0.0616185479280785,0.0391866448298057,0.0840504510263513
"2021/01/19",0.0604570790741161,0.0224319030982728,0,0.0545224406472419,0.00476839455485218,0.00068119922212174,0.000587722034546867,0.0616185800224111,0.0391866769241384,0.0840504831206839
"2021/01/20",0.0604570790741161,0.0224319030982728,0,0.0545224406472419,0.00476839455485218,0.00068119922212174,0.000587722034546867,0.061618612039383,0.0391867089411102,0.0840505151376558
"2021/01/21",0.0604570790741161,0.0224319030982728,0,0.0545224406472419,0.00476839455485218,0.00068119922212174,0.000587722034546867,0.0616186439811958,0.039186740882923,0.0840505470794686
"2021/01/22",0.0604570790741161,0.0224319030982728,0,0.0545224406472419,0.00476839455485218,0.00068119922212174,0.000587722034546867,0.0616186758500541,0.0391867727517813,0.0840505789483269
"2021/01/23",0.0590859039452217,0.0218727380305265,0,0.0526202323759433,0.0044117305039837,0.000630247214854815,0.000587722034546867,0.0616187076481595,0.039745969617633,0.083491445678686
"2021/01/24",0.0590859039452217,0.0218727380305265,0,0.0526202323759433,0.0044117305039837,0.000630247214854815,0.000587722034546867,0.0616187393777165,0.03974600134719,0.083491477408243
"2021/01/25",0.0590859039452217,0.0218727380305265,0,0.0526202323759433,0.0044117305039837,0.000630247214854815,0.000587722034546867,0.0616187710409115,0.039746033010385,0.083491509071438
"2021/01/26",0.0590859039452217,0.0218727380305265,0,0.0526202323759433,0.0044117305039837,0.000630247214854815,0.000587722034546867,0.0616188026397344,0.0397460646092079,0.0834915406702609
"2021/01/27",0.0590859039452217,0.0218727380305265,0,0.0526202323759433,0.0044117305039837,0.000630247214854815,0.000587722034546867,0.0616188341760407,0.0397460961455142,0.0834915722065672
"2021/01/28",0.0590859039452217,0.0218727380305265,0,0.0526202323759433,0.0044117305039837,0.000630247214854815,0.000587722034546867,0.0616188656516835,0.039746127621157,0.08349160368221
"2021/01/29",0.0590859039452217,0.0218727380305265,0,0.0526202323759433,0.0044117305039837,0.000630247214854815,0.000587722034546867,0.061618897068516,0.0397461590379895,0.0834916350990425
"2021/01/30",0.0590859039452217,0.0218727380305265,0,0.0526202323759433,0.0044117305039837,0.000630247214854815,0.000587722034546867,0.0616189284283913,0.0397461903978648,0.0834916664589178
"2021/01/31",0.0590859039452217,0.0218727380305265,0,0.0526202323759433,0.0044117305039837,0.000630247214854815,0.000587722034546867,0.0616189597331628,0.0397462217026363,0.0834916977636893
"2021/02/01",0.0590859039452217,0.0218727380305265,0,0.0526202323759433,0.0044117305039837,0.000630247214854815,0.000587722034546867,0.0616189909846835,0.039746252954157,0.08349172901521
"2021/02/02",0.0590859039452217,0.0218727380305265,0,0.0526202323759433,0.0044117305039837,0.000630247214854815,0.000587722034546867,0.0616190221848062,0.0397462841542797,0.0834917602153327
"2021/02/03",0.0590859039452217,0.0218727380305265,0,0.0526202323759433,0.0044117305039837,0.000630247214854815,0.000587722034546867,0.061619053335375,0.0397463153048485,0.0834917913659015
"2021/02/04",0.0590859039452217,0.0218727380305265,0,0.0526202323759433,0.0044117305039837,0.000630247214854815,0.000587722034546867,0.0616190844380557,0.0397463464075292,0.0834918224685822
"2021/02/05",0.0590859039452217,0.0218727380305265,0,0.0526202323759433,0.0044117305039837,0.000630247214854815,0.000587722034546867,0.06161911549437,0.0397463774638435,0.0834918535248965
"2021/02/06",0.0590859039452217,0.0218727380305265,0,0.0526202323759433,0.0044117305039837,0.000630247214854815,0.000587722034546867,0.0616191465058337,0.0397464084753072,0.0834918845363602
"2021/02/07",0.0590859039452217,0.0218727380305265,0,0.0526202323759433,0.0044117305039837,0.000630247214854815,0.000587722034546867,0.061619177473962,0.0397464394434355,0.0834919155044885
"2021/02/08",0.0590859039452217,0.0218727380305265,0,0.0526202323759433,0.0044117305039837,0.000630247214854815,0.000587722034546867,0.0616192084002715,0.039746470369745,0.083491946430798
"2021/02/09",0.0590859039452217,0.0218727380305265,0,0.0526202323759433,0.0044117305039837,0.000630247214854815,0.000587722034546867,0.0616192392862782,0.0397465012557517,0.0834919773168047
"2021/02/10",0.0590859039452217,0.0218727380305265,0,0.0526202323759433,0.0044117305039837,0.000630247214854815,0.000587722034546867,0.0616192701334976,0.0397465321029711,0.0834920081640241
"2021/02/11",0.0590859039452217,0.0218727380305265,0,0.0526202323759433,0.0044117305039837,0.000630247214854815,0.000587722034546867,0.0616193009434462,0.0397465629129197,0.0834920389739727
"2021/02/12",0.0590859039452217,0.0218727380305265,0,0.0526202323759433,0.0044117305039837,0.000630247214854815,0.000587722034546867,0.0616193317176341,0.0397465936871076,0.0834920697481606
"2021/02/13",0.0590859039452217,0.0218727380305265,0,0.0526202323759433,0.0044117305039837,0.000630247214854815,0.000587722034546867,0.0616193624574318,0.0397466244269053,0.0834921004879583
"2021/02/14",0.0590859039452217,0.0218727380305265,0,0.0526202323759433,0.0044117305039837,0.000630247214854815,0.000587722034546867,0.0616193931640658,0.0397466551335393,0.0834921311945923
"2021/02/15",0.0590859039452217,0.0218727380305265,0,0.0526202323759433,0.0044117305039837,0.000630247214854815,0.000587722034546867,0.0616194238387568,0.0397466858082303,0.0834921618692833
"2021/02/16",0.0590859039452217,0.0218727380305265,0,0.0526202323759433,0.0044117305039837,0.000630247214854815,0.000587722034546867,0.0616194544827234,0.0397467164521969,0.0834921925132499
"2021/02/17",0.0590859039452217,0.0218727380305265,0,0.0526202323759433,0.0044117305039837,0.000630247214854815,0.000587722034546867,0.0616194850971864,0.0397467470666599,0.0834922231277129
"2021/02/18",0.0590859039452217,0.0218727380305265,0,0.0526202323759433,0.0044117305039837,0.000630247214854815,0.000587722034546867,0.0616195156833653,0.0397467776528388,0.0834922537138918
"2021/02/19",0.0590859039452217,0.0218727380305265,0,0.0526202323759433,0.0044117305039837,0.000630247214854815,0.000587722034546867,0.0616195462424799,0.0397468082119534,0.0834922842730064
"2021/02/20",0.0590859039452217,0.0218727380305265,0,0.0526202323759433,0.0044117305039837,0.000630247214854815,0.000587722034546867,0.0616195767757501,0.0397468387452236,0.0834923148062766
"2021/02/21",0.0590859039452217,0.0218727380305265,0,0.0526202323759433,0.0044117305039837,0.000630247214854815,0.000587722034546867,0.0616196072843928,0.0397468692538663,0.0834923453149193
"2021/02/22",0.0590859039452217,0.0218727380305265,0,0.0526202323759433,0.0044117305039837,0.000630247214854815,0.000587722034546867,0.061619637769514,0.0397468997389875,0.0834923758000405
"2021/02/23",0.0590859039452217,0.0218727380305265,0,0.0526202323759433,0.0044117305039837,0.000630247214854815,0.000587722034546867,0.0616196682320778,0.0397469302015513,0.0834924062626043
"2021/02/24",0.0590859039452217,0.0218727380305265,0,0.0526202323759433,0.0044117305039837,0.000630247214854815,0.000587722034546867,0.061619698673039,0.0397469606425125,0.0834924367035655
"2021/02/25",0.0590859039452217,0.0218727380305265,0,0.0526202323759433,0.0044117305039837,0.000630247214854815,0.000587722034546867,0.0616197290933523,0.0397469910628258,0.0834924671238788
"2021/02/26",0.0590859039452217,0.0218727380305265,0,0.0526202323759433,0.0044117305039837,0.000630247214854815,0.000587722034546867,0.0616197594939724,0.0397470214634459,0.0834924975244989
"2021/02/27",0.0590859039452217,0.0218727380305265,0,0.0526202323759433,0.0044117305039837,0.000630247214854815,0.000587722034546867,0.0616197898758545,0.039747051845328,0.083492527906381
"2021/02/28",0.0590859039452217,0.0218727380305265,0,0.0526202323759433,0.0044117305039837,0.000630247214854815,0.000587722034546867,0.061619820239953,0.0397470822094265,0.0834925582704795
"2021/03/01",0.0594154371409387,0.0215203543867751,0,0.0522836878356367,0.00434862840267621,0.000621232628953744,0.000587722034546867,0.0616198505872226,0.0400994962004474,0.0831402049739977
"2021/03/02",0.0594154371409387,0.0215203543867751,0,0.0522836878356367,0.00434862840267621,0.000621232628953744,0.000587722034546867,0.0616198809186172,0.0400995265318421,0.0831402353053923
"2021/03/03",0.0594154371409387,0.0215203543867751,0,0.0522836878356367,0.00434862840267621,0.000621232628953744,0.000587722034546867,0.0616199112350058,0.0400995568482307,0.0831402656217809
"2021/03/04",0.0594154371409387,0.0215203543867751,0,0.0522836878356367,0.00434862840267621,0.000621232628953744,0.000587722034546867,0.0616199415371239,0.0400995871503488,0.083140295923899
"2021/03/05",0.0594154371409387,0.0215203543867751,0,0.0522836878356367,0.00434862840267621,0.000621232628953744,0.000587722034546867,0.0616199718256954,0.0400996174389203,0.0831403262124705
"2021/03/06",0.0594154371409387,0.0215203543867751,0,0.0522836878356367,0.00434862840267621,0.000621232628953744,0.000587722034546867,0.0616200021014441,0.040099647714669,0.0831403564882192
"2021/03/07",0.0594154371409387,0.0215203543867751,0,0.0522836878356367,0.00434862840267621,0.000621232628953744,0.000587722034546867,0.061620032365093,0.0400996779783179,0.0831403867518681
"2021/03/08",0.0594154371409387,0.0215203543867751,0,0.0522836878356367,0.00434862840267621,0.000621232628953744,0.000587722034546867,0.0616200626173664,0.0400997082305913,0.0831404170041415
"2021/03/09",0.0594154371409387,0.0215203543867751,0,0.0522836878356367,0.00434862840267621,0.000621232628953744,0.000587722034546867,0.061620092858988,0.0400997384722129,0.0831404472457631
"2021/03/10",0.0594154371409387,0.0215203543867751,0,0.0522836878356367,0.00434862840267621,0.000621232628953744,0.000587722034546867,0.0616201230906816,0.0400997687039065,0.0831404774774567
"2021/03/11",0.0594154371409387,0.0215203543867751,0,0.0522836878356367,0.00434862840267621,0.000621232628953744,0.000587722034546867,0.0616201533131699,0.0400997989263948,0.083140507699945
"2021/03/12",0.0594154371409387,0.0215203543867751,0,0.0522836878356367,0.00434862840267621,0.000621232628953744,0.000587722034546867,0.0616201835271115,0.0400998291403364,0.0831405379138866
"2021/03/13",0.0594154371409387,0.0215203543867751,0,0.0522836878356367,0.00434862840267621,0.000621232628953744,0.000587722034546867,0.0616202137330365,0.0400998593462614,0.0831405681198116
"2021/03/14",0.0594154371409387,0.0215203543867751,0,0.0522836878356367,0.00434862840267621,0.000621232628953744,0.000587722034546867,0.0616202439314595,0.0400998895446844,0.0831405983182346
"2021/03/15",0.0594154371409387,0.0215203543867751,0,0.0522836878356367,0.00434862840267621,0.000621232628953744,0.000587722034546867,0.0616202741228956,0.0400999197361205,0.0831406285096707
"2021/03/16",0.0594154371409387,0.0215203543867751,0,0.0522836878356367,0.00434862840267621,0.000621232628953744,0.000587722034546867,0.0616203043078587,0.0400999499210836,0.0831406586946338
"2021/03/17",0.0594154371409387,0.0215203543867751,0,0.0522836878356367,0.00434862840267621,0.000621232628953744,0.000587722034546867,0.0616203344868647,0.0400999801000896,0.0831406888736397
"2021/03/18",0.0594154371409387,0.0215203543867751,0,0.0522836878356367,0.00434862840267621,0.000621232628953744,0.000587722034546867,0.0616203646604283,0.0401000102736532,0.0831407190472034
"2021/03/19",0.0594154371409387,0.0215203543867751,0,0.0522836878356367,0.00434862840267621,0.000621232628953744,0.000587722034546867,0.0616203948290639,0.0401000404422888,0.083140749215839
"2021/03/20",0.0594154371409387,0.0215203543867751,0,0.0522836878356367,0.00434862840267621,0.000621232628953744,0.000587722034546867,0.0616204249932863,0.0401000706065112,0.0831407793800614
"2021/03/21",0.0594154371409387,0.0215203543867751,0,0.0522836878356367,0.00434862840267621,0.000621232628953744,0.000587722034546867,0.0616204551535577,0.0401001007667827,0.0831408095403328
"2021/03/22",0.0594154371409387,0.0215203543867751,0,0.0522836878356367,0.00434862840267621,0.000621232628953744,0.000587722034546867,0.0616204853102104,0.0401001309234353,0.0831408396969855
"2021/03/23",0.0594154371409387,0.0215203543867751,0,0.0522836878356367,0.00434862840267621,0.000621232628953744,0.000587722034546867,0.0616205154635557,0.0401001610767806,0.0831408698503308
"2021/03/24",0.0594154371409387,0.0215203543867751,0,0.0522836878356367,0.00434862840267621,0.000621232628953744,0.000587722034546867,0.0616205456139059,0.0401001912271308,0.083140900000681
"2021/03/25",0.0594154371409387,0.0215203543867751,0,0.0522836878356367,0.00434862840267621,0.000621232628953744,0.000587722034546867,0.0616205757615732,0.0401002213747981,0.0831409301483483
"2021/03/26",0.0594154371409387,0.0215203543867751,0,0.0522836878356367,0.00434862840267621,0.000621232628953744,0.000587722034546867,0.0616206059068691,0.040100251520094,0.0831409602936442
"2021/03/27",0.0594154371409387,0.0215203543867751,0,0.0522836878356367,0.00434862840267621,0.000621232628953744,0.000587722034546867,0.0616206360501058,0.0401002816633307,0.0831409904368809
"2021/03/28",0.0594154371409387,0.0215203543867751,0,0.0522836878356367,0.00434862840267621,0.000621232628953744,0.000587722034546867,0.0616206661915955,0.0401003118048204,0.0831410205783706
"2021/03/29",0.0594154371409387,0.0215203543867751,0,0.0522836878356367,0.00434862840267621,0.000621232628953744,0.000587722034546867,0.0616206963316497,0.0401003419448746,0.0831410507184248
"2021/03/30",0.0594154371409387,0.0215203543867751,0,0.0522836878356367,0.00434862840267621,0.000621232628953744,0.000587722034546867,0.0616207264705401,0.040100372083765,0.0831410808573152
"2021/03/31",0.0594154371409387,0.0215203543867751,0,0.0522836878356367,0.00434862840267621,0.000621232628953744,0.000587722034546867,0.0616207566084091,0.040100402221634,0.0831411109951842
"2021/04/01",0.0594154371409387,0.0215203543867751,0,0.0522836878356367,0.00434862840267621,0.000621232628953744,0.000587722034546867,0.0616207867453748,0.0401004323585997,0.0831411411321499
"2021/04/02",0.0594154371409387,0.0215203543867751,0,0.0522836878356367,0.00434862840267621,0.000621232628953744,0.000587722034546867,0.0616208168815548,0.0401004624947797,0.0831411712683299
"2021/04/03",0.0594154371409387,0.0215203543867751,0,0.0522836878356367,0.00434862840267621,0.000621232628953744,0.000587722034546867,0.0616208470170673,0.0401004926302922,0.0831412014038424
"2021/04/04",0.0594154371409387,0.0215203543867751,0,0.0522836878356367,0.00434862840267621,0.000621232628953744,0.000587722034546867,0.0616208771520297,0.0401005227652546,0.0831412315388048
"2021/04/05",0.0594154371409387,0.0215203543867751,0,0.0522836878356367,0.00434862840267621,0.000621232628953744,0.000587722034546867,0.0616209072865601,0.040100552899785,0.0831412616733352
"2021/04/06",0.0594154371409387,0.0215203543867751,0,0.0522836878356367,0.00434862840267621,0.000621232628953744,0.000587722034546867,0.0616209374207762,0.0401005830340011,0.0831412918075513
"2021/04/07",0.0594154371409387,0.0215203543867751,0,0.0522836878356367,0.00434862840267621,0.000621232628953744,0.000587722034546867,0.061620967554796,0.0401006131680209,0.0831413219415711
