"","date","countrycode","population","cases_daily","deaths","cases_infected","cum_deaths","cases_contagious","cases_active","p_cases_infected","p_cases_daily","p_cases_contagious","p_cases_active"
"1","2020/01/01","EC",17373657,0,0,0,0,0,0,0,0,0,0
"2","2020/01/02","EC",17373657,0,0,0,0,0,0,0,0,0,0
"3","2020/01/03","EC",17373657,0,0,0,0,0,0,0,0,0,0
"4","2020/01/04","EC",17373657,0,0,0,0,0,0,0,0,0,0
"5","2020/01/05","EC",17373657,0,0,0,0,0,0,0,0,0,0
"6","2020/01/06","EC",17373657,0,0,0,0,0,0,0,0,0,0
"7","2020/01/07","EC",17373657,0,0,0,0,0,0,0,0,0,0
"8","2020/01/08","EC",17373657,0,0,0,0,0,0,0,0,0,0
"9","2020/01/09","EC",17373657,0,0,0,0,0,0,0,0,0,0
"10","2020/01/10","EC",17373657,0,0,0,0,0,0,0,0,0,0
"11","2020/01/11","EC",17373657,0,0,0,0,0,0,0,0,0,0
"12","2020/01/12","EC",17373657,0,0,0,0,0,0,0,0,0,0
"13","2020/01/13","EC",17373657,0,0,0,0,0,0,0,0,0,0
"14","2020/01/14","EC",17373657,0,0,0,0,0,0,0,0,0,0
"15","2020/01/15","EC",17373657,0,0,0,0,0,0,0,0,0,0
"16","2020/01/16","EC",17373657,0,0,0,0,0,0,0,0,0,0
"17","2020/01/17","EC",17373657,0,0,0,0,0,0,0,0,0,0
"18","2020/01/18","EC",17373657,0,0,0,0,0,0,0,0,0,0
"19","2020/01/19","EC",17373657,0,0,0,0,0,0,0,0,0,0
"20","2020/01/20","EC",17373657,0,0,0,0,0,0,0,0,0,0
"21","2020/01/21","EC",17373657,0,0,0,0,0,0,0,0,0,0
"22","2020/01/22","EC",17373657,0,0,0,0,0,0,0,0,0,0
"23","2020/01/23","EC",17373657,0,0,0,0,0,0,0,0,0,0
"24","2020/01/24","EC",17373657,0,0,0,0,0,0,0,0,0,0
"25","2020/01/25","EC",17373657,0,0,0,0,0,0,0,0,0,0
"26","2020/01/26","EC",17373657,0,0,0,0,0,0,0,0,0,0
"27","2020/01/27","EC",17373657,0,0,0,0,0,0,0,0,0,0
"28","2020/01/28","EC",17373657,0,0,0,0,0,0,0,0,0,0
"29","2020/01/29","EC",17373657,0,0,0,0,0,0,0,0,0,0
"30","2020/01/30","EC",17373657,0,0,0,0,0,0,0,0,0,0
"31","2020/01/31","EC",17373657,0,0,0,0,0,0,0,0,0,0
"32","2020/02/01","EC",17373657,0,0,0,0,0,0,0,0,0,0
"33","2020/02/02","EC",17373657,0,0,0,0,0,0,0,0,0,0
"34","2020/02/03","EC",17373657,0,0,0,0,0,0,0,0,0,0
"35","2020/02/04","EC",17373657,0,0,0,0,0,0,0,0,0,0
"36","2020/02/05","EC",17373657,0,0,0,0,0,0,0,0,0,0
"37","2020/02/06","EC",17373657,0,0,0,0,0,0,0,0,0,0
"38","2020/02/07","EC",17373657,0,0,0,0,0,0,0,0,0,0
"39","2020/02/08","EC",17373657,0,0,0,0,0,0,0,0,0,0
"40","2020/02/09","EC",17373657,0,0,0,0,0,0,0,0,0,0
"41","2020/02/10","EC",17373657,0,0,0,0,0,0,0,0,0,0
"42","2020/02/11","EC",17373657,0,0,0,0,0,0,0,0,0,0
"43","2020/02/12","EC",17373657,0,0,0,0,0,0,0,0,0,0
"44","2020/02/13","EC",17373657,0,0,0,0,0,0,0,0,0,0
"45","2020/02/14","EC",17373657,0,0,0,0,0,0,0,0,0,0
"46","2020/02/15","EC",17373657,0,0,0,0,0,0,0,0,0,0
"47","2020/02/16","EC",17373657,0,0,0,0,0,0,0,0,0,0
"48","2020/02/17","EC",17373657,0,0,0,0,0,0,0,0,0,0
"49","2020/02/18","EC",17373657,0,0,0,0,0,0,0,0,0,0
"50","2020/02/19","EC",17373657,0,0,0,0,0,0,0,0,0,0
"51","2020/02/20","EC",17373657,0,0,0,0,0,0,0,0,0,0
"52","2020/02/21","EC",17373657,0,0,0,0,0,0,0,0,0,0
"53","2020/02/22","EC",17373657,0,0,0,0,0,0,0,0,0,0
"54","2020/02/23","EC",17373657,0,0,0,0,0,0,0,0,0,0
"55","2020/02/24","EC",17373657,0,0,0,0,0,0,0,0,0,0
"56","2020/02/25","EC",17373657,0,0,0,0,0,0,0,0,0,0
"57","2020/02/26","EC",17373657,0,0,0,0,0,0,0,0,0,0
"58","2020/02/27","EC",17373657,0,0,0,0,0,0,0,0,0,0
"59","2020/02/28","EC",17373657,0,0,0,0,0,0,0,0,0,0
"60","2020/02/29","EC",17373657,0,0,0,0,0,0,0,0,0,0
"61","2020/03/01","EC",17373657,6,0,6,0,6,6,3.45350434856634e-07,3.45350434856634e-07,3.45350434856634e-07,3.45350434856634e-07
"62","2020/03/02","EC",17373657,0,0,6,0,6,6,3.45350434856634e-07,0,3.45350434856634e-07,3.45350434856634e-07
"63","2020/03/03","EC",17373657,1,0,7,0,7,7,4.02908840666073e-07,5.7558405809439e-08,4.02908840666073e-07,4.02908840666073e-07
"64","2020/03/04","EC",17373657,3,0,10,0,10,10,5.7558405809439e-07,1.72675217428317e-07,5.7558405809439e-07,5.7558405809439e-07
"65","2020/03/05","EC",17373657,3,0,13,0,13,13,7.48259275522707e-07,1.72675217428317e-07,7.48259275522707e-07,7.48259275522707e-07
"66","2020/03/06","EC",17373657,0,0,13,0,13,13,7.48259275522707e-07,0,7.48259275522707e-07,7.48259275522707e-07
"67","2020/03/07","EC",17373657,0,0,13,0,13,13,7.48259275522707e-07,0,7.48259275522707e-07,7.48259275522707e-07
"68","2020/03/08","EC",17373657,1,0,14,0,14,14,8.05817681332146e-07,5.7558405809439e-08,8.05817681332146e-07,8.05817681332146e-07
"69","2020/03/09","EC",17373657,1,0,15,0,15,15,8.63376087141585e-07,5.7558405809439e-08,8.63376087141585e-07,8.63376087141585e-07
"70","2020/03/10","EC",17373657,0,0,15,0,15,15,8.63376087141585e-07,0,8.63376087141585e-07,8.63376087141585e-07
"71","2020/03/11","EC",17373657,2,0,17,0,17,17,9.78492898760462e-07,1.15116811618878e-07,9.78492898760462e-07,9.78492898760462e-07
"72","2020/03/12","EC",17373657,0,0,17,0,17,17,9.78492898760462e-07,0,9.78492898760462e-07,9.78492898760462e-07
"73","2020/03/13","EC",17373657,0,0,17,0,11,17,9.78492898760462e-07,0,6.33142463903829e-07,9.78492898760462e-07
"74","2020/03/14","EC",17373657,11,2,28,2,22,28,1.61163536266429e-06,6.33142463903829e-07,1.26628492780766e-06,1.61163536266429e-06
"75","2020/03/15","EC",17373657,0,0,28,2,21,28,1.61163536266429e-06,0,1.20872652199822e-06,1.61163536266429e-06
"76","2020/03/16","EC",17373657,9,0,37,2,27,37,2.12966101494924e-06,5.18025652284951e-07,1.55407695685485e-06,2.12966101494924e-06
"77","2020/03/17","EC",17373657,21,0,58,2,45,58,3.33838753694746e-06,1.20872652199822e-06,2.59012826142475e-06,3.33838753694746e-06
"78","2020/03/18","EC",17373657,53,0,111,2,98,111,6.38898304484773e-06,3.05059550790027e-06,5.64072376932502e-06,6.38898304484773e-06
"79","2020/03/19","EC",17373657,88,1,199,3,186,193,1.14541227560784e-05,5.06513971123063e-06,1.07058634805556e-05,1.11087723212217e-05
"80","2020/03/20","EC",17373657,168,2,367,5,353,361,2.11239349320641e-05,9.66981217598575e-06,2.0318117250732e-05,2.07785844972075e-05
"81","2020/03/21","EC",17373657,139,2,506,7,491,499,2.91245533395761e-05,8.00061840751202e-06,2.82611772524345e-05,2.872164449891e-05
"82","2020/03/22","EC",17373657,283,7,789,14,774,779,4.54135821836473e-05,1.62890288440712e-05,4.45502060965058e-05,4.4837998125553e-05
"83","2020/03/23","EC",17373657,192,4,981,18,964,968,5.64647960990596e-05,1.10512139154123e-05,5.54863032002992e-05,5.57165368235369e-05
"84","2020/03/24","EC",17373657,101,9,1082,27,1065,1069,6.2278195085813e-05,5.81339898675334e-06,6.12997021870525e-05,6.15299358102903e-05
"85","2020/03/25","EC",17373657,91,1,1173,28,1156,1160,6.75160100144719e-05,5.23781492865895e-06,6.65375171157114e-05,6.67677507389492e-05
"86","2020/03/26","EC",17373657,230,6,1403,34,1375,1389,8.07544433506429e-05,1.3238433336171e-05,7.91428079879786e-05,7.99486256693107e-05
"87","2020/03/27","EC",17373657,192,2,1595,36,1567,1580,9.18056572660552e-05,1.10512139154123e-05,9.01940219033909e-05,9.09422811789136e-05
"88","2020/03/28","EC",17373657,228,12,1823,48,1786,1808,0.000104928973790607,1.31233165245521e-05,0.000102799312775658,0.000104065597703466
"89","2020/03/29","EC",17373657,101,10,1924,58,1866,1907,0.000110742372777361,5.81339898675334e-06,0.000107403985240413,0.0001097638798786
"90","2020/03/30","EC",17373657,38,2,1962,60,1851,1945,0.000112929592198119,2.18721942075868e-06,0.000106540609153272,0.000111951099299359
"91","2020/03/31","EC",17373657,278,15,2240,75,2041,2223,0.000128930829013143,1.6001236815024e-05,0.000117476706257065,0.000127952336114383
"92","2020/04/01","EC",17373657,508,18,2748,93,2381,2720,0.000158170499164338,2.9239670151195e-05,0.000137046564232274,0.000156558863801674
"93","2020/04/02","EC",17373657,415,27,3163,120,2657,3135,0.000182057237575255,2.38867384109172e-05,0.000152932684235679,0.000180445602212591
"94","2020/04/03","EC",17373657,205,25,3368,145,2579,3331,0.00019385671076619,1.1799473190935e-05,0.000148443128582543,0.000191727049751241
"95","2020/04/04","EC",17373657,97,27,3465,172,2484,3407,0.000199439876129706,5.58316536351558e-06,0.000142975080030646,0.000196101488592759
"96","2020/04/05","EC",17373657,181,8,3646,180,2564,3535,0.000209857947581214,1.04180714515085e-05,0.000147579752495402,0.000203468964536367
"97","2020/04/06","EC",17373657,101,11,3747,191,2574,3548,0.000215671346567968,5.81339898675334e-06,0.000148155336553496,0.000204217223811889
"98","2020/04/07","EC",17373657,0,0,3747,191,2344,3380,0.000215671346567968,0,0.000134916903217325,0.000194547411635904
"99","2020/04/08","EC",17373657,703,51,4450,242,2855,3944,0.000256134905852003,4.04635592840356e-05,0.000164329248585948,0.000227010352512427
"100","2020/04/09","EC",17373657,515,30,4965,272,3142,4176,0.000285777484843864,2.96425789918611e-05,0.000180848511053257,0.000240363902660217
"101","2020/04/10","EC",17373657,2196,25,7161,297,5237,6180,0.000412175744001392,0.000126398259157528,0.000301433371224032,0.000355710947902333
"102","2020/04/11","EC",17373657,96,18,7257,315,5295,6175,0.000417701350959099,5.52560695770614e-06,0.000304771758760979,0.000355423155873286
"103","2020/04/12","EC",17373657,209,18,7466,333,5226,6293,0.000429731057773271,1.20297068141727e-05,0.000300800228760128,0.000362215047758799
"104","2020/04/13","EC",17373657,63,22,7529,355,4781,6126,0.000433357237339266,3.62617956599466e-06,0.000275186738174928,0.000352602793988623
"105","2020/04/14","EC",17373657,74,14,7603,369,4440,6008,0.000437616559369164,4.25932202989848e-06,0.000255559321793909,0.000345810902103109
"106","2020/04/15","EC",17373657,255,19,7858,388,4490,6035,0.000452293952850571,1.46773934814069e-05,0.000258437242084381,0.000347364979059964
"107","2020/04/16","EC",17373657,367,15,8225,403,4760,6301,0.000473417887782636,2.11239349320641e-05,0.00027397801165293,0.000362675515005275
"108","2020/04/17","EC",17373657,225,18,8450,421,4804,6488,0.000486368529089759,1.29506413071238e-05,0.000276510581508545,0.00037343893689164
"109","2020/04/18","EC",17373657,572,35,9022,456,5275,6782,0.000519291937212758,3.29234081229991e-05,0.000303620590644791,0.000390361108199615
"110","2020/04/19","EC",17373657,446,18,9468,474,5721,6720,0.000544962986203768,2.56710489910098e-05,0.0003292916396358,0.00038679248703943
"111","2020/04/20","EC",17373657,660,33,10128,507,5678,6965,0.000582951534037998,3.79885478342297e-05,0.000326816628185994,0.000400894296462742
"112","2020/04/21","EC",17373657,270,13,10398,520,5433,7030,0.000598492303606546,1.55407695685485e-05,0.000312714818762682,0.000404635592840356
"113","2020/04/22","EC",17373657,452,17,10850,537,3689,7385,0.000624508703032413,2.60163994258664e-05,0.00021233295903102,0.000425068826902707
"114","2020/04/23","EC",17373657,333,23,11183,560,3926,7537,0.000643675652166956,1.91669491345432e-05,0.000225974301207857,0.000433817704585742
"115","2020/04/24","EC",17373657,11536,16,22719,576,15253,18972,0.00130766942158464,0.000663993769417688,0.000877938363811373,0.00109199807501668
"116","2020/04/25","EC",17373657,0,0,22719,576,15190,18972,0.00130766942158464,0,0.000874312184245378,0.00109199807501668
"117","2020/04/26","EC",17373657,0,0,22719,576,15116,18269,0.00130766942158464,0,0.000870052862215479,0.00105153451573264
"118","2020/04/27","EC",17373657,521,87,23240,663,15382,18275,0.00133765735101136,2.99879294267177e-05,0.00088536339816079,0.0010518798661675
"119","2020/04/28","EC",17373657,1018,208,24258,871,16033,17097,0.00139625180812537,5.85944571140089e-05,0.000922833920342735,0.000984076064123978
"120","2020/04/29","EC",17373657,417,12,24675,883,16225,17418,0.00142025366334791,2.4001855222536e-05,0.000933885134258147,0.00100255231238881
"121","2020/04/30","EC",17373657,259,17,24934,900,15912,17468,0.00143516129045255,1.49076271046447e-05,0.000915869353239793,0.00100543023267928
"122","2020/05/01","EC",17373657,1402,163,26336,1063,16868,18807,0.00151585817539738,8.06968849448334e-05,0.000970895189193617,0.00108250093805812
"123","2020/05/02","EC",17373657,1128,308,27464,1371,17336,19861,0.00158078405715043,6.49258817530472e-05,0.000997832523112434,0.00114316749778127
"124","2020/05/03","EC",17373657,2074,193,29538,1564,19140,21680,0.00170016019079921,0.000119376133648776,0.00110166788719266,0.00124786623794864
"125","2020/05/04","EC",17373657,2343,5,31881,1569,21031,23656,0.00183501953561072,0.000134859344811515,0.00121051083257831,0.00136160164782809
"126","2020/05/05","EC",17373657,0,0,31881,1569,20698,23431,0.00183501953561072,0,0.00119134388344377,0.00134865100652096
"127","2020/05/06","EC",17373657,0,49,31881,1618,9162,22859,0.00183501953561072,0,0.00052735011402608,0.00131572759839797
"128","2020/05/07","EC",17373657,-1583,36,30298,1654,7579,20830,0.00174390457921438,9.11149563963419e-05,0.000436235157629738,0.00119894159301061
"129","2020/05/08","EC",17373657,-1480,50,28818,1704,6099,18690,0.00165871813861641,8.51864405979697e-05,0.000351048717031768,0.00107576660457841
"130","2020/05/09","EC",17373657,253,13,29071,1717,5831,18673,0.0016732804152862,1.45622766697881e-05,0.000335623064274839,0.00107478811167965
"131","2020/05/10","EC",17373657,488,410,29559,2127,5301,18709,0.00170136891732121,2.80885020350062e-05,0.000305117109195836,0.00107686021428879
"132","2020/05/11","EC",17373657,-50,18,29509,2145,4834,18326,0.00169849099703073,2.87792029047195e-06,0.000278237333682828,0.00105481534486378
"133","2020/05/12","EC",17373657,910,182,30419,2327,5485,7700,0.00175086914631732,5.23781492865895e-05,0.000315707855864773,0.00044319972473268
"134","2020/05/13","EC",17373657,67,7,30486,2334,4150,7767,0.00175472555950656,3.85641318923241e-06,0.000238867384109172,0.000447056137921912
"135","2020/05/14","EC",17373657,16,4,30502,2338,3038,7783,0.00175564649399951,9.20934492951024e-07,0.000174862436849076,0.000447977072414864
"136","2020/05/15","EC",17373657,965,256,31467,2594,1929,8227,0.00181119035560562,5.55438616061086e-05,0.000111030164806408,0.000473533004594254
"137","2020/05/16","EC",17373657,1296,94,32763,2688,882,8505,0.00188578604953465,7.45956939290329e-05,5.07665139239252e-05,0.000489534241409278
"138","2020/05/17","EC",17373657,419,48,33182,2736,1301,8507,0.0019099030215688,2.41169720341549e-05,7.48834859580801e-05,0.000489649358220897
"139","2020/05/18","EC",17373657,400,63,33582,2799,1701,8648,0.00193292638389258,2.30233623237756e-05,9.79068482818557e-05,0.000497765093440028
"140","2020/05/19","EC",17373657,569,40,34151,2839,3853,7815,0.00196567711679815,3.27507329055708e-05,0.000221772537583768,0.000449818941400766
"141","2020/05/20","EC",17373657,703,49,34854,2888,6036,7390,0.00200614067608219,4.04635592840356e-05,0.000347422537465774,0.000425356618931754
"142","2020/05/21","EC",17373657,452,51,35306,2939,6235,5768,0.00203215707550805,2.60163994258664e-05,0.000358876660221852,0.000331996884708844
"143","2020/05/22","EC",17373657,522,117,35828,3056,6269,3947,0.00206220256334058,3.00454878325271e-05,0.000360833646019373,0.000227183027729856
"144","2020/05/23","EC",17373657,430,40,36258,3096,6749,4377,0.00208695267783864,2.47501144980588e-05,0.000388461680807904,0.000251933142227914
"145","2020/05/24","EC",17373657,498,12,36756,3108,6337,4875,0.00211561676393174,2.86640860931006e-05,0.000364747617614415,0.000280597228321015
"146","2020/05/25","EC",17373657,599,95,37355,3203,6869,7057,0.00215009424901159,3.44774850798539e-05,0.000395368689505036,0.000406189669797211
"147","2020/05/26","EC",17373657,0,0,37355,3203,6853,8537,0.00215009424901159,0,0.000394447755012085,0.00049137611039518
"148","2020/05/27","EC",17373657,748,72,38103,3275,6636,9032,0.00219314793655705,4.30536875454603e-05,0.000381957580951437,0.000519867521270853
"149","2020/05/28","EC",17373657,368,38,38471,3313,5708,8912,0.00221432942989493,2.11814933378735e-05,0.000328543380360278,0.00051296051257372
"150","2020/05/29","EC",17373657,100,21,38571,3334,5389,9062,0.00222008527047587,5.7558405809439e-06,0.000310182248907067,0.000521594273445136
"151","2020/05/30","EC",17373657,0,0,38571,3334,4989,8152,0.00222008527047587,0,0.000287158886583291,0.000469216124158546
"152","2020/05/31","EC",17373657,527,24,39098,3358,4947,8612,0.00225041855033744,3.03332798615743e-05,0.000284741433539295,0.000495692990830888
"153","2020/06/01","EC",17373657,0,0,39098,3358,4244,8596,0.00225041855033744,0,0.000244277874255259,0.000494772056337937
"154","2020/06/02","EC",17373657,1316,80,40414,3438,5108,8947,0.00232616541238267,7.57468620452217e-05,0.000294008336874614,0.00051497505677705
"155","2020/06/03","EC",17373657,552,48,40966,3486,5138,8203,0.00235793765238948,3.17722400068103e-05,0.000295735089048897,0.000472151602854828
"156","2020/06/04","EC",17373657,0,0,40966,3486,4708,7784,0.00235793765238948,0,0.000270984974550839,0.000448034630820673
"157","2020/06/05","EC",17373657,609,48,41575,3534,4819,7993,0.00239299072152743,3.50530691379483e-05,0.000277373957595686,0.000460064337634846
"158","2020/06/06","EC",17373657,1153,74,42728,3608,5373,8577,0.00245935556342571,6.63648418982831e-05,0.000309261314414116,0.000493678446627558
"159","2020/06/07","EC",17373657,392,13,43120,3621,5765,8266,0.00248191845850301,2.25628950773001e-05,0.000331824209491416,0.000475777782420823
"160","2020/06/08","EC",17373657,258,21,43378,3642,5275,8072,0.00249676852720184,1.48500686988353e-05,0.000303620590644791,0.000464611451693791
"161","2020/06/09","EC",17373657,539,48,43917,3690,5446,8089,0.00252779250793313,3.10239807312876e-05,0.000313463078038205,0.000465589944592552
"162","2020/06/10","EC",17373657,523,30,44440,3720,5869,8182,0.00255789555417147,3.01030462383366e-05,0.000337810283695597,0.00047094287633283
"163","2020/06/11","EC",17373657,0,0,44440,3720,5869,7684,0.00255789555417147,0,0.000337810283695597,0.000442278790239729
"164","2020/06/12","EC",17373657,1338,108,45778,3828,6680,8423,0.0026349087011445,7.70131469730293e-05,0.000384490150807052,0.000484814452132904
"165","2020/06/13","EC",17373657,578,46,46356,3874,7258,9001,0.00266817745970235,3.32687585578557e-05,0.000417758909364908,0.00051808321069076
"166","2020/06/14","EC",17373657,395,22,46751,3896,6337,8648,0.00269091302999708,2.27355702947284e-05,0.000364747617614415,0.000497765093440028
"167","2020/06/15","EC",17373657,571,33,47322,3929,6356,8851,0.00272377887971427,3.28658497171896e-05,0.000365841227324794,0.000509449449819344
"168","2020/06/16","EC",17373657,621,41,47943,3970,6977,9372,0.00275952264972193,3.57437700076616e-05,0.000401584997332456,0.000539437379246062
"169","2020/06/17","EC",17373657,547,37,48490,4007,6915,9919,0.0027910070976997,3.14844479777631e-05,0.00039801637617227,0.000570921827223825
"170","2020/06/18","EC",17373657,607,80,49097,4087,6369,9999,0.00282594505002602,3.49379523263295e-05,0.000366589486600317,0.00057552649968858
"171","2020/06/19","EC",17373657,634,69,49731,4156,6611,10633,0.00286243707930921,3.64920292831843e-05,0.000380518620806201,0.000612018528971765
"172","2020/06/20","EC",17373657,0,0,49731,4156,6353,9317,0.00286243707930921,0,0.000365668552107366,0.000536271666926543
"173","2020/06/21","EC",17373657,909,67,50640,4223,6723,9674,0.00291475767018999,5.232059088078e-05,0.000386965162256858,0.000556820017800513
"174","2020/06/22","EC",17373657,0,0,50640,4223,6200,9674,0.00291475767018999,0,0.000356862116018522,0.000556820017800513
"175","2020/06/23","EC",17373657,1003,51,51643,4274,7203,10068,0.00297248875121686,5.77310810268673e-05,0.000414593197045389,0.000579498029689431
"176","2020/06/24","EC",17373657,0,0,51643,4274,5865,8915,0.00297248875121686,0,0.00033758005007236,0.000513133187791148
"177","2020/06/25","EC",17373657,1513,69,53156,4343,6800,10036,0.00305957461920654,8.70858679896812e-05,0.000391397159504185,0.000577656160703529
"178","2020/06/26","EC",17373657,700,63,53856,4406,7105,10478,0.00309986550327315,4.02908840666073e-05,0.000408952473276064,0.000603096976071301
"179","2020/06/27","EC",17373657,718,18,54574,4424,7252,10657,0.00314119243864432,4.13269353711772e-05,0.000417413558930051,0.000613399930711191
"180","2020/06/28","EC",17373657,681,5,55255,4429,7312,10815,0.00318038971300055,3.91972743562279e-05,0.000420867063278618,0.000622494158829082
"181","2020/06/29","EC",17373657,410,73,55665,4502,7175,11225,0.00320398865938242,2.359894638187e-05,0.000412981561682725,0.000646093105210952
"182","2020/06/30","EC",17373657,767,25,56432,4527,7335,10654,0.00324813595663826,4.41472972558397e-05,0.000422190906612235,0.000613227255493763
"183","2020/07/01","EC",17373657,1825,49,58257,4576,8526,11901,0.00335318004724049,0.000105044090602226,0.000490742967931277,0.000685002587538133
"184","2020/07/02","EC",17373657,1211,63,59468,4639,9737,12717,0.00342288327667572,6.97032294352306e-05,0.000560446197366507,0.000731970246678635
"185","2020/07/03","EC",17373657,1189,61,60657,4700,10017,13335,0.00349132022118314,6.84369445074229e-05,0.00057656255099315,0.000767541341468869
"186","2020/07/04","EC",17373657,878,69,61535,4769,10895,13592,0.00354185650148383,5.05362803006874e-05,0.000627098831293838,0.000782333851761894
"187","2020/07/05","EC",17373657,423,12,61958,4781,10315,13468,0.00356620370714122,2.43472056573927e-05,0.000593714955924363,0.000775196609441524
"188","2020/07/06","EC",17373657,422,40,62380,4821,10737,13283,0.0035904933543928,2.42896472515832e-05,0.000618004603175946,0.000764548304366778
"189","2020/07/07","EC",17373657,865,52,63245,4873,10089,13514,0.00364028137541797,4.97880210251647e-05,0.00058070675621143,0.000777844296108758
"190","2020/07/08","EC",17373657,0,0,63245,4873,9389,13514,0.00364028137541797,0,0.000540415872144822,0.000777844296108758
"191","2020/07/09","EC",17373657,976,27,64221,4900,9647,13581,0.00369645837948798,5.61770040700124e-05,0.000555265940843658,0.000781700709297991
"192","2020/07/10","EC",17373657,797,39,65018,4939,9763,14378,0.0037423324289181,4.58740494301229e-05,0.000561942715917553,0.000827574758728114
"193","2020/07/11","EC",17373657,2191,92,67209,5031,11544,15566,0.00386844289604658,0.000126110467128481,0.000664454236664164,0.000895954144829727
"194","2020/07/12","EC",17373657,661,16,67870,5047,11438,16227,0.00390648900228662,3.80461062400392e-05,0.000658353045648363,0.000934000251069766
"195","2020/07/13","EC",17373657,589,16,68459,5063,10202,15303,0.00394039090330838,3.39019010217596e-05,0.000587210856067896,0.000880816284101845
"196","2020/07/14","EC",17373657,1111,67,69570,5130,10102,15714,0.00400433829216267,6.39473888542867e-05,0.000581455015486952,0.000904472788889524
"197","2020/07/15","EC",17373657,759,28,70329,5158,9672,15755,0.00404802512217203,4.36868300093642e-05,0.000556704900988894,0.000906832683527711
"198","2020/07/16","EC",17373657,1036,49,71365,5207,9830,16110,0.00410765563059061,5.96305084185788e-05,0.000565799129106785,0.000927265917590062
"199","2020/07/17","EC",17373657,1079,43,72444,5250,10486,16779,0.004169761150459,6.21055198683846e-05,0.000603557443317777,0.000965772491076576
"200","2020/07/18","EC",17373657,938,32,73382,5282,11002,16950,0.00422375093510825,5.39897846492538e-05,0.000633257580715448,0.000975614978469991
"201","2020/07/19","EC",17373657,631,31,74013,5313,10768,15756,0.00426007028917401,3.6319354065756e-05,0.000619788913756039,0.00090689024193352
"202","2020/07/20","EC",17373657,607,5,74620,5318,11375,15152,0.00429500824150034,3.49379523263295e-05,0.000654726866082368,0.000872124964824619
"203","2020/07/21","EC",17373657,1597,48,76217,5366,11996,15560,0.00438692901557801,9.1920774077674e-05,0.00069047063609003,0.00089560879439487
"204","2020/07/22","EC",17373657,1040,52,77257,5418,12239,15722,0.00444678975761983,5.98607420418165e-05,0.000704457328701724,0.000904933256135999
"205","2020/07/23","EC",17373657,891,21,78148,5439,10939,16190,0.00449807429719604,5.12845395762101e-05,0.000629631401149453,0.000931870590054817
"206","2020/07/24","EC",17373657,901,29,79049,5468,11179,16669,0.00454993442083034,5.18601236343045e-05,0.000643445418543718,0.000959441066437538
"207","2020/07/25","EC",17373657,987,39,80036,5507,11577,16791,0.00460674456736426,5.68101465339163e-05,0.000666353664055875,0.00096646319194629
"208","2020/07/26","EC",17373657,658,8,80694,5515,11124,17449,0.00464461799838687,3.78734310226108e-05,0.000640279706224199,0.0010043366229689
"209","2020/07/27","EC",17373657,467,17,81161,5532,10832,16940,0.00467149777389988,2.6879775513008e-05,0.000623472651727843,0.000975039394411896
"210","2020/07/28","EC",17373657,1118,52,82279,5584,10914,17261,0.00473584807159483,6.43502976949528e-05,0.000628192441004217,0.000993515642676726
"211","2020/07/29","EC",17373657,914,39,83193,5623,10749,15984,0.00478845645450466,5.26083829098272e-05,0.000618695304045659,0.000920013558458072
"212","2020/07/30","EC",17373657,1177,34,84370,5657,10988,16500,0.00485620269814237,6.77462436377097e-05,0.000632451763034115,0.000949713695855743
"213","2020/07/31","EC",17373657,985,45,85355,5702,11342,16896,0.00491289772786466,5.66950297222974e-05,0.000652827438690657,0.000972506824556281
"214","2020/08/01","EC",17373657,877,34,86232,5736,11612,16662,0.00496337644975954,5.0478721894878e-05,0.000668368208259205,0.000959038157596872
"215","2020/08/02","EC",17373657,0,0,86232,5736,10015,15903,0.00496337644975954,0,0.000576447434181531,0.000915351327587508
"216","2020/08/03","EC",17373657,809,31,87041,5767,9784,15676,0.00500994120005938,4.65647502998361e-05,0.000563151442439551,0.000902285569468765
"217","2020/08/04","EC",17373657,922,41,87963,5808,9815,15519,0.00506301005021568,5.30688501563027e-05,0.000564935753019644,0.000893248899756683
"218","2020/08/05","EC",17373657,903,39,88866,5847,9817,15484,0.0051149852906616,5.19752404459234e-05,0.000565050869831262,0.000891234355553353
"219","2020/08/06","EC",17373657,1671,30,90537,5877,10501,16524,0.00521116538676918,9.61800961075725e-05,0.000604420819404919,0.000951095097595169
"220","2020/08/07","EC",17373657,1432,20,91969,5897,11275,17349,0.00529358902388829,8.24236371191166e-05,0.000648971025501424,0.000998580782387957
"221","2020/08/08","EC",17373657,1603,19,93572,5916,12411,17355,0.00538585514840082,9.22661245125307e-05,0.000714357374500947,0.000998926132822813
"222","2020/08/09","EC",17373657,887,6,94459,5922,12180,17202,0.0054369094543538,5.10543059529724e-05,0.000701061382758967,0.000990119696733969
"223","2020/08/10","EC",17373657,242,10,94701,5932,11508,16553,0.00545083858855968,1.39291342058842e-05,0.000662382134055024,0.000952764291363643
"224","2020/08/11","EC",17373657,862,19,95563,5951,11193,16514,0.00550045393436742,4.96153458077364e-05,0.00064425123622505,0.000950519513537075
"225","2020/08/12","EC",17373657,1547,33,97110,5984,11755,17074,0.00558949678815462,8.90428537872021e-05,0.000676599060289955,0.000982752220790361
"226","2020/08/13","EC",17373657,1233,26,98343,6010,12111,17649,0.00566046630251766,7.09695143630383e-05,0.000697089852758115,0.00101584830413079
"227","2020/08/14","EC",17373657,1066,20,99409,6030,13177,18248,0.00572182356311052,6.13572605928619e-05,0.000758447113350977,0.00105032578921064
"228","2020/08/15","EC",17373657,1279,35,100688,6065,13647,18409,0.00579544076414079,7.36172010302724e-05,0.000785499564081414,0.00105959269254596
"229","2020/08/16","EC",17373657,854,5,101542,6070,13579,18349,0.00584459564270205,4.91548785612609e-05,0.000781585592486372,0.0010561391881974
"230","2020/08/17","EC",17373657,209,13,101751,6083,12885,17381,0.00585662534951622,1.20297068141727e-05,0.000741640058854621,0.00100042265137386
"231","2020/08/18","EC",17373657,1190,22,102941,6105,12404,17586,0.00592511985242946,6.84945029132324e-05,0.000713954465660281,0.00101222212456479
"232","2020/08/19","EC",17373657,1534,41,104475,6146,12506,18243,0.00601341444694114,8.82945945116794e-05,0.000719825423052844,0.0010500379971816
"233","2020/08/20","EC",17373657,1033,54,105508,6200,11936,19276,0.00607287228014229,5.94578332011505e-05,0.000687017131741463,0.00110949583038275
"234","2020/08/21","EC",17373657,973,48,106481,6248,12022,19440,0.00612887660899487,5.60043288525841e-05,0.000691967154641075,0.00111893540893549
"235","2020/08/22","EC",17373657,608,29,107089,6277,12388,19126,0.00616387211972701,3.49955107321389e-05,0.00071303353116733,0.00110086206951133
"236","2020/08/23","EC",17373657,680,33,107769,6310,12206,18903,0.00620301183567743,3.91397159504185e-05,0.000702557901310012,0.00108802654501582
"237","2020/08/24","EC",17373657,520,12,108289,6322,11179,17752,0.00623294220669834,2.99303710209083e-05,0.000643445418543718,0.00102177681992916
"238","2020/08/25","EC",17373657,741,46,109030,6368,10687,17061,0.00627559298540313,4.26507787047943e-05,0.000615126682885474,0.000982003961514838
"239","2020/08/26","EC",17373657,1519,42,110549,6410,11140,16977,0.00636302420382767,8.74312184245378e-05,0.00064120064071715,0.000977169055426845
"240","2020/08/27","EC",17373657,670,61,111219,6471,10531,16760,0.00640158833571999,3.85641318923241e-05,0.000606147571579202,0.000964678881366197
"241","2020/08/28","EC",17373657,922,33,112141,6504,10599,17440,0.0064546571858763,5.30688501563027e-05,0.000610061543174244,0.00100381859731662
"242","2020/08/29","EC",17373657,765,33,112906,6537,11155,17343,0.00649868936632052,4.40321804442208e-05,0.000642064016804292,0.0009982354319531
"243","2020/08/30","EC",17373657,742,18,113648,6555,10707,16538,0.00654139770343112,4.27083371106037e-05,0.000616277851001663,0.000951900915276502
"244","2020/08/31","EC",17373657,119,1,113767,6556,9292,15424,0.00654824715372244,6.84945029132324e-06,0.000534832706781307,0.000887780851204787
"245","2020/09/01","EC",17373657,542,15,114309,6571,8801,14900,0.00657944380967116,3.11966559487159e-05,0.000506571529528872,0.000857620246560641
"246","2020/09/02","EC",17373657,1148,48,115457,6619,8976,14769,0.00664552085954039,6.60770498692359e-05,0.000516644250545524,0.000850080095399604
"247","2020/09/03","EC",17373657,903,29,116360,6648,9271,14818,0.00669749609998632,5.19752404459234e-05,0.000533623980259309,0.000852900457284267
"248","2020/09/04","EC",17373657,815,26,117175,6674,9406,15424,0.00674440620072101,4.69101007346928e-05,0.000541394365043583,0.000887780851204787
"249","2020/09/05","EC",17373657,870,50,118045,6724,9756,15104,0.00679448201377522,5.00758130542119e-05,0.000561539807076887,0.000869362161345766
"250","2020/09/06","EC",17373657,0,0,118045,6724,9015,13570,0.00679448201377522,0,0.000518889028372092,0.000781067566834087
"251","2020/09/07","EC",17373657,-7953,3852,110092,10576,-457,4584,0.00633672001237276,0.000457762001402468,2.63041914549136e-05,0.000263847732230468
"252","2020/09/08","EC",17373657,665,51,110757,10627,-462,4276,0.00637499635223603,3.82763398632769e-05,2.65919834839608e-05,0.000246119743241161
"253","2020/09/09","EC",17373657,1409,74,112166,10701,25,5077,0.00645609614602153,8.10997937854995e-05,1.43896014523597e-06,0.000292224026294522
"254","2020/09/10","EC",17373657,1040,48,113206,10749,300,5437,0.00651595688806335,5.98607420418165e-05,1.72675217428317e-05,0.00031294505238592
"255","2020/09/11","EC",17373657,1526,87,114732,10836,1084,6443,0.00660379101532855,8.78341272652039e-05,6.23933118974318e-05,0.000370848808630215
"256","2020/09/12","EC",17373657,1719,28,116451,10864,2684,7421,0.00670273391491498,9.89428995864256e-05,0.000154486761192534,0.000427140929511847
"257","2020/09/13","EC",17373657,2143,39,118594,10903,4285,8045,0.00682608157856461,0.000123347663649628,0.000246637768893446,0.000463057374736936
"258","2020/09/14","EC",17373657,317,19,118911,10922,3454,7692,0.0068443275932062,1.82460146415922e-05,0.000198806733665802,0.000442739257486205
"259","2020/09/15","EC",17373657,642,41,119553,10963,3193,7412,0.00688128008973586,3.69524965296598e-05,0.000183783989749539,0.000426622903859562
"260","2020/09/16","EC",17373657,1972,33,121525,10996,4350,8619,0.00699478526599207,0.000113505176256214,0.00025037906527106,0.000496095899671554
"261","2020/09/17","EC",17373657,732,33,122257,11029,4212,8609,0.00703691801904458,4.21327530525093e-05,0.000242436005269357,0.00049552031561346
"262","2020/09/18","EC",17373657,1872,15,124129,11044,6084,10362,0.00714466735471985,0.00010774933567527,0.000350185340944627,0.000596420200997407
"263","2020/09/19","EC",17373657,1491,40,125620,11084,15528,11311,0.00723048693778172,8.58195830618735e-05,0.000893766925408968,0.000651043128110564
"264","2020/09/20","EC",17373657,799,6,126419,11090,15662,10962,0.00727647610402346,4.59891662417417e-05,0.000901479751787433,0.00063095524448307
"265","2020/09/21","EC",17373657,292,5,126711,11095,14545,10351,0.00729328315851982,1.68070544963562e-05,0.00083718701249829,0.000595787058533503
"266","2020/09/22","EC",17373657,932,31,127643,11126,14437,10468,0.00734692759273422,5.36444342143971e-05,0.00083097070467087,0.000602521392013207
"267","2020/09/23","EC",17373657,2249,45,129892,11171,15160,11847,0.00747637644739965,0.000129448854665428,0.000872585432071095,0.000681894433624423
"268","2020/09/24","EC",17373657,1254,42,131146,11213,14695,13101,0.00754855468828468,7.21782408850365e-05,0.000845820773369706,0.00075407267450946
"269","2020/09/25","EC",17373657,1329,23,132475,11236,13881,22383,0.00762504980960543,7.64951213207444e-05,0.000798968231040822,0.00128832979723267
"270","2020/09/26","EC",17373657,1506,37,133981,11273,15070,23224,0.00771173276875444,8.66829591490151e-05,0.000867405175548245,0.00133673641651841
"271","2020/09/27","EC",17373657,766,6,134747,11279,15194,22581,0.00775582250760447,4.40897388500302e-05,0.000874542417868616,0.00129972636158294
"272","2020/09/28","EC",17373657,218,1,134965,11280,13440,21759,0.00776837024007093,1.25477324664577e-05,0.00077358497407886,0.00125241335200758
"273","2020/09/29","EC",17373657,784,32,135749,11312,13492,21017,0.00781349603022553,4.51257901546001e-05,0.000776578011180951,0.00120970501489698
"274","2020/09/30","EC",17373657,1298,43,137047,11355,12918,20596,0.00788820684096618,7.47108107406518e-05,0.000743539486246333,0.00118547292605121
"275","2020/10/01","EC",17373657,1537,78,138584,11433,12964,19990,0.00797667411069529,8.84672697291077e-05,0.000746187172913567,0.00115059253213068
"276","2020/10/02","EC",17373657,950,62,139534,11495,13115,20623,0.00803135459621426,5.4680485518967e-05,0.000754878492190792,0.00118702700300806
"277","2020/10/03","EC",17373657,817,102,140351,11597,13640,20798,0.00807837981376057,4.70252175463116e-05,0.000785096655240748,0.00119709972402471
"278","2020/10/04","EC",17373657,683,50,141034,11647,13391,19509,0.00811769220492842,3.93123911678468e-05,0.000770764612194197,0.00112290693893634
"279","2020/10/05","EC",17373657,305,34,141339,11681,11447,19082,0.00813524751870029,1.75553137718789e-05,0.000658871071300648,0.00109832949965571
"280","2020/10/06","EC",17373657,717,21,142056,11702,10910,17927,0.00817651689566566,4.12693769653677e-05,0.000627962207380979,0.00103184954094581
"281","2020/10/07","EC",17373657,1475,41,143531,11743,11056,17911,0.00826141554423458,8.48986485689225e-05,0.000636365734629157,0.00103092860645286
"282","2020/10/08","EC",17373657,1514,398,145045,12141,11064,18626,0.00834855897063008,8.71434263954906e-05,0.000636826201875633,0.00107208286660661
"283","2020/10/09","EC",17373657,803,34,145848,12175,11101,19137,0.00839477837049506,4.62193998649795e-05,0.000638955862890582,0.00110149521197523
"284","2020/10/10","EC",17373657,980,13,146828,12188,11863,19185,0.00845118560818831,5.64072376932502e-05,0.000682815368117375,0.00110425801545409
"285","2020/10/11","EC",17373657,205,3,147033,12191,11284,17141,0.00846298508137924,1.1799473190935e-05,0.000649489051153709,0.000986608633979593
"286","2020/10/12","EC",17373657,282,27,147315,12218,10268,16169,0.0084792165518175,1.62314704382618e-05,0.000591009710851319,0.000930661863532819
"287","2020/10/13","EC",17373657,856,17,148171,12235,9587,15696,0.00852848654719038,4.92699953728798e-05,0.000551812436495091,0.000903436737584954
"288","2020/10/14","EC",17373657,912,29,149083,12264,9549,15102,0.00858097981328859,5.24932660982083e-05,0.000549625217074333,0.000869247044534147
"289","2020/10/15","EC",17373657,1277,42,150360,12306,10009,15613,0.00865448189750724,7.35020842186536e-05,0.000576102083746675,0.000898659389902771
"290","2020/10/16","EC",17373657,1299,51,151659,12357,10625,16694,0.00872925026665371,7.47683691464612e-05,0.000611558061725289,0.000960880026582774
"291","2020/10/17","EC",17373657,763,18,152422,12375,11083,16673,0.00877316733028631,4.39170636326019e-05,0.000637919811586012,0.000959671300060776
"292","2020/10/18","EC",17373657,867,12,153289,12387,11233,16242,0.00882307046812309,4.99031378367836e-05,0.000646553572457428,0.000934863627156908
"293","2020/10/19","EC",17373657,134,8,153423,12395,9892,14839,0.00883078329450156,7.71282637846482e-06,0.00056936775026697,0.000854109183806265
"294","2020/10/20","EC",17373657,692,9,154115,12404,9070,14581,0.00887061371132169,3.98304168201318e-05,0.000522054740691611,0.00083925911510743
"295","2020/10/21","EC",17373657,1510,49,155625,12453,9777,15274,0.00895752690409394,8.69131927722528e-05,0.000562748533598885,0.000879147090333371
"296","2020/10/22","EC",17373657,826,47,156451,12500,9623,15417,0.00900507014729254,4.75432431985966e-05,0.000553884539104231,0.000887377942364121
"297","2020/10/23","EC",17373657,1819,28,158270,12528,11237,16931,0.0091097688874599,0.000104698740167369,0.000646783806080666,0.000974521368759611
"298","2020/10/24","EC",17373657,1344,14,159614,12542,12299,17558,0.00918712738486779,7.7358497407886e-05,0.00070791083305029,0.00101061048920213
"299","2020/10/25","EC",17373657,2021,11,161635,12553,13464,18104,0.00930345292300867,0.000116325538140876,0.000774966375818286,0.00104203737877408
"300","2020/10/26","EC",17373657,543,20,162178,12573,13095,17133,0.00933470713736319,3.12542143545254e-05,0.000753727324074603,0.000986148166733118
"301","2020/10/27","EC",17373657,1014,15,163192,12588,12832,17344,0.00939307136085396,5.83642234907711e-05,0.000738589463346721,0.000998292990358909
"302","2020/10/28","EC",17373657,1716,20,164908,12608,13249,18080,0.00949184158522296,9.87702243689973e-05,0.000762591318569257,0.00104065597703466
"303","2020/10/29","EC",17373657,1394,14,166302,12622,13880,19269,0.00957207800292132,8.02364176983579e-05,0.000798910672635013,0.00110909292154208
"304","2020/10/30","EC",17373657,845,10,167147,12632,13858,19832,0.00962071485583029,4.86368529089759e-05,0.000797644387707205,0.00114149830401279
"305","2020/10/31","EC",17373657,1045,38,168192,12670,14769,20021,0.00968086338990116,6.01485340708637e-05,0.000850080095399604,0.00115237684271078
"306","2020/11/01","EC",17373657,1002,14,169194,12684,15079,20111,0.00973853691252222,5.76735226210578e-05,0.00086792320120053,0.00115755709923363
"307","2020/11/02","EC",17373657,368,8,169562,12692,13937,19202,0.00975971840586009,2.11814933378735e-05,0.000802191501766151,0.00110523650835285
"308","2020/11/03","EC",17373657,548,6,170110,12698,13659,18451,0.00979126041224366,3.15420063835726e-05,0.000786190264951127,0.00106201014558996
"309","2020/11/04","EC",17373657,1323,6,171433,12704,13163,19011,0.00986741018312955,7.61497708858877e-05,0.000757641295669645,0.00109424285284324
"310","2020/11/05","EC",17373657,350,26,171783,12730,12169,18494,0.00988755562516285,2.01454420333036e-05,0.000700428240295063,0.00106448515703976
"311","2020/11/06","EC",17373657,725,31,172508,12761,10873,19085,0.0099292854693747,4.17298442118433e-05,0.00062583254636603,0.00109850217487314
"312","2020/11/07","EC",17373657,978,54,173486,12815,11308,19371,0.00998557759025633,5.62921208816313e-05,0.000650870452893136,0.00111496387893464
"313","2020/11/08","EC",17373657,1421,15,174907,12830,11715,19282,0.0100673680849115,8.17904946552128e-05,0.000674296724057577,0.0011098411808176
"314","2020/11/09","EC",17373657,362,9,175269,12839,10361,18818,0.0100882042278146,2.08361429030169e-05,0.000596362642591597,0.00108313408052202
"315","2020/11/10","EC",17373657,442,10,175711,12849,9409,17441,0.0101136450431823,2.5440815367772e-05,0.000541567040261011,0.00100387615572243
"316","2020/11/11","EC",17373657,919,71,176630,12920,9483,17016,0.0101665412181212,5.28961749388744e-05,0.00054582636229091,0.000979413833253413
"317","2020/11/12","EC",17373657,883,26,177513,12946,9321,15878,0.0102173652904509,5.08240723297346e-05,0.000536501900549781,0.000913912367442272
"318","2020/11/13","EC",17373657,1161,31,178674,12977,9480,16496,0.0102841905995957,6.68253091447586e-05,0.000545653687073481,0.000949483462232505
"319","2020/11/14","EC",17373657,953,20,179627,12997,10065,16435,0.0103390437603321,5.48531607363953e-05,0.000579325354472003,0.000945972399478129
"320","2020/11/15","EC",17373657,668,11,180295,13008,10185,15387,0.0103774927754128,3.84490150807052e-05,0.000586232363169136,0.000885651190189837
"321","2020/11/16","EC",17373657,381,8,180676,13016,9243,14374,0.0103994225280262,2.19297526133962e-05,0.000532012344896644,0.000827344525104876
"322","2020/11/17","EC",17373657,428,9,181104,13025,9321,13957,0.0104240575257126,2.46349976864399e-05,0.000536501900549781,0.00080334266988234
"323","2020/11/18","EC",17373657,1146,27,182250,13052,9742,14058,0.0104900194587703,6.59619330576171e-05,0.000560733989395554,0.000809156068869093
"324","2020/11/19","EC",17373657,996,21,183246,13073,9760,14052,0.0105473476309565,5.73281721862012e-05,0.000561770040700124,0.000808810718434236
"325","2020/11/20","EC",17373657,594,22,183840,13095,8933,14278,0.0105815373240073,3.41896930508067e-05,0.000514169239095718,0.00082181891814717
"326","2020/11/21","EC",17373657,1036,44,184876,13139,9607,14766,0.0106411678324258,5.96305084185788e-05,0.00055296360461128,0.000849907420182176
"327","2020/11/22","EC",17373657,767,62,185643,13201,9932,14210,0.0106853151296817,4.41472972558397e-05,0.000571670086499348,0.000817904946552128
"328","2020/11/23","EC",17373657,301,24,185944,13225,9314,14161,0.0107026402098303,1.73250801486411e-05,0.000536098991709115,0.000815084584667465
"329","2020/11/24","EC",17373657,492,39,186436,13264,8923,13928,0.0107309589454886,2.8318735658244e-05,0.000513593655037624,0.000801673476113866
"330","2020/11/25","EC",17373657,794,24,187230,13288,8556,13744,0.0107766603197013,4.57013742126945e-05,0.00049246972010556,0.000791082729444929
"331","2020/11/26","EC",17373657,908,28,188138,13316,8511,13231,0.0108289233521762,5.22630324749706e-05,0.000489879591844135,0.000761555267264687
"332","2020/11/27","EC",17373657,1396,42,189534,13358,9239,14265,0.0109092748866862,8.03515345099768e-05,0.000531782111273407,0.000821070658871647
"333","2020/11/28","EC",17373657,1375,13,190909,13371,10233,15198,0.0109884176946742,7.91428079879786e-05,0.000588995166647989,0.000874772651491853
"334","2020/11/29","EC",17373657,1208,52,192117,13423,11013,15487,0.011057948248892,6.95305542178023e-05,0.000633890723179351,0.000891407030770781
"335","2020/11/30","EC",17373657,568,38,192685,13461,10435,15172,0.0110906414233917,3.26931744997613e-05,0.000600621964621496,0.000873276132940808
"336","2020/12/01","EC",17373657,988,40,193673,13501,10427,14999,0.0111475091283315,5.68677049397257e-05,0.00060016149737502,0.000863318528735775
"337","2020/12/02","EC",17373657,1203,61,194876,13562,11036,15249,0.0112167518905202,6.92427621887551e-05,0.000635214566512968,0.000877708130188135
"338","2020/12/03","EC",17373657,1008,50,195884,13612,11008,15589,0.0112747707635761,5.80188730559145e-05,0.000633602931150304,0.000897277988163344
"339","2020/12/04","EC",17373657,598,84,196482,13696,10839,15806,0.0113091906902502,3.44199266740445e-05,0.000623875560568509,0.000909768162223992
"340","2020/12/05","EC",17373657,909,60,197391,13756,11447,16287,0.011361511281131,5.232059088078e-05,0.000658871071300648,0.000937453755418332
"341","2020/12/06","EC",17373657,607,22,197998,13778,11562,15748,0.0113964492334573,3.49379523263295e-05,0.000665490287968733,0.000906429774687045
"342","2020/12/07","EC",17373657,246,2,198244,13780,11014,14998,0.0114106086012864,1.4159367829122e-05,0.000633948281585161,0.000863260970329966
"343","2020/12/08","EC",17373657,508,14,198752,13794,10614,14912,0.0114398482714376,2.9239670151195e-05,0.000610924919261385,0.000858310947430354
"344","2020/12/09","EC",17373657,476,20,199228,13814,9694,14352,0.0114672460726029,2.7397801165293e-05,0.000557971185916701,0.000826078240177068
"345","2020/12/10","EC",17373657,1151,36,200379,13850,9470,14736,0.0115334957976896,6.62497250866642e-05,0.000545078103015387,0.000848180668007893
"346","2020/12/11","EC",17373657,386,8,200765,13858,8648,14821,0.011555713342332,2.22175446424434e-05,0.000497765093440028,0.000853073132501695
"347","2020/12/12","EC",17373657,759,16,201524,13874,8839,15088,0.0115994001723414,4.36868300093642e-05,0.000508758748949631,0.000868441226852815
"348","2020/12/13","EC",17373657,586,1,202110,13875,8437,14880,0.0116331293981457,3.37292258043312e-05,0.000485620269814237,0.000856469078444452
"349","2020/12/14","EC",17373657,70,0,202180,13875,7304,14042,0.0116371584865524,4.02908840666073e-06,0.000420406596032142,0.000808235134376142
"350","2020/12/15","EC",17373657,176,21,202356,13896,6472,12822,0.0116472887659748,1.01302794224613e-05,0.000372518002398689,0.000738013879288626
"351","2020/12/16","EC",17373657,1105,19,203461,13915,6979,12552,0.0117108908043943,6.36020384194301e-05,0.000401700114144075,0.000722473109720078
"352","2020/12/17","EC",17373657,788,17,204249,13932,6858,12132,0.0117562468281721,4.53560237778379e-05,0.000394735547041132,0.000698298579280114
"353","2020/12/18","EC",17373657,754,10,205003,13942,7005,12318,0.0117996458661524,4.3399037980317e-05,0.00040319663269512,0.000709004442760669
"354","2020/12/19","EC",17373657,917,6,205920,13948,7676,12247,0.0118524269242797,5.27810581272555e-05,0.000441818322993254,0.000704917795948199
"355","2020/12/20","EC",17373657,337,0,206257,13948,7505,11381,0.0118718241070375,1.93971827577809e-05,0.000431975835599839,0.000655072216517225
"356","2020/12/21","EC",17373657,72,1,206329,13949,7101,10445,0.0118759683122557,4.14420521827961e-06,0.000408722239652826,0.00060119754867959
"357","2020/12/22","EC",17373657,35,0,206364,13949,5985,9882,0.0118779828564591,2.01454420333036e-06,0.000344487058769492,0.000568792166208876
"358","2020/12/23","EC",17373657,720,13,207084,13962,6319,9693,0.0119194249086419,4.14420521827961e-05,0.000363711566309845,0.000557913627510892
"359","2020/12/24","EC",17373657,926,15,208010,13977,6486,10012,0.0119727239924214,5.32990837795405e-05,0.000373323820080021,0.000576274758964103
"360","2020/12/25","EC",17373657,818,7,208828,13984,6718,10584,0.0120198067683735,4.70827759521211e-05,0.000386677370227811,0.000609198167087102
"361","2020/12/26","EC",17373657,446,6,209274,13990,7094,10522,0.0120454778173645,2.56710489910098e-05,0.00040831933081216,0.000605629545926917
"362","2020/12/27","EC",17373657,81,2,209355,13992,6999,10127,0.0120501400482351,4.66223087056456e-06,0.000402851282260263,0.000582893975632188
"363","2020/12/28","EC",17373657,403,2,209758,13994,6297,9379,0.0120733360857763,2.31960375412039e-05,0.000362445281382037,0.000539840288086728
"364","2020/12/29","EC",17373657,568,7,210326,14001,6077,9561,0.0121060292602761,3.26931744997613e-05,0.000349782432103961,0.000550315917944046
"365","2020/12/30","EC",17373657,1186,22,211512,14023,6509,9988,0.0121742935295661,6.82642692899946e-05,0.000374647663413638,0.000574893357224676
"366","2020/12/31","EC",17373657,1000,11,212512,14034,6592,10402,0.0122318519353755,5.7558405809439e-05,0.000379425011095822,0.000598722537229784
"367","2021/01/01","EC",17373657,866,17,213378,14051,7121,11198,0.0122816975148065,4.98455794309741e-05,0.000409873407769015,0.000644539028254098
"368","2021/01/02","EC",17373657,1135,8,214513,14059,8184,12157,0.0123470263054002,6.53287905937132e-05,0.000471057993144449,0.00069973753942535
"369","2021/01/03","EC",17373657,101,0,214614,14059,8250,11153,0.0123528397043869,5.81339898675334e-06,0.000474856847927871,0.000641948899992673
"370","2021/01/04","EC",17373657,466,10,215080,14069,7996,10831,0.0123796619214941,2.68222171071986e-05,0.000460237012852274,0.000623415093322033
"371","2021/01/05","EC",17373657,1003,34,216083,14103,8073,11080,0.012437393002521,5.77310810268673e-05,0.000464669010099601,0.000637747136368584
"372","2021/01/06","EC",17373657,1294,43,217377,14146,8549,11457,0.0125118735796384,7.4480577117414e-05,0.000492066811264894,0.000659446655358742
"373","2021/01/07","EC",17373657,1008,12,218385,14158,9111,12128,0.0125698924526943,5.80188730559145e-05,0.000524414635329798,0.000698068345656876
"374","2021/01/08","EC",17373657,763,7,219148,14165,9793,12819,0.0126138095163269,4.39170636326019e-05,0.000563669468091836,0.000737841204071198
"375","2021/01/09","EC",17373657,1201,12,220349,14177,10591,13985,0.0126829371617041,6.91276453771362e-05,0.000609601075927768,0.000804954305245004
"376","2021/01/10","EC",17373657,721,0,221070,14177,10744,13986,0.0127244367722927,4.14996105886055e-05,0.000618407512016612,0.000805011863650813
"377","2021/01/11","EC",17373657,436,7,221506,14184,9994,13496,0.0127495322372256,2.50954649329154e-05,0.000575238707659533,0.000776808244804188
"378","2021/01/12","EC",17373657,1061,12,222567,14196,10055,13739,0.0128106017057894,6.10694685638147e-05,0.000578749770413909,0.000790794937415882
"379","2021/01/13","EC",17373657,1748,33,224315,14229,10937,15041,0.0129112137991443,0.000100612093354899,0.000629516284337834,0.000865735981779771
"380","2021/01/14","EC",17373657,1687,17,226002,14246,11489,16647,0.0130083148297448,9.71010306005235e-05,0.000661288524344644,0.000958174781509731
"381","2021/01/15","EC",17373657,864,27,226866,14273,12252,17108,0.0130580452923642,4.97304626193553e-05,0.000705205587977246,0.000984709206587882
"382","2021/01/16","EC",17373657,3942,43,230808,14316,15728,20482,0.013284940528065,0.000226895235700808,0.000905278606570856,0.00117891126778893
"383","2021/01/17","EC",17373657,674,3,231482,14319,15399,19970,0.0133237348935806,3.87943655155619e-05,0.000886341891059551,0.0011494413640145
"384","2021/01/18","EC",17373657,162,3,231644,14322,14267,19132,0.0133330593553217,9.32446174112911e-06,0.000821185775683266,0.00110120741994619
"385","2021/01/19","EC",17373657,924,60,232568,14382,14183,19190,0.0133862433222896,5.31839669679216e-05,0.000816350869595273,0.00110454580748313
"386","2021/01/20","EC",17373657,1747,55,234315,14437,15167,19802,0.0134867978572387,0.00010055453494909,0.000872988340911761,0.00113977155183851
"387","2021/01/21","EC",17373657,1874,89,236189,14526,15840,21575,0.0135946623097256,0.000107864452486889,0.000911725148021513,0.00124182260533865
"388","2021/01/22","EC",17373657,969,36,237158,14562,16088,22078,0.0136504364049549,5.57740952293464e-05,0.000925999632662254,0.00127077448346079
"389","2021/01/23","EC",17373657,1074,34,238232,14596,16726,22149,0.0137122541327943,6.18177278393374e-05,0.000962721895568676,0.00127486113027326
"390","2021/01/24","EC",17373657,3060,27,241292,14623,18725,23915,0.0138883828545711,0.000176128721776883,0.00107778114878174,0.00137650927493273
"391","2021/01/25","EC",17373657,275,16,241567,14639,17252,23182,0.0139042114161687,1.58285615975957e-05,0.000992997617024441,0.00133431896347441
"392","2021/01/26","EC",17373657,579,29,242146,14668,16144,22998,0.0139375377331324,3.33263169636652e-05,0.000929222903387583,0.00132372821680548
"393","2021/01/27","EC",17373657,1389,36,243535,14704,16669,23186,0.0140174863588017,7.99486256693107e-05,0.000959441066437538,0.00133454919709765
"394","2021/01/28","EC",17373657,2465,62,246000,14766,15192,24930,0.014159367829122,0.000141881470320267,0.000874427301056997,0.00143493105682931
"395","2021/01/29","EC",17373657,687,36,246687,14802,15205,25181,0.0141989104539131,3.95426247910846e-05,0.000875175560332519,0.00144937821668748
"396","2021/01/30","EC",17373657,3092,49,249779,14851,18135,27212,0.0143768810446759,0.000177970590762785,0.00104382168935418,0.00156627933888645
"397","2021/01/31","EC",17373657,1049,8,250828,14859,18260,26513,0.01443725981237,6.03787676941015e-05,0.00105101649008036,0.00152604601322566
"398","2021/02/01","EC",17373657,158,31,250986,14890,16671,24984,0.0144463540404878,9.09422811789136e-06,0.000959556183249157,0.00143803921074302
"399","2021/02/02","EC",17373657,293,25,251279,14915,15090,24413,0.01446321865339,1.68646129021656e-05,0.000868556343664434,0.00140517336102583
"400","2021/02/03","EC",17373657,1111,34,252390,14949,15232,21582,0.0145271660422443,6.39473888542867e-05,0.000876729637289374,0.00124222551417931
"401","2021/02/04","EC",17373657,949,19,253339,14968,15107,21857,0.0145817889693575,5.46229271131576e-05,0.000869534836563195,0.00125805407577691
"402","2021/02/05","EC",17373657,2073,14,255412,14982,14120,23768,0.0147011075446004,0.000119318575242967,0.000812724690029278,0.00136804818927875
"403","2021/02/06","EC",17373657,1703,22,257115,15004,15548,24547,0.0147991295096939,9.80219650934746e-05,0.000894918093525157,0.0014128861874043
"404","2021/02/07","EC",17373657,1167,8,258282,15012,16136,23967,0.0148663001692735,6.71706595796153e-05,0.000928762436141107,0.00137950231203482
"405","2021/02/08","EC",17373657,325,1,258607,15013,15072,22418,0.0148850066511616,1.87064818880677e-05,0.000867520292359864,0.001290344341436
"406","2021/02/09","EC",17373657,1176,73,259783,15086,13783,22625,0.0149526953363935,6.76886852319002e-05,0.000793327507271497,0.00130225893143856
"407","2021/02/10","EC",17373657,293,30,260076,15116,13389,21844,0.0149695599492956,1.68646129021656e-05,0.000770649495382578,0.00125730581650138
"408","2021/02/11","EC",17373657,2137,58,262213,15174,12434,20921,0.0150925622625104,0.000123002313214771,0.000715681217834564,0.00120417940793927
"409","2021/02/12","EC",17373657,1304,46,263517,15220,12689,21950,0.0151676184236859,7.50561611755084e-05,0.000730358611315971,0.00126340700751719
"410","2021/02/13","EC",17373657,2010,49,265527,15269,14541,23381,0.0152833108193629,0.000115692395676972,0.000836956778875052,0.00134577308623049
"411","2021/02/14","EC",17373657,1696,52,267223,15321,15944,23688,0.0153809298756157,9.76190562528085e-05,0.000917711222225695,0.00136344351681399
"412","2021/02/15","EC",17373657,478,34,267701,15355,15311,21701,0.0154084427935926,2.75129179769118e-05,0.00088127675134832,0.00124907496447064
"413","2021/02/16","EC",17373657,372,37,268073,15392,14734,21386,0.0154298545205537,2.14117269611113e-05,0.000848065551196274,0.00123094406664066
"414","2021/02/17","EC",17373657,146,2,268219,15394,12807,18440,0.0154382580478019,8.40352724817809e-06,0.000737150503201485,0.00106137700312605
"415","2021/02/18","EC",17373657,1641,50,269860,15444,12745,19032,0.0155327113917352,9.44533439332893e-05,0.0007335818820413,0.00109545157936524
"416","2021/02/19","EC",17373657,1416,30,271276,15474,12994,20290,0.0156142140943614,8.15027026261656e-05,0.00074791392508785,0.00116786005387352
"417","2021/02/20","EC",17373657,1821,39,273097,15513,14490,21818,0.0157190279513404,0.000104813856978988,0.000834021300178771,0.00125580929795034
"418","2021/02/21","EC",17373657,1576,23,274673,15536,14890,22283,0.015809739998896,9.07120475556758e-05,0.000857044662502546,0.00128257395665173
"419","2021/02/22","EC",17373657,295,11,274968,15547,14892,21629,0.0158267197286098,1.69797297137845e-05,0.000857159779314165,0.00124493075925236
"420","2021/02/23","EC",17373657,812,20,275780,15567,13567,20368,0.0158734571541271,4.67374255172644e-05,0.000780894891616659,0.00117234960952665
"421","2021/02/24","EC",17373657,2999,67,278779,15634,15262,21664,0.0160460748131496,0.000172617659022507,0.000878456389463658,0.00124694530345569
"422","2021/02/25","EC",17373657,2390,35,281169,15669,15642,22887,0.0161836394030341,0.000137564589884559,0.000900328583671244,0.00131733923376063
"423","2021/02/26","EC",17373657,1430,44,282599,15713,15376,23992,0.0162659479233416,8.23085203074977e-05,0.000885018047725934,0.00138094127218006
"424","2021/02/27","EC",17373657,1748,66,284347,15779,16646,24564,0.0163665600166965,0.000100612093354899,0.000958117223103921,0.00141386468030306
"425","2021/02/28","EC",17373657,1808,32,286155,15811,18082,26079,0.0164706256144,0.000104065597703466,0.00104077109384628,0.00150106566510436
"426","2021/03/01","EC",17373657,212,21,286367,15832,18148,24154,0.0164828279964316,1.22023820316011e-05,0.0010445699486297,0.00139026573392119
"427","2021/03/02","EC",17373657,358,18,286725,15850,16865,23208,0.0165034339057114,2.06059092797791e-05,0.000970722513976188,0.00133581548202546
"428","2021/03/03","EC",17373657,2747,71,289472,15921,18196,23945,0.0166615468464699,0.000158112940758529,0.00104733275210855,0.00137823602710702
"429","2021/03/04","EC",17373657,263,38,289735,15959,16638,22512,0.0166766847071978,1.51378607278824e-05,0.000957656755857446,0.00129575483158209
"430","2021/03/05","EC",17373657,1335,38,291070,15997,16397,23369,0.0167535251789534,7.6840471755601e-05,0.000943785180057371,0.00134508238536078
"431","2021/03/06","EC",17373657,1873,23,292943,16020,17975,24870,0.0168613320730345,0.000107806894081079,0.00103461234442467,0.00143147755248075
"432","2021/03/07","EC",17373657,1560,19,294503,16039,18723,26284,0.0169511231860972,8.97911130627248e-05,0.00107766603197013,0.00151286513829529
"433","2021/03/08","EC",17373657,115,4,294618,16043,15839,24758,0.0169577424027653,6.61921666808548e-06,0.000911667589615704,0.00142503101103009
"434","2021/03/09","EC",17373657,496,26,295114,16069,13945,23838,0.0169862913720468,2.85489692814817e-05,0.000802651969012626,0.00137207727768541
"435","2021/03/10","EC",17373657,1727,36,296841,16105,14242,23744,0.0170856947388797,9.94033668329011e-05,0.00081974681553803,0.00136666678753932
"436","2021/03/11","EC",17373657,1116,23,297957,16128,13610,23284,0.017149929919763,6.42351808833339e-05,0.000783369903066464,0.00134018992086698
"437","2021/03/12","EC",17373657,1259,65,299216,16193,13061,24248,0.0172223959526771,7.24660329140837e-05,0.000751770338277082,0.00139567622406728
"438","2021/03/13","EC",17373657,1450,22,300666,16215,14299,24886,0.0173058556411008,8.34596884236865e-05,0.000823027644669168,0.0014323984869737
"439","2021/03/14","EC",17373657,1555,21,302221,16236,15496,23442,0.0173953589621345,8.95033210336776e-05,0.000891925056423066,0.00134928414898487
"440","2021/03/15","EC",17373657,277,4,302498,16240,13026,21329,0.0174113026405437,1.59436784092146e-05,0.000749755794073752,0.00122766323750952
"441","2021/03/16","EC",17373657,356,19,302854,16259,13119,20255,0.0174317934330118,2.04907924681603e-05,0.00075510872581403,0.00116584550967019
"442","2021/03/17","EC",17373657,2744,41,305598,16300,14528,21251,0.0175897336985529,0.000157940265541101,0.000836208519599529,0.00122317368185639
"443","2021/03/18","EC",17373657,0,0,305598,16300,12655,19443,0.0175897336985529,0,0.00072840162551845,0.00111910808415292
