"date","country","region","population","p_cases_infected","p_cases_recent","p_cases_active"
2020-03-23,"GB","GBENG",56286961,0,0,0
2020-03-23,"GB","GBNIR",1893667,0,0,0
2020-03-23,"GB","GBSCT",5463300,0,0,0
2020-03-23,"GB","GBWLS",3152879,0,0,0
2020-03-24,"GB","GBENG",56286961,0,0,0
2020-03-24,"GB","GBNIR",1893667,0,0,0
2020-03-24,"GB","GBSCT",5463300,0.1,NA,NA
2020-03-24,"GB","GBWLS",3152879,0,0,0
2020-03-25,"GB","GBENG",56286961,0,0,0
2020-03-25,"GB","GBNIR",1893667,0,0,0
2020-03-25,"GB","GBSCT",5463300,0.1,NA,NA
2020-03-25,"GB","GBWLS",3152879,0,0,0
2020-03-26,"GB","GBENG",56286961,0,0,0
2020-03-26,"GB","GBNIR",1893667,0,0,0
2020-03-26,"GB","GBSCT",5463300,0.06,NA,NA
2020-03-26,"GB","GBWLS",3152879,0,0,0
2020-03-27,"GB","GBENG",56286961,0,0,0
2020-03-27,"GB","GBNIR",1893667,0,0,0
2020-03-27,"GB","GBSCT",5463300,0.06,NA,NA
2020-03-27,"GB","GBWLS",3152879,0,0,0
2020-03-28,"GB","GBENG",56286961,0,0,0
2020-03-28,"GB","GBNIR",1893667,0,0,0
2020-03-28,"GB","GBSCT",5463300,0.06,NA,NA
2020-03-28,"GB","GBWLS",3152879,0,0,0
2020-03-29,"GB","GBENG",56286961,0,0,0
2020-03-29,"GB","GBNIR",1893667,0,0,0
2020-03-29,"GB","GBSCT",5463300,0.06,NA,NA
2020-03-29,"GB","GBWLS",3152879,0,0,0
2020-03-30,"GB","GBENG",56286961,0,0,0
2020-03-30,"GB","GBNIR",1893667,0,0,0
2020-03-30,"GB","GBSCT",5463300,0.06,NA,NA
2020-03-30,"GB","GBWLS",3152879,0,0,0
2020-03-31,"GB","GBENG",56286961,0,0,0
2020-03-31,"GB","GBNIR",1893667,0,0,0
2020-03-31,"GB","GBSCT",5463300,0.06,NA,NA
2020-03-31,"GB","GBWLS",3152879,0,0,0
2020-04-01,"GB","GBENG",56286961,0,0,0
2020-04-01,"GB","GBNIR",1893667,0,0,0
2020-04-01,"GB","GBSCT",5463300,0.06,NA,NA
2020-04-01,"GB","GBWLS",3152879,0,0,0
2020-04-02,"GB","GBENG",56286961,0,0,0
2020-04-02,"GB","GBNIR",1893667,0,0,0
2020-04-02,"GB","GBSCT",5463300,0.06,NA,NA
2020-04-02,"GB","GBWLS",3152879,0,0,0
2020-04-03,"GB","GBENG",56286961,0,0,0
2020-04-03,"GB","GBNIR",1893667,0,0,0
2020-04-03,"GB","GBSCT",5463300,0.06,NA,NA
2020-04-03,"GB","GBWLS",3152879,0,0,0
2020-04-04,"GB","GBENG",56286961,0,0,0
2020-04-04,"GB","GBNIR",1893667,0,0,0
2020-04-04,"GB","GBSCT",5463300,0.06,NA,NA
2020-04-04,"GB","GBWLS",3152879,0,0,0
2020-04-05,"GB","GBENG",56286961,0,0,0
2020-04-05,"GB","GBNIR",1893667,0,0,0
2020-04-05,"GB","GBSCT",5463300,0.06,NA,NA
2020-04-05,"GB","GBWLS",3152879,0,0,0
2020-04-06,"GB","GBENG",56286961,0,0,0
2020-04-06,"GB","GBNIR",1893667,0,0,0
2020-04-06,"GB","GBSCT",5463300,0.06,NA,NA
2020-04-06,"GB","GBWLS",3152879,0,0,0
2020-04-07,"GB","GBENG",56286961,0,0,0
2020-04-07,"GB","GBNIR",1893667,0,0,0
2020-04-07,"GB","GBSCT",5463300,0.06,NA,NA
2020-04-07,"GB","GBWLS",3152879,0,0,0
2020-04-08,"GB","GBENG",56286961,0,0,0
2020-04-08,"GB","GBNIR",1893667,0,0,0
2020-04-08,"GB","GBSCT",5463300,0.06,NA,NA
2020-04-08,"GB","GBWLS",3152879,0,0,0
2020-04-09,"GB","GBENG",56286961,0,0,0
2020-04-09,"GB","GBNIR",1893667,0,0,0
2020-04-09,"GB","GBSCT",5463300,0.06,NA,NA
2020-04-09,"GB","GBWLS",3152879,0,0,0
2020-04-10,"GB","GBENG",56286961,0,0,0
2020-04-10,"GB","GBNIR",1893667,0,0,0
2020-04-10,"GB","GBSCT",5463300,0.06,NA,NA
2020-04-10,"GB","GBWLS",3152879,0,0,0
2020-04-11,"GB","GBENG",56286961,0,0,0
2020-04-11,"GB","GBNIR",1893667,0,0,0
2020-04-11,"GB","GBSCT",5463300,0.06,NA,NA
2020-04-11,"GB","GBWLS",3152879,0,0,0
2020-04-12,"GB","GBENG",56286961,0,0,0
2020-04-12,"GB","GBNIR",1893667,0,0,0
2020-04-12,"GB","GBSCT",5463300,0.06,NA,NA
2020-04-12,"GB","GBWLS",3152879,0,0,0
2020-04-13,"GB","GBENG",56286961,0,0,0
2020-04-13,"GB","GBNIR",1893667,0,0,0
2020-04-13,"GB","GBSCT",5463300,0.06,NA,NA
2020-04-13,"GB","GBWLS",3152879,0,0,0
2020-04-14,"GB","GBENG",56286961,0,0,0
2020-04-14,"GB","GBNIR",1893667,0,0,0
2020-04-14,"GB","GBSCT",5463300,0.06,NA,NA
2020-04-14,"GB","GBWLS",3152879,0,0,0
2020-04-15,"GB","GBENG",56286961,0,0,0
2020-04-15,"GB","GBNIR",1893667,0,0,0
2020-04-15,"GB","GBSCT",5463300,0.06,NA,NA
2020-04-15,"GB","GBWLS",3152879,0,0,0
2020-04-16,"GB","GBENG",56286961,0.06,NA,NA
2020-04-16,"GB","GBNIR",1893667,0,0,0
2020-04-16,"GB","GBSCT",5463300,0.06,NA,NA
2020-04-16,"GB","GBWLS",3152879,0,0,0
2020-04-17,"GB","GBENG",56286961,0.05,NA,NA
2020-04-17,"GB","GBNIR",1893667,0,0,0
2020-04-17,"GB","GBSCT",5463300,0.06,NA,NA
2020-04-17,"GB","GBWLS",3152879,0,0,0
2020-04-18,"GB","GBENG",56286961,0.05,NA,NA
2020-04-18,"GB","GBNIR",1893667,0,0,0
2020-04-18,"GB","GBSCT",5463300,0.06,NA,NA
2020-04-18,"GB","GBWLS",3152879,0,0,0
2020-04-19,"GB","GBENG",56286961,0.05,NA,NA
2020-04-19,"GB","GBNIR",1893667,0,0,0
2020-04-19,"GB","GBSCT",5463300,0.06,NA,NA
2020-04-19,"GB","GBWLS",3152879,0,0,0
2020-04-20,"GB","GBENG",56286961,0.0666666666666667,NA,NA
2020-04-20,"GB","GBNIR",1893667,0,0,0
2020-04-20,"GB","GBSCT",5463300,0.06,NA,NA
2020-04-20,"GB","GBWLS",3152879,0,0,0
2020-04-21,"GB","GBENG",56286961,0.0666666666666667,NA,NA
2020-04-21,"GB","GBNIR",1893667,0,0,0
2020-04-21,"GB","GBSCT",5463300,0.06,NA,NA
2020-04-21,"GB","GBWLS",3152879,0,0,0
2020-04-22,"GB","GBENG",56286961,0.0666666666666667,NA,NA
2020-04-22,"GB","GBNIR",1893667,0,0,0
2020-04-22,"GB","GBSCT",5463300,0.06,NA,NA
2020-04-22,"GB","GBWLS",3152879,0,0,0
2020-04-23,"GB","GBENG",56286961,0.0666666666666667,NA,NA
2020-04-23,"GB","GBNIR",1893667,0,0,0
2020-04-23,"GB","GBSCT",5463300,0.06,NA,NA
2020-04-23,"GB","GBWLS",3152879,0,0,0
2020-04-24,"GB","GBENG",56286961,0.0666666666666667,NA,NA
2020-04-24,"GB","GBNIR",1893667,0,0,0
2020-04-24,"GB","GBSCT",5463300,0.06,NA,NA
2020-04-24,"GB","GBWLS",3152879,0,0,0
2020-04-25,"GB","GBENG",56286961,0.0666666666666667,NA,NA
2020-04-25,"GB","GBNIR",1893667,0,0,0
2020-04-25,"GB","GBSCT",5463300,0.06,NA,NA
2020-04-25,"GB","GBWLS",3152879,0,0,0
2020-04-26,"GB","GBENG",56286961,0.0666666666666667,NA,NA
2020-04-26,"GB","GBNIR",1893667,0,0,0
2020-04-26,"GB","GBSCT",5463300,0.06,NA,NA
2020-04-26,"GB","GBWLS",3152879,0,0,0
2020-04-27,"GB","GBENG",56286961,0.0454545454545455,NA,NA
2020-04-27,"GB","GBNIR",1893667,0,0,0
2020-04-27,"GB","GBSCT",5463300,0.06,NA,NA
2020-04-27,"GB","GBWLS",3152879,0,0,0
2020-04-28,"GB","GBENG",56286961,0.0454545454545455,NA,NA
2020-04-28,"GB","GBNIR",1893667,0,0,0
2020-04-28,"GB","GBSCT",5463300,0.06,NA,NA
2020-04-28,"GB","GBWLS",3152879,0,0,0
2020-04-29,"GB","GBENG",56286961,0.0454545454545455,NA,NA
2020-04-29,"GB","GBNIR",1893667,0,0,0
2020-04-29,"GB","GBSCT",5463300,0.06,NA,NA
2020-04-29,"GB","GBWLS",3152879,0,0,0
2020-04-30,"GB","GBENG",56286961,0.0454545454545455,NA,NA
2020-04-30,"GB","GBNIR",1893667,0,0,0
2020-04-30,"GB","GBSCT",5463300,0.06,NA,NA
2020-04-30,"GB","GBWLS",3152879,0,0,0
2020-05-01,"GB","GBENG",56286961,0.0454545454545455,NA,NA
2020-05-01,"GB","GBNIR",1893667,0,0,0
2020-05-01,"GB","GBSCT",5463300,0.06,NA,NA
2020-05-01,"GB","GBWLS",3152879,0,0,0
2020-05-02,"GB","GBENG",56286961,0.0454545454545455,NA,NA
2020-05-02,"GB","GBNIR",1893667,0,0,0
2020-05-02,"GB","GBSCT",5463300,0.06,NA,NA
2020-05-02,"GB","GBWLS",3152879,0,0,0
2020-05-03,"GB","GBENG",56286961,0.0454545454545455,NA,NA
2020-05-03,"GB","GBNIR",1893667,0,0,0
2020-05-03,"GB","GBSCT",5463300,0.06,NA,NA
2020-05-03,"GB","GBWLS",3152879,0,0,0
2020-05-04,"GB","GBENG",56286961,0.0454545454545455,NA,NA
2020-05-04,"GB","GBNIR",1893667,0,0,0
2020-05-04,"GB","GBSCT",5463300,0.06,NA,NA
2020-05-04,"GB","GBWLS",3152879,0,0,0
2020-05-05,"GB","GBENG",56286961,0.0454545454545455,NA,NA
2020-05-05,"GB","GBNIR",1893667,0,0,0
2020-05-05,"GB","GBSCT",5463300,0.06,NA,NA
2020-05-05,"GB","GBWLS",3152879,0,0,0
2020-05-06,"GB","GBENG",56286961,0.0454545454545455,NA,NA
2020-05-06,"GB","GBNIR",1893667,0,0,0
2020-05-06,"GB","GBSCT",5463300,0.0666666666666667,NA,NA
2020-05-06,"GB","GBWLS",3152879,0,0,0
2020-05-07,"GB","GBENG",56286961,0.0454545454545455,NA,NA
2020-05-07,"GB","GBNIR",1893667,0,0,0
2020-05-07,"GB","GBSCT",5463300,0.0666666666666667,NA,NA
2020-05-07,"GB","GBWLS",3152879,0,0,0
2020-05-08,"GB","GBENG",56286961,0.0562659846547315,NA,NA
2020-05-08,"GB","GBNIR",1893667,0,0,0
2020-05-08,"GB","GBSCT",5463300,0.0666666666666667,NA,NA
2020-05-08,"GB","GBWLS",3152879,0,0,0
2020-05-09,"GB","GBENG",56286961,0.0615711252653928,NA,NA
2020-05-09,"GB","GBNIR",1893667,0,0,0
2020-05-09,"GB","GBSCT",5463300,0.0666666666666667,NA,NA
2020-05-09,"GB","GBWLS",3152879,0,0,0
2020-05-10,"GB","GBENG",56286961,0.0615711252653928,NA,NA
2020-05-10,"GB","GBNIR",1893667,0,0,0
2020-05-10,"GB","GBSCT",5463300,0.0666666666666667,NA,NA
2020-05-10,"GB","GBWLS",3152879,0,0,0
2020-05-11,"GB","GBENG",56286961,0.0652591170825336,NA,NA
2020-05-11,"GB","GBNIR",1893667,0,0,0
2020-05-11,"GB","GBSCT",5463300,0.0666666666666667,NA,NA
2020-05-11,"GB","GBWLS",3152879,0,0,0
2020-05-12,"GB","GBENG",56286961,0.0623916811091854,NA,NA
2020-05-12,"GB","GBNIR",1893667,0,0,0
2020-05-12,"GB","GBSCT",5463300,0.0666666666666667,NA,NA
2020-05-12,"GB","GBWLS",3152879,0,0,0
2020-05-13,"GB","GBENG",56286961,0.0623916811091854,NA,NA
2020-05-13,"GB","GBNIR",1893667,0,0,0
2020-05-13,"GB","GBSCT",5463300,0.0666666666666667,NA,NA
2020-05-13,"GB","GBWLS",3152879,0,0,0
2020-05-14,"GB","GBENG",56286961,0.06966618287373,NA,NA
2020-05-14,"GB","GBNIR",1893667,0,0,0
2020-05-14,"GB","GBSCT",5463300,0.0666666666666667,NA,NA
2020-05-14,"GB","GBWLS",3152879,0,0,0
2020-05-15,"GB","GBENG",56286961,0.0823211875843455,NA,NA
2020-05-15,"GB","GBNIR",1893667,0,0,0
2020-05-15,"GB","GBSCT",5463300,0.0545454545454545,NA,NA
2020-05-15,"GB","GBWLS",3152879,0,0,0
2020-05-16,"GB","GBENG",56286961,0.0823211875843455,NA,NA
2020-05-16,"GB","GBNIR",1893667,0,0,0
2020-05-16,"GB","GBSCT",5463300,0.0545454545454545,NA,NA
2020-05-16,"GB","GBWLS",3152879,0,0,0
2020-05-17,"GB","GBENG",56286961,0.0737217598097503,NA,NA
2020-05-17,"GB","GBNIR",1893667,0,0,0
2020-05-17,"GB","GBSCT",5463300,0.0545454545454545,NA,NA
2020-05-17,"GB","GBWLS",3152879,0,0,0
2020-05-18,"GB","GBENG",56286961,0.0762016412661196,NA,NA
2020-05-18,"GB","GBNIR",1893667,0,0,0
2020-05-18,"GB","GBSCT",5463300,0.0545454545454545,NA,NA
2020-05-18,"GB","GBWLS",3152879,0,0,0
2020-05-19,"GB","GBENG",56286961,0.0762016412661196,NA,NA
2020-05-19,"GB","GBNIR",1893667,0,0,0
2020-05-19,"GB","GBSCT",5463300,0.0545454545454545,NA,NA
2020-05-19,"GB","GBWLS",3152879,0,0,0
2020-05-20,"GB","GBENG",56286961,0.0734522560335782,NA,NA
2020-05-20,"GB","GBNIR",1893667,0,0,0
2020-05-20,"GB","GBSCT",5463300,0.0545454545454545,NA,NA
2020-05-20,"GB","GBWLS",3152879,0,0,0
2020-05-21,"GB","GBENG",56286961,0.0734522560335782,NA,NA
2020-05-21,"GB","GBNIR",1893667,0,0,0
2020-05-21,"GB","GBSCT",5463300,0.0545454545454545,NA,NA
2020-05-21,"GB","GBWLS",3152879,0,0,0
2020-05-22,"GB","GBENG",56286961,0.0734522560335782,NA,NA
2020-05-22,"GB","GBNIR",1893667,0,0,0
2020-05-22,"GB","GBSCT",5463300,0.0545454545454545,NA,NA
2020-05-22,"GB","GBWLS",3152879,0,0,0
2020-05-23,"GB","GBENG",56286961,0.0750256937307297,NA,NA
2020-05-23,"GB","GBNIR",1893667,0,0,0
2020-05-23,"GB","GBSCT",5463300,0.0545454545454545,NA,NA
2020-05-23,"GB","GBWLS",3152879,0,0,0
2020-05-24,"GB","GBENG",56286961,0.0750256937307297,NA,NA
2020-05-24,"GB","GBNIR",1893667,0,0,0
2020-05-24,"GB","GBSCT",5463300,0.0545454545454545,NA,NA
2020-05-24,"GB","GBWLS",3152879,0,0,0
2020-05-25,"GB","GBENG",56286961,0.0710987996306556,0,0
2020-05-25,"GB","GBNIR",1893667,0,0,0
2020-05-25,"GB","GBSCT",5463300,0.0545454545454545,NA,NA
2020-05-25,"GB","GBWLS",3152879,0,0,0
2020-05-26,"GB","GBENG",56286961,0.0710987996306556,0,0
2020-05-26,"GB","GBNIR",1893667,0,0,0
2020-05-26,"GB","GBSCT",5463300,0.0545454545454545,NA,NA
2020-05-26,"GB","GBWLS",3152879,0,0,0
2020-05-27,"GB","GBENG",56286961,0.0710987996306556,0,0
2020-05-27,"GB","GBNIR",1893667,0,0,0
2020-05-27,"GB","GBSCT",5463300,0.0545454545454545,NA,NA
2020-05-27,"GB","GBWLS",3152879,0,0,0
2020-05-28,"GB","GBENG",56286961,0.0710987996306556,0,0
2020-05-28,"GB","GBNIR",1893667,0,0,0
2020-05-28,"GB","GBSCT",5463300,0.0545454545454545,NA,NA
2020-05-28,"GB","GBWLS",3152879,0,0,0
2020-05-29,"GB","GBENG",56286961,0.0710987996306556,0,0
2020-05-29,"GB","GBNIR",1893667,0,0,0
2020-05-29,"GB","GBSCT",5463300,0.0545454545454545,NA,NA
2020-05-29,"GB","GBWLS",3152879,0,0,0
2020-05-30,"GB","GBENG",56286961,0.0710987996306556,0,0
2020-05-30,"GB","GBNIR",1893667,0,0,0
2020-05-30,"GB","GBSCT",5463300,0.0545454545454545,NA,NA
2020-05-30,"GB","GBWLS",3152879,0,0,0
2020-05-31,"GB","GBENG",56286961,0.0670679277730009,0,0
2020-05-31,"GB","GBNIR",1893667,0,0,0
2020-05-31,"GB","GBSCT",5463300,0.0545454545454545,NA,NA
2020-05-31,"GB","GBWLS",3152879,0,0,0
2020-06-01,"GB","GBENG",56286961,0.0670679277730009,0,0
2020-06-01,"GB","GBNIR",1893667,0,0,0
2020-06-01,"GB","GBSCT",5463300,0.0545454545454545,NA,NA
2020-06-01,"GB","GBWLS",3152879,0,0,0
2020-06-02,"GB","GBENG",56286961,0.0726817042606516,0,0
2020-06-02,"GB","GBNIR",1893667,0,0,0
2020-06-02,"GB","GBSCT",5463300,0.040625,0,0
2020-06-02,"GB","GBWLS",3152879,0,0,0
2020-06-03,"GB","GBENG",56286961,0.0726817042606516,0,0
2020-06-03,"GB","GBNIR",1893667,0,0,0
2020-06-03,"GB","GBSCT",5463300,0.040625,0,0
2020-06-03,"GB","GBWLS",3152879,0,0,0
2020-06-04,"GB","GBENG",56286961,0.0726817042606516,0,0
2020-06-04,"GB","GBNIR",1893667,0,0,0
2020-06-04,"GB","GBSCT",5463300,0.040625,0,0
2020-06-04,"GB","GBWLS",3152879,0,0,0
2020-06-05,"GB","GBENG",56286961,0.0758333333333333,0,0.00569259962049336
2020-06-05,"GB","GBNIR",1893667,0,0,0
2020-06-05,"GB","GBSCT",5463300,0.0428571428571429,0,0
2020-06-05,"GB","GBWLS",3152879,0,0,0
2020-06-06,"GB","GBENG",56286961,0.0694548170276326,0,0.0031413612565445
2020-06-06,"GB","GBNIR",1893667,0,0,0
2020-06-06,"GB","GBSCT",5463300,0.0471204188481675,0,0
2020-06-06,"GB","GBWLS",3152879,0.307692307692308,0,0
2020-06-07,"GB","GBENG",56286961,0.0619674670797831,0,0.00256191289496157
2020-06-07,"GB","GBNIR",1893667,0.02,0,0
2020-06-07,"GB","GBSCT",5463300,0.0491071428571429,0,0
2020-06-07,"GB","GBWLS",3152879,0.307692307692308,0,0
2020-06-08,"GB","GBENG",56286961,0.078196872125115,0,0
2020-06-08,"GB","GBNIR",1893667,0.0133333333333333,0,0
2020-06-08,"GB","GBSCT",5463300,0.0583657587548638,0,0
2020-06-08,"GB","GBWLS",3152879,0.307692307692308,0,0
2020-06-09,"GB","GBENG",56286961,0.0761506276150628,0,0.000836820083682008
2020-06-09,"GB","GBNIR",1893667,0.0133333333333333,0,0
2020-06-09,"GB","GBSCT",5463300,0.0513833992094862,0,0
2020-06-09,"GB","GBWLS",3152879,0.307692307692308,0,0
2020-06-10,"GB","GBENG",56286961,0.070298769771529,0.00263620386643234,0.00192678227360308
2020-06-10,"GB","GBNIR",1893667,0.0133333333333333,0,0
2020-06-10,"GB","GBSCT",5463300,0.0524246395806029,0,0
2020-06-10,"GB","GBWLS",3152879,0.307692307692308,0,0
2020-06-11,"GB","GBENG",56286961,0.070298769771529,0.00263620386643234,0.00192678227360308
2020-06-11,"GB","GBNIR",1893667,0.0133333333333333,0,0
2020-06-11,"GB","GBSCT",5463300,0.0613915416098226,0,0
2020-06-11,"GB","GBWLS",3152879,0.307692307692308,0,0
2020-06-12,"GB","GBENG",56286961,0.0750950570342205,0.00285171102661597,0.00210084033613445
2020-06-12,"GB","GBNIR",1893667,0.012,0,0
2020-06-12,"GB","GBSCT",5463300,0.0613915416098226,0,0
2020-06-12,"GB","GBWLS",3152879,0.307692307692308,0,0
2020-06-13,"GB","GBENG",56286961,0.0734299516908213,0.00289855072463768,0.00213903743315508
2020-06-13,"GB","GBNIR",1893667,0.012,0,0
2020-06-13,"GB","GBSCT",5463300,0.0613915416098226,0,0
2020-06-13,"GB","GBWLS",3152879,0.307692307692308,0,0
2020-06-14,"GB","GBENG",56286961,0.0734299516908213,0.00289855072463768,0.00213903743315508
2020-06-14,"GB","GBNIR",1893667,0.012,0,0
2020-06-14,"GB","GBSCT",5463300,0.0613915416098226,0,0
2020-06-14,"GB","GBWLS",3152879,0.307692307692308,0,0
2020-06-15,"GB","GBENG",56286961,0.0737327188940092,0.00276497695852535,0.00203045685279188
2020-06-15,"GB","GBNIR",1893667,0.012,0,0
2020-06-15,"GB","GBSCT",5463300,0.0613915416098226,0,0
2020-06-15,"GB","GBWLS",3152879,0.307692307692308,0,0
2020-06-16,"GB","GBENG",56286961,0.0675675675675676,0.00253378378378378,0.0018450184501845
2020-06-16,"GB","GBNIR",1893667,0.012,0,0
2020-06-16,"GB","GBSCT",5463300,0.0613915416098226,0,0
2020-06-16,"GB","GBWLS",3152879,0.307692307692308,0,0
2020-06-17,"GB","GBENG",56286961,0.0656146179401993,0.00249169435215947,0.00181159420289855
2020-06-17,"GB","GBNIR",1893667,0.012,0,0
2020-06-17,"GB","GBSCT",5463300,0.0613915416098226,0,0
2020-06-17,"GB","GBWLS",3152879,0.307692307692308,0,0
2020-06-18,"GB","GBENG",56286961,0.0656146179401993,0.00249169435215947,0.00181159420289855
2020-06-18,"GB","GBNIR",1893667,0.012,0,0
2020-06-18,"GB","GBSCT",5463300,0.0613915416098226,0,0
2020-06-18,"GB","GBWLS",3152879,0.307692307692308,0,0
2020-06-19,"GB","GBENG",56286961,0.0656146179401993,0.00249169435215947,0.00181159420289855
2020-06-19,"GB","GBNIR",1893667,0.012,0,0
2020-06-19,"GB","GBSCT",5463300,0.0613915416098226,0,0
2020-06-19,"GB","GBWLS",3152879,0.307692307692308,0,0
2020-06-20,"GB","GBENG",56286961,0.0675675675675676,0.00253378378378378,0.0018450184501845
2020-06-20,"GB","GBNIR",1893667,0.012,0,0
2020-06-20,"GB","GBSCT",5463300,0.0613915416098226,0,0
2020-06-20,"GB","GBWLS",3152879,0.307692307692308,0,0
2020-06-21,"GB","GBENG",56286961,0.0675675675675676,0.00253378378378378,0.0018450184501845
2020-06-21,"GB","GBNIR",1893667,0.012,0,0
2020-06-21,"GB","GBSCT",5463300,0.0613915416098226,0,0
2020-06-21,"GB","GBWLS",3152879,0.307692307692308,0,0
2020-06-22,"GB","GBENG",56286961,0.0692899914456801,0.00256629597946963,0.00187090739008419
2020-06-22,"GB","GBNIR",1893667,0.012,0,0
2020-06-22,"GB","GBSCT",5463300,0.0613915416098226,0,0
2020-06-22,"GB","GBWLS",3152879,0.307692307692308,0,0
2020-06-23,"GB","GBENG",56286961,0.0692899914456801,0.00256629597946963,0.00187090739008419
2020-06-23,"GB","GBNIR",1893667,0.012,0,0
2020-06-23,"GB","GBSCT",5463300,0.0613915416098226,0,0
2020-06-23,"GB","GBWLS",3152879,0.307692307692308,0,0
2020-06-24,"GB","GBENG",56286961,0.0684345594525235,0.00256629597946963,0.00187090739008419
2020-06-24,"GB","GBNIR",1893667,0.012,0,0
2020-06-24,"GB","GBSCT",5463300,0.0613915416098226,0,0
2020-06-24,"GB","GBWLS",3152879,0.307692307692308,0,0
2020-06-25,"GB","GBENG",56286961,0.0692899914456801,0.00256629597946963,0.00187090739008419
2020-06-25,"GB","GBNIR",1893667,0.012,0,0
2020-06-25,"GB","GBSCT",5463300,0.0613915416098226,0,0
2020-06-25,"GB","GBWLS",3152879,0.307692307692308,0,0
2020-06-26,"GB","GBENG",56286961,0.0692899914456801,0.00256629597946963,0.00187090739008419
2020-06-26,"GB","GBNIR",1893667,0.012,0,0
2020-06-26,"GB","GBSCT",5463300,0.0613915416098226,0,0
2020-06-26,"GB","GBWLS",3152879,0.307692307692308,0,0
2020-06-27,"GB","GBENG",56286961,0.0692899914456801,0.00256629597946963,0.00187090739008419
2020-06-27,"GB","GBNIR",1893667,0.012,0,0
2020-06-27,"GB","GBSCT",5463300,0.0613915416098226,0,0
2020-06-27,"GB","GBWLS",3152879,0.307692307692308,0,0
2020-06-28,"GB","GBENG",56286961,0.0692899914456801,0.00256629597946963,0.00187090739008419
2020-06-28,"GB","GBNIR",1893667,0.012,0,0
2020-06-28,"GB","GBSCT",5463300,0.0613915416098226,0,0
2020-06-28,"GB","GBWLS",3152879,0.307692307692308,0,0
2020-06-29,"GB","GBENG",56286961,0.0692899914456801,0.00256629597946963,0.00187090739008419
2020-06-29,"GB","GBNIR",1893667,0.012,0,0
2020-06-29,"GB","GBSCT",5463300,0.0613915416098226,0,0
2020-06-29,"GB","GBWLS",3152879,0.307692307692308,0,0
2020-06-30,"GB","GBENG",56286961,0.0692899914456801,0.00256629597946963,0.00187090739008419
2020-06-30,"GB","GBNIR",1893667,0.012,0,0
2020-06-30,"GB","GBSCT",5463300,0.0613915416098226,0,0
2020-06-30,"GB","GBWLS",3152879,0.307692307692308,0,0
2020-07-01,"GB","GBENG",56286961,0.0692899914456801,0.00256629597946963,0.00187090739008419
2020-07-01,"GB","GBNIR",1893667,0.012,0,0
2020-07-01,"GB","GBSCT",5463300,0.0608020698576973,0,0
2020-07-01,"GB","GBWLS",3152879,0.307692307692308,0,0
2020-07-02,"GB","GBENG",56286961,0.0692899914456801,0.00256629597946963,0.00187090739008419
2020-07-02,"GB","GBNIR",1893667,0.012,0,0
2020-07-02,"GB","GBSCT",5463300,0.0608020698576973,0,0
2020-07-02,"GB","GBWLS",3152879,0.307692307692308,0,0
2020-07-03,"GB","GBENG",56286961,0.0692899914456801,0.00342172797262618,0.00280636108512629
2020-07-03,"GB","GBNIR",1893667,0.012,0,0
2020-07-03,"GB","GBSCT",5463300,0.0580912863070539,0,0
2020-07-03,"GB","GBWLS",3152879,0.307692307692308,0,0
2020-07-04,"GB","GBENG",56286961,0.0692375109553024,0.00175284837861525,0.000876424189307625
2020-07-04,"GB","GBNIR",1893667,0.012,0,0
2020-07-04,"GB","GBSCT",5463300,0.0580912863070539,0,0
2020-07-04,"GB","GBWLS",3152879,0.307692307692308,0,0
2020-07-05,"GB","GBENG",56286961,0.0715488215488215,0,0
2020-07-05,"GB","GBNIR",1893667,0.012,0,0
2020-07-05,"GB","GBSCT",5463300,0.0601719197707736,0,0
2020-07-05,"GB","GBWLS",3152879,0.307692307692308,0,0
2020-07-06,"GB","GBENG",56286961,0.0718462823725982,0,0
2020-07-06,"GB","GBNIR",1893667,0.012,0,0
2020-07-06,"GB","GBSCT",5463300,0.0601719197707736,0,0
2020-07-06,"GB","GBWLS",3152879,0.307692307692308,0,0
2020-07-07,"GB","GBENG",56286961,0.0718462823725982,0,0
2020-07-07,"GB","GBNIR",1893667,0.012,0,0
2020-07-07,"GB","GBSCT",5463300,0.0601719197707736,0,0
2020-07-07,"GB","GBWLS",3152879,0.307692307692308,0,0
2020-07-08,"GB","GBENG",56286961,0.0692607003891051,0,0
2020-07-08,"GB","GBNIR",1893667,0.012,0,0
2020-07-08,"GB","GBSCT",5463300,0.0601719197707736,0,0
2020-07-08,"GB","GBWLS",3152879,0.307692307692308,0,0
2020-07-09,"GB","GBENG",56286961,0.0692607003891051,0,0
2020-07-09,"GB","GBNIR",1893667,0.012,0,0
2020-07-09,"GB","GBSCT",5463300,0.0601719197707736,0,0
2020-07-09,"GB","GBWLS",3152879,0.307692307692308,0,0
2020-07-10,"GB","GBENG",56286961,0.0692607003891051,0,0
2020-07-10,"GB","GBNIR",1893667,0.012,0,0
2020-07-10,"GB","GBSCT",5463300,0.0601719197707736,0,0
2020-07-10,"GB","GBWLS",3152879,0.307692307692308,0,0
2020-07-11,"GB","GBENG",56286961,0.0692607003891051,0,0
2020-07-11,"GB","GBNIR",1893667,0.012,0,0
2020-07-11,"GB","GBSCT",5463300,0.0601719197707736,0,0
2020-07-11,"GB","GBWLS",3152879,0.307692307692308,0,0
2020-07-12,"GB","GBENG",56286961,0.0692607003891051,0,0
2020-07-12,"GB","GBNIR",1893667,0.012,0,0
2020-07-12,"GB","GBSCT",5463300,0.0601719197707736,0,0
2020-07-12,"GB","GBWLS",3152879,0.307692307692308,0,0
2020-07-13,"GB","GBENG",56286961,0.0692607003891051,0,0
2020-07-13,"GB","GBNIR",1893667,0.012,0,0
2020-07-13,"GB","GBSCT",5463300,0.0601719197707736,0,0
2020-07-13,"GB","GBWLS",3152879,0.307692307692308,0,0
2020-07-14,"GB","GBENG",56286961,0.0692607003891051,0,0
2020-07-14,"GB","GBNIR",1893667,0.012,0,0
2020-07-14,"GB","GBSCT",5463300,0.0601719197707736,0,0
2020-07-14,"GB","GBWLS",3152879,0.307692307692308,0,0
2020-07-15,"GB","GBENG",56286961,0.0692607003891051,0,0
2020-07-15,"GB","GBNIR",1893667,0.012,0,0
2020-07-15,"GB","GBSCT",5463300,0.0601719197707736,0,0
2020-07-15,"GB","GBWLS",3152879,0.307692307692308,0,0
2020-07-16,"GB","GBENG",56286961,0.0692607003891051,0,0
2020-07-16,"GB","GBNIR",1893667,0.012,0,0
2020-07-16,"GB","GBSCT",5463300,0.0601719197707736,0,0
2020-07-16,"GB","GBWLS",3152879,0.307692307692308,0,0
2020-07-17,"GB","GBENG",56286961,0.0692607003891051,0,0
2020-07-17,"GB","GBNIR",1893667,0.012,0,0
2020-07-17,"GB","GBSCT",5463300,0.0601719197707736,0,0
2020-07-17,"GB","GBWLS",3152879,0.307692307692308,0,0
2020-07-18,"GB","GBENG",56286961,0.0692607003891051,0,0
2020-07-18,"GB","GBNIR",1893667,0.012,0,0
2020-07-18,"GB","GBSCT",5463300,0.0601719197707736,0,0
2020-07-18,"GB","GBWLS",3152879,0.307692307692308,0,0
2020-07-19,"GB","GBENG",56286961,0.0692607003891051,0,0
2020-07-19,"GB","GBNIR",1893667,0.012,0,0
2020-07-19,"GB","GBSCT",5463300,0.0601719197707736,0,0
2020-07-19,"GB","GBWLS",3152879,0.307692307692308,0,0
2020-07-20,"GB","GBENG",56286961,0.0692607003891051,0,0
2020-07-20,"GB","GBNIR",1893667,0.012,0,0
2020-07-20,"GB","GBSCT",5463300,0.0601719197707736,0,0
2020-07-20,"GB","GBWLS",3152879,0.307692307692308,0,0
2020-07-21,"GB","GBENG",56286961,0.0692607003891051,0,0
2020-07-21,"GB","GBNIR",1893667,0.012,0,0
2020-07-21,"GB","GBSCT",5463300,0.0601719197707736,0,0
2020-07-21,"GB","GBWLS",3152879,0.307692307692308,0,0
2020-07-22,"GB","GBENG",56286961,0.0692607003891051,0,0
2020-07-22,"GB","GBNIR",1893667,0.012,0,0
2020-07-22,"GB","GBSCT",5463300,0.0601719197707736,0,0
2020-07-22,"GB","GBWLS",3152879,0.307692307692308,0,0
2020-07-23,"GB","GBENG",56286961,0.0700389105058366,0,0
2020-07-23,"GB","GBNIR",1893667,0.012,0,0
2020-07-23,"GB","GBSCT",5463300,0.0601719197707736,0,0
2020-07-23,"GB","GBWLS",3152879,0.307692307692308,0,0
2020-07-24,"GB","GBENG",56286961,0.0700389105058366,0,0
2020-07-24,"GB","GBNIR",1893667,0.012,0,0
2020-07-24,"GB","GBSCT",5463300,0.0601719197707736,0,0
2020-07-24,"GB","GBWLS",3152879,0.307692307692308,0,0
2020-07-25,"GB","GBENG",56286961,0.0700389105058366,0,0
2020-07-25,"GB","GBNIR",1893667,0.012,0,0
2020-07-25,"GB","GBSCT",5463300,0.0601719197707736,0,0
2020-07-25,"GB","GBWLS",3152879,0.307692307692308,0,0
2020-07-26,"GB","GBENG",56286961,0.0700389105058366,0,0
2020-07-26,"GB","GBNIR",1893667,0.012,0,0
2020-07-26,"GB","GBSCT",5463300,0.0601719197707736,0,0
2020-07-26,"GB","GBWLS",3152879,0.307692307692308,0,0
2020-07-27,"GB","GBENG",56286961,0.0700389105058366,0,0
2020-07-27,"GB","GBNIR",1893667,0.012,0,0
2020-07-27,"GB","GBSCT",5463300,0.0601719197707736,0,0
2020-07-27,"GB","GBWLS",3152879,0.307692307692308,0,0
2020-07-28,"GB","GBENG",56286961,0.0692607003891051,0,0
2020-07-28,"GB","GBNIR",1893667,0.012,0,0
2020-07-28,"GB","GBSCT",5463300,0.0601719197707736,0,0
2020-07-28,"GB","GBWLS",3152879,0.307692307692308,0,0
2020-07-29,"GB","GBENG",56286961,0.0692607003891051,0,0
2020-07-29,"GB","GBNIR",1893667,0.012,0,0
2020-07-29,"GB","GBSCT",5463300,0.0601719197707736,0,0
2020-07-29,"GB","GBWLS",3152879,0.307692307692308,0,0
2020-07-30,"GB","GBENG",56286961,0.0697674418604651,0,0
2020-07-30,"GB","GBNIR",1893667,0.012,0,0
2020-07-30,"GB","GBSCT",5463300,0.0601719197707736,0,0
2020-07-30,"GB","GBWLS",3152879,0.307692307692308,0,0
2020-07-31,"GB","GBENG",56286961,0.0697674418604651,0,0
2020-07-31,"GB","GBNIR",1893667,0.012,0,0
2020-07-31,"GB","GBSCT",5463300,0.0601719197707736,0,0
2020-07-31,"GB","GBWLS",3152879,0.307692307692308,0,0
2020-08-01,"GB","GBENG",56286961,0.0674418604651163,0,0
2020-08-01,"GB","GBNIR",1893667,0.012,0,0
2020-08-01,"GB","GBSCT",5463300,0.0601719197707736,0,0
2020-08-01,"GB","GBWLS",3152879,0.307692307692308,0,0
2020-08-02,"GB","GBENG",56286961,0.0674418604651163,0,0
2020-08-02,"GB","GBNIR",1893667,0.012,0,0
2020-08-02,"GB","GBSCT",5463300,0.0601719197707736,0,0
2020-08-02,"GB","GBWLS",3152879,0.307692307692308,0,0
2020-08-03,"GB","GBENG",56286961,0.0675883256528418,0,0
2020-08-03,"GB","GBNIR",1893667,0.012,0,0
2020-08-03,"GB","GBSCT",5463300,0.0601719197707736,0,0
2020-08-03,"GB","GBWLS",3152879,0.307692307692308,0,0
2020-08-04,"GB","GBENG",56286961,0.0675883256528418,0,0
2020-08-04,"GB","GBNIR",1893667,0.012,0,0
2020-08-04,"GB","GBSCT",5463300,0.0601719197707736,0,0
2020-08-04,"GB","GBWLS",3152879,0.307692307692308,0,0
2020-08-05,"GB","GBENG",56286961,0.0675883256528418,0,0
2020-08-05,"GB","GBNIR",1893667,0.012,0,0
2020-08-05,"GB","GBSCT",5463300,0.0601719197707736,0,0
2020-08-05,"GB","GBWLS",3152879,0.307692307692308,0,0
2020-08-06,"GB","GBENG",56286961,0.0675883256528418,0,0
2020-08-06,"GB","GBNIR",1893667,0.012,0,0
2020-08-06,"GB","GBSCT",5463300,0.0601719197707736,0,0
2020-08-06,"GB","GBWLS",3152879,0.307692307692308,0,0
2020-08-07,"GB","GBENG",56286961,0.0675883256528418,0,0
2020-08-07,"GB","GBNIR",1893667,0.012,0,0
2020-08-07,"GB","GBSCT",5463300,0.0601719197707736,0,0
2020-08-07,"GB","GBWLS",3152879,0.307692307692308,0,0
2020-08-08,"GB","GBENG",56286961,0.0675883256528418,0,0
2020-08-08,"GB","GBNIR",1893667,0.012,0,0
2020-08-08,"GB","GBSCT",5463300,0.0601719197707736,0,0
2020-08-08,"GB","GBWLS",3152879,0.307692307692308,0,0
2020-08-09,"GB","GBENG",56286961,0.0675883256528418,0,0
2020-08-09,"GB","GBNIR",1893667,0.012,0,0
2020-08-09,"GB","GBSCT",5463300,0.0601719197707736,0,0
2020-08-09,"GB","GBWLS",3152879,0.307692307692308,0,0
2020-08-10,"GB","GBENG",56286961,0.0675883256528418,0,0
2020-08-10,"GB","GBNIR",1893667,0.012,0,0
2020-08-10,"GB","GBSCT",5463300,0.0601719197707736,0,0
2020-08-10,"GB","GBWLS",3152879,0.307692307692308,0,0
2020-08-11,"GB","GBENG",56286961,0.0675883256528418,0,0
2020-08-11,"GB","GBNIR",1893667,0.012,0,0
2020-08-11,"GB","GBSCT",5463300,0.0601719197707736,0,0
2020-08-11,"GB","GBWLS",3152879,0.307692307692308,0,0
2020-08-12,"GB","GBENG",56286961,0.0675883256528418,0,0
2020-08-12,"GB","GBNIR",1893667,0.012,0,0
2020-08-12,"GB","GBSCT",5463300,0.0601719197707736,0,0
2020-08-12,"GB","GBWLS",3152879,0.307692307692308,0,0
2020-08-13,"GB","GBENG",56286961,0.0675883256528418,0,0
2020-08-13,"GB","GBNIR",1893667,0.012,0,0
2020-08-13,"GB","GBSCT",5463300,0.0601719197707736,0,0
2020-08-13,"GB","GBWLS",3152879,0.307692307692308,0,0
2020-08-14,"GB","GBENG",56286961,0.0675883256528418,0,0
2020-08-14,"GB","GBNIR",1893667,0.012,0,0
2020-08-14,"GB","GBSCT",5463300,0.0601719197707736,0,0
2020-08-14,"GB","GBWLS",3152879,0.307692307692308,0,0
2020-08-15,"GB","GBENG",56286961,0.0693293142426526,0,0
2020-08-15,"GB","GBNIR",1893667,0.012,0,0
2020-08-15,"GB","GBSCT",5463300,0.0589970501474926,0,0
2020-08-15,"GB","GBWLS",3152879,0.307692307692308,0,0
2020-08-16,"GB","GBENG",56286961,0.0693293142426526,0,0
2020-08-16,"GB","GBNIR",1893667,0.012,0,0
2020-08-16,"GB","GBSCT",5463300,0.0589970501474926,0,0
2020-08-16,"GB","GBWLS",3152879,0.307692307692308,0,0
2020-08-17,"GB","GBENG",56286961,0.0693293142426526,0,0
2020-08-17,"GB","GBNIR",1893667,0.012,0,0
2020-08-17,"GB","GBSCT",5463300,0.0589970501474926,0,0
2020-08-17,"GB","GBWLS",3152879,0.307692307692308,0,0
2020-08-18,"GB","GBENG",56286961,0.0693293142426526,0,0
2020-08-18,"GB","GBNIR",1893667,0.012,0,0
2020-08-18,"GB","GBSCT",5463300,0.0589970501474926,0,0
2020-08-18,"GB","GBWLS",3152879,0.307692307692308,0,0
2020-08-19,"GB","GBENG",56286961,0.0693293142426526,0,0
2020-08-19,"GB","GBNIR",1893667,0.012,0,0
2020-08-19,"GB","GBSCT",5463300,0.0589970501474926,0,0
2020-08-19,"GB","GBWLS",3152879,0.307692307692308,0,0
2020-08-20,"GB","GBENG",56286961,0.0686198920585968,0,0
2020-08-20,"GB","GBNIR",1893667,0.012,0,0
2020-08-20,"GB","GBSCT",5463300,0.0589970501474926,0,0
2020-08-20,"GB","GBWLS",3152879,0.307692307692308,0,0
2020-08-21,"GB","GBENG",56286961,0.0686198920585968,0,0
2020-08-21,"GB","GBNIR",1893667,0.012,0,0
2020-08-21,"GB","GBSCT",5463300,0.0589970501474926,0,0
2020-08-21,"GB","GBWLS",3152879,0.307692307692308,0,0
2020-08-22,"GB","GBENG",56286961,0.0686198920585968,0,0
2020-08-22,"GB","GBNIR",1893667,0.012,0,0
2020-08-22,"GB","GBSCT",5463300,0.0589970501474926,0,0
2020-08-22,"GB","GBWLS",3152879,0.307692307692308,0,0
2020-08-23,"GB","GBENG",56286961,0.0686198920585968,0,0
2020-08-23,"GB","GBNIR",1893667,0.012,0,0
2020-08-23,"GB","GBSCT",5463300,0.0589970501474926,0,0
2020-08-23,"GB","GBWLS",3152879,0.307692307692308,0,0
2020-08-24,"GB","GBENG",56286961,0.0686198920585968,0,0
2020-08-24,"GB","GBNIR",1893667,0.012,0,0
2020-08-24,"GB","GBSCT",5463300,0.0622837370242214,0,0
2020-08-24,"GB","GBWLS",3152879,0.307692307692308,0,0
2020-08-25,"GB","GBENG",56286961,0.0686198920585968,0,0
2020-08-25,"GB","GBNIR",1893667,0.012,0,0
2020-08-25,"GB","GBSCT",5463300,0.0622837370242214,0,0
2020-08-25,"GB","GBWLS",3152879,0.307692307692308,0,0
2020-08-26,"GB","GBENG",56286961,0.0686198920585968,0,0
2020-08-26,"GB","GBNIR",1893667,0.012,0,0
2020-08-26,"GB","GBSCT",5463300,0.0622837370242214,0,0
2020-08-26,"GB","GBWLS",3152879,0.307692307692308,0,0
2020-08-27,"GB","GBENG",56286961,0.0686198920585968,0,0
2020-08-27,"GB","GBNIR",1893667,0.012,0,0
2020-08-27,"GB","GBSCT",5463300,0.0622837370242214,0,0
2020-08-27,"GB","GBWLS",3152879,0.307692307692308,0,0
2020-08-28,"GB","GBENG",56286961,0.0686198920585968,0,0
2020-08-28,"GB","GBNIR",1893667,0.012,0,0
2020-08-28,"GB","GBSCT",5463300,0.0622837370242214,0,0
2020-08-28,"GB","GBWLS",3152879,0.307692307692308,0,0
2020-08-29,"GB","GBENG",56286961,0.0686198920585968,0,0
2020-08-29,"GB","GBNIR",1893667,0.012,0,0
2020-08-29,"GB","GBSCT",5463300,0.0622837370242214,0,0
2020-08-29,"GB","GBWLS",3152879,0.307692307692308,0,0
2020-08-30,"GB","GBENG",56286961,0.0675990675990676,0,0
2020-08-30,"GB","GBNIR",1893667,0.012,0,0
2020-08-30,"GB","GBSCT",5463300,0.0622837370242214,0,0
2020-08-30,"GB","GBWLS",3152879,0.307692307692308,0,0
2020-08-31,"GB","GBENG",56286961,0.0675990675990676,0,0
2020-08-31,"GB","GBNIR",1893667,0.012,0,0
2020-08-31,"GB","GBSCT",5463300,0.0622837370242214,0,0
2020-08-31,"GB","GBWLS",3152879,0.307692307692308,0,0
2020-09-01,"GB","GBENG",56286961,0.0675990675990676,0,0
2020-09-01,"GB","GBNIR",1893667,0.012,0,0
2020-09-01,"GB","GBSCT",5463300,0.0622837370242214,0,0
2020-09-01,"GB","GBWLS",3152879,0.307692307692308,0,0
2020-09-02,"GB","GBENG",56286961,0.0675990675990676,0,0
2020-09-02,"GB","GBNIR",1893667,0.012,0,0
2020-09-02,"GB","GBSCT",5463300,0.0622837370242214,0,0
2020-09-02,"GB","GBWLS",3152879,0.307692307692308,0,0
2020-09-03,"GB","GBENG",56286961,0.0675990675990676,0,0
2020-09-03,"GB","GBNIR",1893667,0.012,0,0
2020-09-03,"GB","GBSCT",5463300,0.0622837370242214,0,0
2020-09-03,"GB","GBWLS",3152879,0.307692307692308,0,0
2020-09-04,"GB","GBENG",56286961,0.0675990675990676,0,0
2020-09-04,"GB","GBNIR",1893667,0.012,0,0
2020-09-04,"GB","GBSCT",5463300,0.0622837370242214,0,0
2020-09-04,"GB","GBWLS",3152879,0.307692307692308,0,0
2020-09-05,"GB","GBENG",56286961,0.0675990675990676,0,0
2020-09-05,"GB","GBNIR",1893667,0.012,0,0
2020-09-05,"GB","GBSCT",5463300,0.0622837370242214,0,0
2020-09-05,"GB","GBWLS",3152879,0.307692307692308,0,0
2020-09-06,"GB","GBENG",56286961,0.0675990675990676,0,0
2020-09-06,"GB","GBNIR",1893667,0.012,0,0
2020-09-06,"GB","GBSCT",5463300,0.0622837370242214,0,0
2020-09-06,"GB","GBWLS",3152879,0.307692307692308,0,0
2020-09-07,"GB","GBENG",56286961,0.0675990675990676,0,0
2020-09-07,"GB","GBNIR",1893667,0.012,0,0
2020-09-07,"GB","GBSCT",5463300,0.0622837370242214,0,0
2020-09-07,"GB","GBWLS",3152879,0.307692307692308,0,0
2020-09-08,"GB","GBENG",56286961,0.0675990675990676,0,0
2020-09-08,"GB","GBNIR",1893667,0.012,0,0
2020-09-08,"GB","GBSCT",5463300,0.0622837370242214,0,0
2020-09-08,"GB","GBWLS",3152879,0.307692307692308,0,0
2020-09-09,"GB","GBENG",56286961,0.0675990675990676,0,0
2020-09-09,"GB","GBNIR",1893667,0.012,0,0
2020-09-09,"GB","GBSCT",5463300,0.0622837370242214,0,0
2020-09-09,"GB","GBWLS",3152879,0.307692307692308,0,0
2020-09-10,"GB","GBENG",56286961,0.0675990675990676,0,0
2020-09-10,"GB","GBNIR",1893667,0.012,0,0
2020-09-10,"GB","GBSCT",5463300,0.0622837370242214,0,0
2020-09-10,"GB","GBWLS",3152879,0.307692307692308,0,0
2020-09-11,"GB","GBENG",56286961,0.0675990675990676,0,0
2020-09-11,"GB","GBNIR",1893667,0.012,0,0
2020-09-11,"GB","GBSCT",5463300,0.0732217573221757,0,0
2020-09-11,"GB","GBWLS",3152879,0.307692307692308,0,0
2020-09-12,"GB","GBENG",56286961,0.0675990675990676,0,0
2020-09-12,"GB","GBNIR",1893667,0.012,0,0
2020-09-12,"GB","GBSCT",5463300,0.0732217573221757,0,0
2020-09-12,"GB","GBWLS",3152879,0.307692307692308,0,0
2020-09-13,"GB","GBENG",56286961,0.0675990675990676,0,0
2020-09-13,"GB","GBNIR",1893667,0.012,0,0
2020-09-13,"GB","GBSCT",5463300,0.0732217573221757,0,0
2020-09-13,"GB","GBWLS",3152879,0.307692307692308,0,0
2020-09-14,"GB","GBENG",56286961,0.0675990675990676,0,0
2020-09-14,"GB","GBNIR",1893667,0.012,0,0
2020-09-14,"GB","GBSCT",5463300,0.0736607142857143,0,0
2020-09-14,"GB","GBWLS",3152879,0.307692307692308,0,0
2020-09-15,"GB","GBENG",56286961,0.0675990675990676,0,0
2020-09-15,"GB","GBNIR",1893667,0.012,0,0
2020-09-15,"GB","GBSCT",5463300,0.0702947845804989,0,0
2020-09-15,"GB","GBWLS",3152879,0,0,0
2020-09-16,"GB","GBENG",56286961,0.0683760683760684,0.000789265982636148,0.000777000777000777
2020-09-16,"GB","GBNIR",1893667,0.01,0,0
2020-09-16,"GB","GBSCT",5463300,0.0689655172413793,0,0
2020-09-16,"GB","GBWLS",3152879,0,0,0
2020-09-17,"GB","GBENG",56286961,0.0683760683760684,0.000789265982636148,0.000777000777000777
2020-09-17,"GB","GBNIR",1893667,0.01,0,0
2020-09-17,"GB","GBSCT",5463300,0.0596205962059621,0,0
2020-09-17,"GB","GBWLS",3152879,0,0,0
2020-09-18,"GB","GBENG",56286961,0.0683760683760684,0.000789265982636148,0.000777000777000777
2020-09-18,"GB","GBNIR",1893667,0.01,0,0
2020-09-18,"GB","GBSCT",5463300,0.121212121212121,0,0
2020-09-18,"GB","GBWLS",3152879,0,0,0
2020-09-19,"GB","GBENG",56286961,0.0683760683760684,0.000789265982636148,0.000777000777000777
2020-09-19,"GB","GBNIR",1893667,0.01,0,0
2020-09-19,"GB","GBSCT",5463300,0.115789473684211,0,0
2020-09-19,"GB","GBWLS",3152879,0,0,0
2020-09-20,"GB","GBENG",56286961,0.0683760683760684,0.000789265982636148,0.000777000777000777
2020-09-20,"GB","GBNIR",1893667,0.01,0,0
2020-09-20,"GB","GBSCT",5463300,0.0461538461538462,0,0
2020-09-20,"GB","GBWLS",3152879,0,0,0
2020-09-21,"GB","GBENG",56286961,0.0683760683760684,0.000789265982636148,0.000777000777000777
2020-09-21,"GB","GBNIR",1893667,0,0,0
2020-09-21,"GB","GBSCT",5463300,0.0461538461538462,0,0
2020-09-21,"GB","GBWLS",3152879,0,0,0
2020-09-22,"GB","GBENG",56286961,0.0683760683760684,0.000789265982636148,0.000777000777000777
2020-09-22,"GB","GBNIR",1893667,0,0,0
2020-09-22,"GB","GBSCT",5463300,0.0461538461538462,0,0
2020-09-22,"GB","GBWLS",3152879,0,0,0
2020-09-23,"GB","GBENG",56286961,0.0668220668220668,0,0
2020-09-23,"GB","GBNIR",1893667,0,0,0
2020-09-23,"GB","GBSCT",5463300,0.0461538461538462,0,0
2020-09-23,"GB","GBWLS",3152879,0,0,0
2020-09-24,"GB","GBENG",56286961,0.0668220668220668,0,0
2020-09-24,"GB","GBNIR",1893667,0,0,0
2020-09-24,"GB","GBSCT",5463300,0.0461538461538462,0,0
2020-09-24,"GB","GBWLS",3152879,0,0,0
2020-09-25,"GB","GBENG",56286961,0.0708371665133395,0,0
2020-09-25,"GB","GBNIR",1893667,0,0,0
2020-09-25,"GB","GBSCT",5463300,0.0461538461538462,0,0
2020-09-25,"GB","GBWLS",3152879,0,0,0
2020-09-26,"GB","GBENG",56286961,0.0691768826619965,0.00089126559714795,0.000875656742556918
2020-09-26,"GB","GBNIR",1893667,0,0,0
2020-09-26,"GB","GBSCT",5463300,0.0461538461538462,0,0
2020-09-26,"GB","GBWLS",3152879,0,0,0
2020-09-27,"GB","GBENG",56286961,0.0696257615317667,0.000885739592559787,0.000870322019147084
2020-09-27,"GB","GBNIR",1893667,0,0,0
2020-09-27,"GB","GBSCT",5463300,0.0461538461538462,0,0
2020-09-27,"GB","GBWLS",3152879,0,0,0
2020-09-28,"GB","GBENG",56286961,0.0696257615317667,0.000885739592559787,0.000870322019147084
2020-09-28,"GB","GBNIR",1893667,0,0,0
2020-09-28,"GB","GBSCT",5463300,0.0461538461538462,0,0
2020-09-28,"GB","GBWLS",3152879,0,0,0
2020-09-29,"GB","GBENG",56286961,0.0696257615317667,0.000885739592559787,0.000870322019147084
2020-09-29,"GB","GBNIR",1893667,0,0,0
2020-09-29,"GB","GBSCT",5463300,0.0461538461538462,0,0
2020-09-29,"GB","GBWLS",3152879,0,0,0
2020-09-30,"GB","GBENG",56286961,0.0696257615317667,0.000885739592559787,0.000870322019147084
2020-09-30,"GB","GBNIR",1893667,0,0,0
2020-09-30,"GB","GBSCT",5463300,0.0461538461538462,0,0
2020-09-30,"GB","GBWLS",3152879,0,0,0
2020-10-01,"GB","GBENG",56286961,0.0694319206492336,0.000918273645546373,0.000901713255184851
2020-10-01,"GB","GBNIR",1893667,0,0,0
2020-10-01,"GB","GBSCT",5463300,0.0461538461538462,0,0
2020-10-01,"GB","GBWLS",3152879,0,0,0
2020-10-02,"GB","GBENG",56286961,0.0694319206492336,0.000918273645546373,0
2020-10-02,"GB","GBNIR",1893667,0,0,0
2020-10-02,"GB","GBSCT",5463300,0.0461538461538462,0,0
2020-10-02,"GB","GBWLS",3152879,0,0,0
2020-10-03,"GB","GBENG",56286961,0.0694319206492336,0.000918273645546373,0
2020-10-03,"GB","GBNIR",1893667,0,0,0
2020-10-03,"GB","GBSCT",5463300,0.0461538461538462,0,0
2020-10-03,"GB","GBWLS",3152879,0,0,0
2020-10-04,"GB","GBENG",56286961,0.0705987488829312,0.000909918107370337,0
2020-10-04,"GB","GBNIR",1893667,0,0,0
2020-10-04,"GB","GBSCT",5463300,0.0461538461538462,0,0
2020-10-04,"GB","GBWLS",3152879,0,0,0
2020-10-05,"GB","GBENG",56286961,0.0705987488829312,0.000909918107370337,0
2020-10-05,"GB","GBNIR",1893667,0,0,0
2020-10-05,"GB","GBSCT",5463300,0.0461538461538462,0,0
2020-10-05,"GB","GBWLS",3152879,0,0,0
2020-10-06,"GB","GBENG",56286961,0.0705987488829312,0.000909918107370337,0
2020-10-06,"GB","GBNIR",1893667,0,0,0
2020-10-06,"GB","GBSCT",5463300,0.0461538461538462,0,0
2020-10-06,"GB","GBWLS",3152879,0,0,0
2020-10-07,"GB","GBENG",56286961,0.0705987488829312,0.000909918107370337,0
2020-10-07,"GB","GBNIR",1893667,0,0,0
2020-10-07,"GB","GBSCT",5463300,0.0461538461538462,0,0
2020-10-07,"GB","GBWLS",3152879,0,0,0
2020-10-08,"GB","GBENG",56286961,0.0705987488829312,0.000909918107370337,0
2020-10-08,"GB","GBNIR",1893667,0,0,0
2020-10-08,"GB","GBSCT",5463300,0.0461538461538462,0,0
2020-10-08,"GB","GBWLS",3152879,0,0,0
2020-10-09,"GB","GBENG",56286961,0.0705987488829312,0.000909918107370337,0
2020-10-09,"GB","GBNIR",1893667,0,0,0
2020-10-09,"GB","GBSCT",5463300,0.0461538461538462,0,0
2020-10-09,"GB","GBWLS",3152879,0,0,0
2020-10-10,"GB","GBENG",56286961,0.0702370500438982,0.000893655049151028,0
2020-10-10,"GB","GBNIR",1893667,0,0,0
2020-10-10,"GB","GBSCT",5463300,0.04,0,0
2020-10-10,"GB","GBWLS",3152879,0,0,0
2020-10-11,"GB","GBENG",56286961,0.0702370500438982,0.000893655049151028,0
2020-10-11,"GB","GBNIR",1893667,0,0,0
2020-10-11,"GB","GBSCT",5463300,0.04,0,0
2020-10-11,"GB","GBWLS",3152879,0,0,0
2020-10-12,"GB","GBENG",56286961,0.0702370500438982,0.000893655049151028,0
2020-10-12,"GB","GBNIR",1893667,0,0,0
2020-10-12,"GB","GBSCT",5463300,0.04,0,0
2020-10-12,"GB","GBWLS",3152879,0,0,0
2020-10-13,"GB","GBENG",56286961,0.0717884130982368,0.00129198966408269,0
2020-10-13,"GB","GBNIR",1893667,0,0,0
2020-10-13,"GB","GBSCT",5463300,0.04,0,0
2020-10-13,"GB","GBWLS",3152879,0,0,0
2020-10-14,"GB","GBENG",56286961,0.0677966101694915,0.00158982511923688,0
2020-10-14,"GB","GBNIR",1893667,0,0,0
2020-10-14,"GB","GBSCT",5463300,0,0,0
2020-10-14,"GB","GBWLS",3152879,0,0,0
2020-10-15,"GB","GBENG",56286961,0.0754414125200642,0.0116086235489221,0.0112359550561798
2020-10-15,"GB","GBNIR",1893667,0,0,0
2020-10-15,"GB","GBSCT",5463300,0,0,0
2020-10-15,"GB","GBWLS",3152879,0,0,0
2020-10-16,"GB","GBENG",56286961,0.0754414125200642,0.0116086235489221,0.0112359550561798
2020-10-16,"GB","GBNIR",1893667,0,0,0
2020-10-16,"GB","GBSCT",5463300,0,0,0
2020-10-16,"GB","GBWLS",3152879,0,0,0
2020-10-17,"GB","GBENG",56286961,0.0805860805860806,0.0133079847908745,0.0128205128205128
2020-10-17,"GB","GBNIR",1893667,0,0,0
2020-10-17,"GB","GBSCT",5463300,0,0,0
2020-10-17,"GB","GBWLS",3152879,0,0,0
2020-10-18,"GB","GBENG",56286961,0.0805860805860806,0.0133079847908745,0.0128205128205128
2020-10-18,"GB","GBNIR",1893667,0,0,0
2020-10-18,"GB","GBSCT",5463300,0,0,0
2020-10-18,"GB","GBWLS",3152879,0,0,0
2020-10-19,"GB","GBENG",56286961,0.0805860805860806,0.0133079847908745,0.0128205128205128
2020-10-19,"GB","GBNIR",1893667,0,0,0
2020-10-19,"GB","GBSCT",5463300,0,0,0
2020-10-19,"GB","GBWLS",3152879,0,0,0
2020-10-20,"GB","GBENG",56286961,0.0805860805860806,0.0133079847908745,0.0128205128205128
2020-10-20,"GB","GBNIR",1893667,0,0,0
2020-10-20,"GB","GBSCT",5463300,0,0,0
2020-10-20,"GB","GBWLS",3152879,0,0,0
2020-10-21,"GB","GBENG",56286961,0.0805860805860806,0.0133079847908745,0.0128205128205128
2020-10-21,"GB","GBNIR",1893667,0,0,0
2020-10-21,"GB","GBSCT",5463300,0,0,0
2020-10-21,"GB","GBWLS",3152879,0,0,0
2020-10-22,"GB","GBENG",56286961,0.0805860805860806,0.0133079847908745,0.0128205128205128
2020-10-22,"GB","GBNIR",1893667,0,0,0
2020-10-22,"GB","GBSCT",5463300,0,0,0
2020-10-22,"GB","GBWLS",3152879,0,0,0
2020-10-23,"GB","GBENG",56286961,0.0805860805860806,0.0133079847908745,0.0128205128205128
2020-10-23,"GB","GBNIR",1893667,0,0,0
2020-10-23,"GB","GBSCT",5463300,0,0,0
2020-10-23,"GB","GBWLS",3152879,0,0,0
2020-10-24,"GB","GBENG",56286961,0.0805860805860806,0.0133079847908745,0.0128205128205128
2020-10-24,"GB","GBNIR",1893667,0,0,0
2020-10-24,"GB","GBSCT",5463300,0,0,0
2020-10-24,"GB","GBWLS",3152879,0,0,0
2020-10-25,"GB","GBENG",56286961,0.0805860805860806,0.0133079847908745,0.0128205128205128
2020-10-25,"GB","GBNIR",1893667,0,0,0
2020-10-25,"GB","GBSCT",5463300,0,0,0
2020-10-25,"GB","GBWLS",3152879,0,0,0
2020-10-26,"GB","GBENG",56286961,0.0805860805860806,0.0133079847908745,0.0128205128205128
2020-10-26,"GB","GBNIR",1893667,0,0,0
2020-10-26,"GB","GBSCT",5463300,0,0,0
2020-10-26,"GB","GBWLS",3152879,0,0,0
2020-10-27,"GB","GBENG",56286961,0.0805860805860806,0.0133079847908745,0.0128205128205128
2020-10-27,"GB","GBNIR",1893667,0,0,0
2020-10-27,"GB","GBSCT",5463300,0,0,0
2020-10-27,"GB","GBWLS",3152879,0,0,0
2020-10-28,"GB","GBENG",56286961,0.0805860805860806,0.0133079847908745,0.0128205128205128
2020-10-28,"GB","GBNIR",1893667,0,0,0
2020-10-28,"GB","GBSCT",5463300,0,0,0
2020-10-28,"GB","GBWLS",3152879,0,0,0
2020-10-29,"GB","GBENG",56286961,0.0805860805860806,0.0133079847908745,0.0128205128205128
2020-10-29,"GB","GBNIR",1893667,0,0,0
2020-10-29,"GB","GBSCT",5463300,0,0,0
2020-10-29,"GB","GBWLS",3152879,0,0,0
2020-10-30,"GB","GBENG",56286961,0.0805860805860806,0.0133079847908745,0.0128205128205128
2020-10-30,"GB","GBNIR",1893667,0,0,0
2020-10-30,"GB","GBSCT",5463300,0,0,0
2020-10-30,"GB","GBWLS",3152879,0,0,0
2020-10-31,"GB","GBENG",56286961,0.0805860805860806,0.0133079847908745,0.0128205128205128
2020-10-31,"GB","GBNIR",1893667,0,0,0
2020-10-31,"GB","GBSCT",5463300,0,0,0
2020-10-31,"GB","GBWLS",3152879,0,0,0
2020-11-01,"GB","GBENG",56286961,0.0805860805860806,0.0133079847908745,0.0128205128205128
2020-11-01,"GB","GBNIR",1893667,0,0,0
2020-11-01,"GB","GBSCT",5463300,0,0,0
2020-11-01,"GB","GBWLS",3152879,0,0,0
2020-11-02,"GB","GBENG",56286961,0.0896860986547085,0.0164319248826291,0.015695067264574
2020-11-02,"GB","GBNIR",1893667,0,0,0
2020-11-02,"GB","GBSCT",5463300,0,0,0
2020-11-02,"GB","GBWLS",3152879,0,0,0
2020-11-03,"GB","GBENG",56286961,0.092741935483871,0.0147058823529412,0.0141129032258065
2020-11-03,"GB","GBNIR",1893667,0,0,0
2020-11-03,"GB","GBSCT",5463300,0,0,0
2020-11-03,"GB","GBWLS",3152879,0,0,0
2020-11-04,"GB","GBENG",56286961,0.092741935483871,0.0147058823529412,0.0141129032258065
2020-11-04,"GB","GBNIR",1893667,0,0,0
2020-11-04,"GB","GBSCT",5463300,0,0,0
2020-11-04,"GB","GBWLS",3152879,0,0,0
2020-11-05,"GB","GBENG",56286961,0.092741935483871,0.0147058823529412,0.0141129032258065
2020-11-05,"GB","GBNIR",1893667,0,0,0
2020-11-05,"GB","GBSCT",5463300,0,0,0
2020-11-05,"GB","GBWLS",3152879,0,0,0
2020-11-06,"GB","GBENG",56286961,0.101010101010101,0.0186170212765957,0.0176767676767677
2020-11-06,"GB","GBNIR",1893667,0,0,0
2020-11-06,"GB","GBSCT",5463300,0,0,0
2020-11-06,"GB","GBWLS",3152879,0,0,0
2020-11-07,"GB","GBENG",56286961,0.101010101010101,0.0186170212765957,0.0176767676767677
2020-11-07,"GB","GBNIR",1893667,0,0,0
2020-11-07,"GB","GBSCT",5463300,0,0,0
2020-11-07,"GB","GBWLS",3152879,0,0,0
2020-11-08,"GB","GBENG",56286961,0.101010101010101,0.0186170212765957,0.0176767676767677
2020-11-08,"GB","GBNIR",1893667,0,0,0
2020-11-08,"GB","GBSCT",5463300,0,0,0
2020-11-08,"GB","GBWLS",3152879,0,0,0
2020-11-09,"GB","GBENG",56286961,0.101010101010101,0.0186170212765957,0.0176767676767677
2020-11-09,"GB","GBNIR",1893667,0,0,0
2020-11-09,"GB","GBSCT",5463300,0,0,0
2020-11-09,"GB","GBWLS",3152879,0,0,0
2020-11-10,"GB","GBENG",56286961,0.101010101010101,0.0186170212765957,0.0176767676767677
2020-11-10,"GB","GBNIR",1893667,0,0,0
2020-11-10,"GB","GBSCT",5463300,0,0,0
2020-11-10,"GB","GBWLS",3152879,0,0,0
2020-11-11,"GB","GBENG",56286961,0.101010101010101,0.0186170212765957,0.0176767676767677
2020-11-11,"GB","GBNIR",1893667,0,0,0
2020-11-11,"GB","GBSCT",5463300,0,0,0
2020-11-11,"GB","GBWLS",3152879,0,0,0
2020-11-12,"GB","GBENG",56286961,0.0984042553191489,0.0196629213483146,0.0186170212765957
2020-11-12,"GB","GBNIR",1893667,0,0,0
2020-11-12,"GB","GBSCT",5463300,0,0,0
2020-11-12,"GB","GBWLS",3152879,0,0,0
2020-11-13,"GB","GBENG",56286961,0.0971867007672634,0.0188679245283019,0.0179028132992327
2020-11-13,"GB","GBNIR",1893667,0,0,0
2020-11-13,"GB","GBSCT",5463300,0,0,0
2020-11-13,"GB","GBWLS",3152879,0,0,0
2020-11-14,"GB","GBENG",56286961,0.0971867007672634,0.0188679245283019,0.0179028132992327
2020-11-14,"GB","GBNIR",1893667,0,0,0
2020-11-14,"GB","GBSCT",5463300,0,0,0
2020-11-14,"GB","GBWLS",3152879,0,0,0
2020-11-15,"GB","GBENG",56286961,0.0971867007672634,0.0188679245283019,0.0179028132992327
2020-11-15,"GB","GBNIR",1893667,0,0,0
2020-11-15,"GB","GBSCT",5463300,0,0,0
2020-11-15,"GB","GBWLS",3152879,0,0,0
2020-11-16,"GB","GBENG",56286961,0.0971867007672634,0.0188679245283019,0.0179028132992327
2020-11-16,"GB","GBNIR",1893667,0,0,0
2020-11-16,"GB","GBSCT",5463300,0,0,0
2020-11-16,"GB","GBWLS",3152879,0,0,0
2020-11-17,"GB","GBENG",56286961,0.0971867007672634,0.0188679245283019,0.0179028132992327
2020-11-17,"GB","GBNIR",1893667,0,0,0
2020-11-17,"GB","GBSCT",5463300,0,0,0
2020-11-17,"GB","GBWLS",3152879,0,0,0
2020-11-18,"GB","GBENG",56286961,0.0971867007672634,0.0188679245283019,0.0179028132992327
2020-11-18,"GB","GBNIR",1893667,0,0,0
2020-11-18,"GB","GBSCT",5463300,0,0,0
2020-11-18,"GB","GBWLS",3152879,0,0,0
2020-11-19,"GB","GBENG",56286961,0.0971867007672634,0.0188679245283019,0.0179028132992327
2020-11-19,"GB","GBNIR",1893667,0,0,0
2020-11-19,"GB","GBSCT",5463300,0,0,0
2020-11-19,"GB","GBWLS",3152879,0,0,0
2020-11-20,"GB","GBENG",56286961,0.0971867007672634,0.0188679245283019,0.0179028132992327
2020-11-20,"GB","GBNIR",1893667,0,0,0
2020-11-20,"GB","GBSCT",5463300,0,0,0
2020-11-20,"GB","GBWLS",3152879,0,0,0
2020-11-21,"GB","GBENG",56286961,0.0952380952380952,0.0221518987341772,0.0208333333333333
2020-11-21,"GB","GBNIR",1893667,0,0,0
2020-11-21,"GB","GBSCT",5463300,0,0,0
2020-11-21,"GB","GBWLS",3152879,0,0,0
2020-11-22,"GB","GBENG",56286961,0.0952380952380952,0.0221518987341772,0.0208333333333333
2020-11-22,"GB","GBNIR",1893667,0,0,0
2020-11-22,"GB","GBSCT",5463300,0,0,0
2020-11-22,"GB","GBWLS",3152879,0,0,0
2020-11-23,"GB","GBENG",56286961,0.0952380952380952,0.0221518987341772,0.0208333333333333
2020-11-23,"GB","GBNIR",1893667,0,0,0
2020-11-23,"GB","GBSCT",5463300,0,0,0
2020-11-23,"GB","GBWLS",3152879,0,0,0
2020-11-24,"GB","GBENG",56286961,0.0952380952380952,0.0221518987341772,0.0208333333333333
2020-11-24,"GB","GBNIR",1893667,0,0,0
2020-11-24,"GB","GBSCT",5463300,0,0,0
2020-11-24,"GB","GBWLS",3152879,0,0,0
2020-11-25,"GB","GBENG",56286961,0.0952380952380952,0.0221518987341772,0.0208333333333333
2020-11-25,"GB","GBNIR",1893667,0,0,0
2020-11-25,"GB","GBSCT",5463300,0,0,0
2020-11-25,"GB","GBWLS",3152879,0,0,0
2020-11-26,"GB","GBENG",56286961,0.0952380952380952,0.0221518987341772,0.0208333333333333
2020-11-26,"GB","GBNIR",1893667,0,0,0
2020-11-26,"GB","GBSCT",5463300,0,0,0
2020-11-26,"GB","GBWLS",3152879,0,0,0
2020-11-27,"GB","GBENG",56286961,0.0952380952380952,0.0221518987341772,0.0208333333333333
2020-11-27,"GB","GBNIR",1893667,0,0,0
2020-11-27,"GB","GBSCT",5463300,0,0,0
2020-11-27,"GB","GBWLS",3152879,0,0,0
2020-11-28,"GB","GBENG",56286961,0.0952380952380952,0.0221518987341772,0.0208333333333333
2020-11-28,"GB","GBNIR",1893667,0,0,0
2020-11-28,"GB","GBSCT",5463300,0,0,0
2020-11-28,"GB","GBWLS",3152879,0,0,0
2020-11-29,"GB","GBENG",56286961,0.0949367088607595,0.0221518987341772,0.0221518987341772
2020-11-29,"GB","GBNIR",1893667,0,0,0
2020-11-29,"GB","GBSCT",5463300,0,0,0
2020-11-29,"GB","GBWLS",3152879,0,0,0
2020-11-30,"GB","GBENG",56286961,0.0949367088607595,0.0221518987341772,0.0221518987341772
2020-11-30,"GB","GBNIR",1893667,0,0,0
2020-11-30,"GB","GBSCT",5463300,0,0,0
2020-11-30,"GB","GBWLS",3152879,0,0,0
2020-12-01,"GB","GBENG",56286961,0.0949367088607595,0.0221518987341772,0.0221518987341772
2020-12-01,"GB","GBNIR",1893667,0,0,0
2020-12-01,"GB","GBSCT",5463300,0,0,0
2020-12-01,"GB","GBWLS",3152879,0,0,0
2020-12-02,"GB","GBENG",56286961,0.098314606741573,0.0196629213483146,0.0196629213483146
2020-12-02,"GB","GBNIR",1893667,0,0,0
2020-12-02,"GB","GBSCT",5463300,0,0,0
2020-12-02,"GB","GBWLS",3152879,0,0,0
2020-12-03,"GB","GBENG",56286961,0.098314606741573,0.0196629213483146,0.0196629213483146
2020-12-03,"GB","GBNIR",1893667,0,0,0
2020-12-03,"GB","GBSCT",5463300,0,0,0
2020-12-03,"GB","GBWLS",3152879,0,0,0
2020-12-04,"GB","GBENG",56286961,0.098314606741573,0.0196629213483146,0.0196629213483146
2020-12-04,"GB","GBNIR",1893667,0,0,0
2020-12-04,"GB","GBSCT",5463300,0,0,0
2020-12-04,"GB","GBWLS",3152879,0,0,0
2020-12-05,"GB","GBENG",56286961,0.098314606741573,0.0196629213483146,0.0196629213483146
2020-12-05,"GB","GBNIR",1893667,0,0,0
2020-12-05,"GB","GBSCT",5463300,0,0,0
2020-12-05,"GB","GBWLS",3152879,0,0,0
2020-12-06,"GB","GBENG",56286961,0.098314606741573,0.0196629213483146,0.0196629213483146
2020-12-06,"GB","GBNIR",1893667,0,0,0
2020-12-06,"GB","GBSCT",5463300,0,0,0
2020-12-06,"GB","GBWLS",3152879,0,0,0
2020-12-07,"GB","GBENG",56286961,0.098314606741573,0.0196629213483146,0.0196629213483146
2020-12-07,"GB","GBNIR",1893667,0,0,0
2020-12-07,"GB","GBSCT",5463300,0,0,0
2020-12-07,"GB","GBWLS",3152879,0,0,0
2020-12-08,"GB","GBENG",56286961,0.098314606741573,0.0196629213483146,0.0196629213483146
2020-12-08,"GB","GBNIR",1893667,0,0,0
2020-12-08,"GB","GBSCT",5463300,0,0,0
2020-12-08,"GB","GBWLS",3152879,0,0,0
2020-12-09,"GB","GBENG",56286961,0.098314606741573,0.0196629213483146,0.0196629213483146
2020-12-09,"GB","GBNIR",1893667,0,0,0
2020-12-09,"GB","GBSCT",5463300,0,0,0
2020-12-09,"GB","GBWLS",3152879,0,0,0
2020-12-10,"GB","GBENG",56286961,0.098314606741573,0.0196629213483146,0.0196629213483146
2020-12-10,"GB","GBNIR",1893667,0,0,0
2020-12-10,"GB","GBSCT",5463300,0,0,0
2020-12-10,"GB","GBWLS",3152879,0,0,0
2020-12-11,"GB","GBENG",56286961,0.098314606741573,0.0196629213483146,0.0196629213483146
2020-12-11,"GB","GBNIR",1893667,0,0,0
2020-12-11,"GB","GBSCT",5463300,0,0,0
2020-12-11,"GB","GBWLS",3152879,0,0,0
2020-12-12,"GB","GBENG",56286961,0.098314606741573,0.0196629213483146,0.0196629213483146
2020-12-12,"GB","GBNIR",1893667,0,0,0
2020-12-12,"GB","GBSCT",5463300,0,0,0
2020-12-12,"GB","GBWLS",3152879,0,0,0
2020-12-13,"GB","GBENG",56286961,0.098314606741573,0.0196629213483146,0.0196629213483146
2020-12-13,"GB","GBNIR",1893667,0,0,0
2020-12-13,"GB","GBSCT",5463300,0,0,0
2020-12-13,"GB","GBWLS",3152879,0,0,0
2020-12-14,"GB","GBENG",56286961,0.098314606741573,0.0196629213483146,0.0196629213483146
2020-12-14,"GB","GBNIR",1893667,0,0,0
2020-12-14,"GB","GBSCT",5463300,0,0,0
2020-12-14,"GB","GBWLS",3152879,0,0,0
2020-12-15,"GB","GBENG",56286961,0.098314606741573,0.0196629213483146,0.0196629213483146
2020-12-15,"GB","GBNIR",1893667,0,0,0
2020-12-15,"GB","GBSCT",5463300,0,0,0
2020-12-15,"GB","GBWLS",3152879,0,0,0
2020-12-16,"GB","GBENG",56286961,0.0980392156862745,0.0196078431372549,0.0196078431372549
2020-12-16,"GB","GBNIR",1893667,0,0,0
2020-12-16,"GB","GBSCT",5463300,0,0,0
2020-12-16,"GB","GBWLS",3152879,0,0,0
2020-12-17,"GB","GBENG",56286961,0.113636363636364,0.0204545454545455,0.0204545454545455
2020-12-17,"GB","GBNIR",1893667,0,0,0
2020-12-17,"GB","GBSCT",5463300,0,0,0
2020-12-17,"GB","GBWLS",3152879,0,0,0
2020-12-18,"GB","GBENG",56286961,0.113636363636364,0.0204545454545455,0.0204545454545455
2020-12-18,"GB","GBNIR",1893667,0,0,0
2020-12-18,"GB","GBSCT",5463300,0,0,0
2020-12-18,"GB","GBWLS",3152879,0,0,0
2020-12-19,"GB","GBENG",56286961,0.113636363636364,0.0204545454545455,0.0204545454545455
2020-12-19,"GB","GBNIR",1893667,0,0,0
2020-12-19,"GB","GBSCT",5463300,0,0,0
2020-12-19,"GB","GBWLS",3152879,0,0,0
2020-12-20,"GB","GBENG",56286961,0.113636363636364,0.0204545454545455,0.0204545454545455
2020-12-20,"GB","GBNIR",1893667,0,0,0
2020-12-20,"GB","GBSCT",5463300,0,0,0
2020-12-20,"GB","GBWLS",3152879,0,0,0
2020-12-21,"GB","GBENG",56286961,0.111597374179431,0.0196936542669584,0.0196936542669584
2020-12-21,"GB","GBNIR",1893667,0,0,0
2020-12-21,"GB","GBSCT",5463300,0.02,0,0
2020-12-21,"GB","GBWLS",3152879,0,0,0
2020-12-22,"GB","GBENG",56286961,0.111597374179431,0.0196936542669584,0.0196936542669584
2020-12-22,"GB","GBNIR",1893667,0,0,0
2020-12-22,"GB","GBSCT",5463300,0.02,0,0
2020-12-22,"GB","GBWLS",3152879,0,0,0
2020-12-23,"GB","GBENG",56286961,0.0951526032315978,0.0161579892280072,0.0161579892280072
2020-12-23,"GB","GBNIR",1893667,0,0,0
2020-12-23,"GB","GBSCT",5463300,0.0451612903225806,0,0.00645161290322581
2020-12-23,"GB","GBWLS",3152879,0,0,0
2020-12-24,"GB","GBENG",56286961,0.0951526032315978,0.0161579892280072,0.0161579892280072
2020-12-24,"GB","GBNIR",1893667,0,0,0
2020-12-24,"GB","GBSCT",5463300,0.0451612903225806,0,0.00645161290322581
2020-12-24,"GB","GBWLS",3152879,0,0,0
2020-12-25,"GB","GBENG",56286961,0.0935875216637782,0.0173310225303293,0.0155979202772964
2020-12-25,"GB","GBNIR",1893667,0,0,0
2020-12-25,"GB","GBSCT",5463300,0.0451612903225806,0,0.00645161290322581
2020-12-25,"GB","GBWLS",3152879,0,0,0
2020-12-26,"GB","GBENG",56286961,0.0935875216637782,0.0173310225303293,0.0155979202772964
2020-12-26,"GB","GBNIR",1893667,0,0,0
2020-12-26,"GB","GBSCT",5463300,0.0451612903225806,0,0.00645161290322581
2020-12-26,"GB","GBWLS",3152879,0,0,0
2020-12-27,"GB","GBENG",56286961,0.0929054054054054,0.0168918918918919,0.0152027027027027
2020-12-27,"GB","GBNIR",1893667,0,0,0
2020-12-27,"GB","GBSCT",5463300,0.0451612903225806,0,0.00645161290322581
2020-12-27,"GB","GBWLS",3152879,0,0,0
2020-12-28,"GB","GBENG",56286961,0.0931372549019608,0.0163398692810458,0.0147058823529412
2020-12-28,"GB","GBNIR",1893667,0,0,0
2020-12-28,"GB","GBSCT",5463300,0.0451612903225806,0,0.00645161290322581
2020-12-28,"GB","GBWLS",3152879,0,0,0
2020-12-29,"GB","GBENG",56286961,0.0931372549019608,0.0163398692810458,0.0147058823529412
2020-12-29,"GB","GBNIR",1893667,0,0,0
2020-12-29,"GB","GBSCT",5463300,0.0451612903225806,0,0.00645161290322581
2020-12-29,"GB","GBWLS",3152879,0,0,0
2020-12-30,"GB","GBENG",56286961,0.0931372549019608,0.0163398692810458,0.0147058823529412
2020-12-30,"GB","GBNIR",1893667,0,0,0
2020-12-30,"GB","GBSCT",5463300,0.0451612903225806,0,0.00645161290322581
2020-12-30,"GB","GBWLS",3152879,0,0,0
2020-12-31,"GB","GBENG",56286961,0.0930576070901034,0.0147710487444609,0.0132939438700148
2020-12-31,"GB","GBNIR",1893667,0,0,0
2020-12-31,"GB","GBSCT",5463300,0.0451612903225806,0,0.00645161290322581
2020-12-31,"GB","GBWLS",3152879,0,0,0
2021-01-01,"GB","GBENG",56286961,0.0930576070901034,0.0147710487444609,0.0132939438700148
2021-01-01,"GB","GBNIR",1893667,0,0,0
2021-01-01,"GB","GBSCT",5463300,0.0451612903225806,0,0.00645161290322581
2021-01-01,"GB","GBWLS",3152879,0,0,0
2021-01-02,"GB","GBENG",56286961,0.0938375350140056,0.0140056022408964,0.0126050420168067
2021-01-02,"GB","GBNIR",1893667,0,0,0
2021-01-02,"GB","GBSCT",5463300,0.0451612903225806,0,0.00645161290322581
2021-01-02,"GB","GBWLS",3152879,0,0,0
2021-01-03,"GB","GBENG",56286961,0.0957592339261286,0.0136798905608755,0.012311901504788
2021-01-03,"GB","GBNIR",1893667,0,0,0
2021-01-03,"GB","GBSCT",5463300,0.0451612903225806,0,0.00645161290322581
2021-01-03,"GB","GBWLS",3152879,0,0,0
2021-01-04,"GB","GBENG",56286961,0.0975935828877005,0.0133689839572193,0.0120320855614973
2021-01-04,"GB","GBNIR",1893667,0,0,0
2021-01-04,"GB","GBSCT",5463300,0.0451612903225806,0,0.00645161290322581
2021-01-04,"GB","GBWLS",3152879,0,0,0
2021-01-05,"GB","GBENG",56286961,0.109774436090226,0.0150375939849624,0.0135338345864662
2021-01-05,"GB","GBNIR",1893667,0,0,0
2021-01-05,"GB","GBSCT",5463300,0.0451612903225806,0,0.00645161290322581
2021-01-05,"GB","GBWLS",3152879,0,0,0
2021-01-06,"GB","GBENG",56286961,0.111111111111111,0.0148148148148148,0.0133333333333333
2021-01-06,"GB","GBNIR",1893667,0,0,0
2021-01-06,"GB","GBSCT",5463300,0.0451612903225806,0,0.00645161290322581
2021-01-06,"GB","GBWLS",3152879,0,0,0
2021-01-07,"GB","GBENG",56286961,0.11271676300578,0.0144508670520231,0.0130057803468208
2021-01-07,"GB","GBNIR",1893667,0,0,0
2021-01-07,"GB","GBSCT",5463300,0.0451612903225806,0,0.00645161290322581
2021-01-07,"GB","GBWLS",3152879,0,0,0
2021-01-08,"GB","GBENG",56286961,0.114245416078984,0.0141043723554302,0.0126939351198872
2021-01-08,"GB","GBNIR",1893667,0,0,0
2021-01-08,"GB","GBSCT",5463300,0.0451612903225806,0,0.00645161290322581
2021-01-08,"GB","GBWLS",3152879,0,0,0
2021-01-09,"GB","GBENG",56286961,0.113484646194927,0.0160213618157543,0.0160213618157543
2021-01-09,"GB","GBNIR",1893667,0,0,0
2021-01-09,"GB","GBSCT",5463300,0.0451612903225806,0,0.00645161290322581
2021-01-09,"GB","GBWLS",3152879,0,0,0
2021-01-10,"GB","GBENG",56286961,0.114882506527415,0.0156657963446475,0.0156657963446475
2021-01-10,"GB","GBNIR",1893667,0,0,0
2021-01-10,"GB","GBSCT",5463300,0.0451612903225806,0,0.00645161290322581
2021-01-10,"GB","GBWLS",3152879,0,0,0
2021-01-11,"GB","GBENG",56286961,0.1171875,0.0143229166666667,0.015625
2021-01-11,"GB","GBNIR",1893667,0,0,0
2021-01-11,"GB","GBSCT",5463300,0.0451612903225806,0,0.00645161290322581
2021-01-11,"GB","GBWLS",3152879,0,0,0
2021-01-12,"GB","GBENG",56286961,0.115168539325843,0.00702247191011236,0.00702247191011236
2021-01-12,"GB","GBNIR",1893667,0,0,0
2021-01-12,"GB","GBSCT",5463300,0.0451612903225806,0,0.00645161290322581
2021-01-12,"GB","GBWLS",3152879,0,0,0
2021-01-13,"GB","GBENG",56286961,0.115168539325843,0.00702247191011236,0.00702247191011236
2021-01-13,"GB","GBNIR",1893667,0,0,0
2021-01-13,"GB","GBSCT",5463300,0.0451612903225806,0,0.00645161290322581
2021-01-13,"GB","GBWLS",3152879,0,0,0
2021-01-14,"GB","GBENG",56286961,0.115168539325843,0.00702247191011236,0.00702247191011236
2021-01-14,"GB","GBNIR",1893667,0,0,0
2021-01-14,"GB","GBSCT",5463300,0.0451612903225806,0,0.00645161290322581
2021-01-14,"GB","GBWLS",3152879,0,0,0
2021-01-15,"GB","GBENG",56286961,0.118980169971671,0.00708215297450425,0.00708215297450425
2021-01-15,"GB","GBNIR",1893667,0,0,0
2021-01-15,"GB","GBSCT",5463300,0.0451612903225806,0,0.00645161290322581
2021-01-15,"GB","GBWLS",3152879,0,0,0
2021-01-16,"GB","GBENG",56286961,0.118980169971671,0.00708215297450425,0.00708215297450425
2021-01-16,"GB","GBNIR",1893667,0,0,0
2021-01-16,"GB","GBSCT",5463300,0.0451612903225806,0,0.00645161290322581
2021-01-16,"GB","GBWLS",3152879,0,0,0
2021-01-17,"GB","GBENG",56286961,0.122962962962963,0.00444444444444444,0.00592592592592593
2021-01-17,"GB","GBNIR",1893667,0,0,0
2021-01-17,"GB","GBSCT",5463300,0.0451612903225806,0,0.00645161290322581
2021-01-17,"GB","GBWLS",3152879,0,0,0
2021-01-18,"GB","GBENG",56286961,0.122962962962963,0.00444444444444444,0.00592592592592593
2021-01-18,"GB","GBNIR",1893667,0,0,0
2021-01-18,"GB","GBSCT",5463300,0.0451612903225806,0,0.00645161290322581
2021-01-18,"GB","GBWLS",3152879,0,0,0
2021-01-19,"GB","GBENG",56286961,0.124233128834356,0.00460122699386503,0.00613496932515337
2021-01-19,"GB","GBNIR",1893667,0,0,0
2021-01-19,"GB","GBSCT",5463300,0.0451612903225806,0,0.00645161290322581
2021-01-19,"GB","GBWLS",3152879,0,0,0
2021-01-20,"GB","GBENG",56286961,0.126348228043143,0.00308166409861325,0.00462249614791988
2021-01-20,"GB","GBNIR",1893667,0,0,0
2021-01-20,"GB","GBSCT",5463300,0.0451612903225806,0,0.00645161290322581
2021-01-20,"GB","GBWLS",3152879,0,0,0
2021-01-21,"GB","GBENG",56286961,0.130637636080871,0.0031104199066874,0.0046656298600311
2021-01-21,"GB","GBNIR",1893667,0,0,0
2021-01-21,"GB","GBSCT",5463300,0.0451612903225806,0,0.00645161290322581
2021-01-21,"GB","GBWLS",3152879,0,0,0
2021-01-22,"GB","GBENG",56286961,0.120967741935484,0.00161290322580645,0.0032258064516129
2021-01-22,"GB","GBNIR",1893667,0,0,0
2021-01-22,"GB","GBSCT",5463300,0.0451612903225806,0,0.00645161290322581
2021-01-22,"GB","GBWLS",3152879,0,0,0
2021-01-23,"GB","GBENG",56286961,0.124193548387097,0.00161290322580645,0.0032258064516129
2021-01-23,"GB","GBNIR",1893667,0,0,0
2021-01-23,"GB","GBSCT",5463300,0.0451612903225806,0,0.00645161290322581
2021-01-23,"GB","GBWLS",3152879,0,0,0
2021-01-24,"GB","GBENG",56286961,0.145251396648045,0.00186219739292365,0.0037243947858473
2021-01-24,"GB","GBNIR",1893667,0.08,0,0.04
2021-01-24,"GB","GBSCT",5463300,0.0451612903225806,0,0.00645161290322581
2021-01-24,"GB","GBWLS",3152879,0,0,0
2021-01-25,"GB","GBENG",56286961,0.149812734082397,0,0.00374531835205993
2021-01-25,"GB","GBNIR",1893667,0.08,0,0.04
2021-01-25,"GB","GBSCT",5463300,0.0451612903225806,0,0.00645161290322581
2021-01-25,"GB","GBWLS",3152879,0,0,0
2021-01-26,"GB","GBENG",56286961,0.152985074626866,0,0.00373134328358209
2021-01-26,"GB","GBNIR",1893667,0.08,0,0.04
2021-01-26,"GB","GBSCT",5463300,0.0451612903225806,0,0.00645161290322581
2021-01-26,"GB","GBWLS",3152879,0,0,0
2021-01-27,"GB","GBENG",56286961,0.154696132596685,0,0.00368324125230203
2021-01-27,"GB","GBNIR",1893667,0.08,0,0.04
2021-01-27,"GB","GBSCT",5463300,0.0451612903225806,0,0.00645161290322581
2021-01-27,"GB","GBWLS",3152879,0,0,0
2021-01-28,"GB","GBENG",56286961,0.156363636363636,0,0.00363636363636364
2021-01-28,"GB","GBNIR",1893667,0.08,0,0.04
2021-01-28,"GB","GBSCT",5463300,0.0451612903225806,0,0.00645161290322581
2021-01-28,"GB","GBWLS",3152879,0,0,0
2021-01-29,"GB","GBENG",56286961,0.157989228007181,0,0.00359066427289048
2021-01-29,"GB","GBNIR",1893667,0.08,0,0.04
2021-01-29,"GB","GBSCT",5463300,0.0451612903225806,0,0.00645161290322581
2021-01-29,"GB","GBWLS",3152879,0,0,0
2021-01-30,"GB","GBENG",56286961,0.158469945355191,0,0.00364298724954463
2021-01-30,"GB","GBNIR",1893667,0.08,0,0.04
2021-01-30,"GB","GBSCT",5463300,0.0451612903225806,0,0.00645161290322581
2021-01-30,"GB","GBWLS",3152879,0,0,0
2021-01-31,"GB","GBENG",56286961,0.166044776119403,0,0.00373134328358209
2021-01-31,"GB","GBNIR",1893667,0.08,0,0.04
2021-01-31,"GB","GBSCT",5463300,0.0451612903225806,0,0.00645161290322581
2021-01-31,"GB","GBWLS",3152879,0,0,0
2021-02-01,"GB","GBENG",56286961,0.166044776119403,0,0.00373134328358209
2021-02-01,"GB","GBNIR",1893667,0.08,0,0.04
2021-02-01,"GB","GBSCT",5463300,0.0451612903225806,0,0.00645161290322581
2021-02-01,"GB","GBWLS",3152879,0,0,0
2021-02-02,"GB","GBENG",56286961,0.170731707317073,0,0.00375234521575985
2021-02-02,"GB","GBNIR",1893667,0.08,0,0.04
2021-02-02,"GB","GBSCT",5463300,0.0451612903225806,0,0.00645161290322581
2021-02-02,"GB","GBWLS",3152879,0,0,0
2021-02-03,"GB","GBENG",56286961,0.170731707317073,0,0.00375234521575985
2021-02-03,"GB","GBNIR",1893667,0.08,0,0.04
2021-02-03,"GB","GBSCT",5463300,0.0451612903225806,0,0.00645161290322581
2021-02-03,"GB","GBWLS",3152879,0,0,0
2021-02-04,"GB","GBENG",56286961,0.170731707317073,0,0.00375234521575985
2021-02-04,"GB","GBNIR",1893667,0.08,0,0.04
2021-02-04,"GB","GBSCT",5463300,0.0451612903225806,0,0.00645161290322581
2021-02-04,"GB","GBWLS",3152879,0,0,0
2021-02-05,"GB","GBENG",56286961,0.170731707317073,0,0.00375234521575985
2021-02-05,"GB","GBNIR",1893667,0.08,0,0.04
2021-02-05,"GB","GBSCT",5463300,0.0451612903225806,0,0.00645161290322581
2021-02-05,"GB","GBWLS",3152879,0,0,0
2021-02-06,"GB","GBENG",56286961,0.170731707317073,0,0.00375234521575985
2021-02-06,"GB","GBNIR",1893667,0.08,0,0.04
2021-02-06,"GB","GBSCT",5463300,0.0451612903225806,0,0.00645161290322581
2021-02-06,"GB","GBWLS",3152879,0,0,0
2021-02-07,"GB","GBENG",56286961,0.170731707317073,0,0.00375234521575985
2021-02-07,"GB","GBNIR",1893667,0.08,0,0.04
2021-02-07,"GB","GBSCT",5463300,0.0451612903225806,0,0.00645161290322581
2021-02-07,"GB","GBWLS",3152879,0,0,0
2021-02-08,"GB","GBENG",56286961,0.171378091872792,0,0.00387596899224806
2021-02-08,"GB","GBNIR",1893667,0.08,0,0.04
2021-02-08,"GB","GBSCT",5463300,0.0451612903225806,0,0.00645161290322581
2021-02-08,"GB","GBWLS",3152879,0,0,0
2021-02-09,"GB","GBENG",56286961,0.171378091872792,0,0.00387596899224806
2021-02-09,"GB","GBNIR",1893667,0.08,0,0.04
2021-02-09,"GB","GBSCT",5463300,0.0451612903225806,0,0.00645161290322581
2021-02-09,"GB","GBWLS",3152879,0,0,0
2021-02-10,"GB","GBENG",56286961,0.171378091872792,0,0.00387596899224806
2021-02-10,"GB","GBNIR",1893667,0.08,0,0.04
2021-02-10,"GB","GBSCT",5463300,0.0451612903225806,0,0.00645161290322581
2021-02-10,"GB","GBWLS",3152879,0,0,0
2021-02-11,"GB","GBENG",56286961,0.171378091872792,0,0.00387596899224806
2021-02-11,"GB","GBNIR",1893667,0.08,0,0.04
2021-02-11,"GB","GBSCT",5463300,0.0451612903225806,0,0.00645161290322581
2021-02-11,"GB","GBWLS",3152879,0,0,0
2021-02-12,"GB","GBENG",56286961,0.171378091872792,0,0.00387596899224806
2021-02-12,"GB","GBNIR",1893667,0.08,0,0.04
2021-02-12,"GB","GBSCT",5463300,0.0451612903225806,0,0.00645161290322581
2021-02-12,"GB","GBWLS",3152879,0,0,0
2021-02-13,"GB","GBENG",56286961,0.171378091872792,0,0.00387596899224806
2021-02-13,"GB","GBNIR",1893667,0.08,0,0.04
2021-02-13,"GB","GBSCT",5463300,0.0451612903225806,0,0.00645161290322581
2021-02-13,"GB","GBWLS",3152879,0,0,0
2021-02-14,"GB","GBENG",56286961,0.171378091872792,0,0.00387596899224806
2021-02-14,"GB","GBNIR",1893667,0.08,0,0.04
2021-02-14,"GB","GBSCT",5463300,0.0451612903225806,0,0.00645161290322581
2021-02-14,"GB","GBWLS",3152879,0,0,0
2021-02-15,"GB","GBENG",56286961,0.171378091872792,0,0.00387596899224806
2021-02-15,"GB","GBNIR",1893667,0.08,0,0.04
2021-02-15,"GB","GBSCT",5463300,0.0451612903225806,0,0.00645161290322581
2021-02-15,"GB","GBWLS",3152879,0,0,0
2021-02-16,"GB","GBENG",56286961,0.171378091872792,0,0.00387596899224806
2021-02-16,"GB","GBNIR",1893667,0.08,0,0.04
2021-02-16,"GB","GBSCT",5463300,0.0451612903225806,0,0.00645161290322581
2021-02-16,"GB","GBWLS",3152879,0,0,0
2021-02-17,"GB","GBENG",56286961,0.171378091872792,0,0.00387596899224806
2021-02-17,"GB","GBNIR",1893667,0.08,0,0.04
2021-02-17,"GB","GBSCT",5463300,0.0451612903225806,0,0.00645161290322581
2021-02-17,"GB","GBWLS",3152879,0,0,0
2021-02-18,"GB","GBENG",56286961,0.171378091872792,0,0.00387596899224806
2021-02-18,"GB","GBNIR",1893667,0.08,0,0.04
2021-02-18,"GB","GBSCT",5463300,0.0451612903225806,0,0.00645161290322581
2021-02-18,"GB","GBWLS",3152879,0,0,0
2021-02-19,"GB","GBENG",56286961,0.171378091872792,0,0.00387596899224806
2021-02-19,"GB","GBNIR",1893667,0.08,0,0.04
2021-02-19,"GB","GBSCT",5463300,0.0451612903225806,0,0.00645161290322581
2021-02-19,"GB","GBWLS",3152879,0,0,0
2021-02-20,"GB","GBENG",56286961,0.171378091872792,0,0.00387596899224806
2021-02-20,"GB","GBNIR",1893667,0.08,0,0.04
2021-02-20,"GB","GBSCT",5463300,0.0451612903225806,0,0.00645161290322581
2021-02-20,"GB","GBWLS",3152879,0,0,0
2021-02-21,"GB","GBENG",56286961,0.171378091872792,0,0.00387596899224806
2021-02-21,"GB","GBNIR",1893667,0.08,0,0.04
2021-02-21,"GB","GBSCT",5463300,0.0451612903225806,0,0.00645161290322581
2021-02-21,"GB","GBWLS",3152879,0,0,0
2021-02-22,"GB","GBENG",56286961,0.171378091872792,0,0.00387596899224806
2021-02-22,"GB","GBNIR",1893667,0.08,0,0.04
2021-02-22,"GB","GBSCT",5463300,0.0451612903225806,0,0.00645161290322581
2021-02-22,"GB","GBWLS",3152879,0,0,0
2021-02-23,"GB","GBENG",56286961,0.171075837742504,0,0.00386847195357834
2021-02-23,"GB","GBNIR",1893667,0.08,0,0.04
2021-02-23,"GB","GBSCT",5463300,0.0451612903225806,0,0.00645161290322581
2021-02-23,"GB","GBWLS",3152879,0,0,0
2021-02-24,"GB","GBENG",56286961,0.171075837742504,0,0.00386847195357834
2021-02-24,"GB","GBNIR",1893667,0.08,0,0.04
2021-02-24,"GB","GBSCT",5463300,0.0451612903225806,0,0.00645161290322581
2021-02-24,"GB","GBWLS",3152879,0,0,0
2021-02-25,"GB","GBENG",56286961,0.171075837742504,0,0.00386847195357834
2021-02-25,"GB","GBNIR",1893667,0.08,0,0.04
2021-02-25,"GB","GBSCT",5463300,0.0512820512820513,0,0.00512820512820513
2021-02-25,"GB","GBWLS",3152879,0,0,0
2021-02-26,"GB","GBENG",56286961,0.171075837742504,0,0.00386847195357834
2021-02-26,"GB","GBNIR",1893667,0.08,0,0.04
2021-02-26,"GB","GBSCT",5463300,0.0512820512820513,0,0.00512820512820513
2021-02-26,"GB","GBWLS",3152879,0,0,0
2021-02-27,"GB","GBENG",56286961,0.171075837742504,0,0.00386847195357834
2021-02-27,"GB","GBNIR",1893667,0.08,0,0.04
2021-02-27,"GB","GBSCT",5463300,0.0512820512820513,0,0.00512820512820513
2021-02-27,"GB","GBWLS",3152879,0,0,0
2021-02-28,"GB","GBENG",56286961,0.171075837742504,0,0.00386847195357834
2021-02-28,"GB","GBNIR",1893667,0.08,0,0.04
2021-02-28,"GB","GBSCT",5463300,0.0512820512820513,0,0.00512820512820513
2021-02-28,"GB","GBWLS",3152879,0,0,0
2021-03-01,"GB","GBENG",56286961,0.171075837742504,0,0.00386847195357834
2021-03-01,"GB","GBNIR",1893667,0.08,0,0.04
2021-03-01,"GB","GBSCT",5463300,0.0512820512820513,0,0.00512820512820513
2021-03-01,"GB","GBWLS",3152879,0,0,0
2021-03-02,"GB","GBENG",56286961,0.171075837742504,0,0.00386847195357834
2021-03-02,"GB","GBNIR",1893667,0.08,0,0.04
2021-03-02,"GB","GBSCT",5463300,0.0512820512820513,0,0.00512820512820513
2021-03-02,"GB","GBWLS",3152879,0,0,0
2021-03-03,"GB","GBENG",56286961,0.171075837742504,0,0.00386847195357834
2021-03-03,"GB","GBNIR",1893667,0.08,0,0.04
2021-03-03,"GB","GBSCT",5463300,0.0512820512820513,0,0.00512820512820513
2021-03-03,"GB","GBWLS",3152879,0,0,0
2021-03-04,"GB","GBENG",56286961,0.171075837742504,0,0.00386847195357834
2021-03-04,"GB","GBNIR",1893667,0.08,0,0.04
2021-03-04,"GB","GBSCT",5463300,0.0512820512820513,0,0.00512820512820513
2021-03-04,"GB","GBWLS",3152879,0,0,0
2021-03-05,"GB","GBENG",56286961,0.171075837742504,0,0.00386847195357834
2021-03-05,"GB","GBNIR",1893667,0.08,0,0.04
2021-03-05,"GB","GBSCT",5463300,0.0512820512820513,0,0.00512820512820513
2021-03-05,"GB","GBWLS",3152879,0,0,0
2021-03-06,"GB","GBENG",56286961,0.171075837742504,0,0.00386847195357834
2021-03-06,"GB","GBNIR",1893667,0.08,0,0.04
2021-03-06,"GB","GBSCT",5463300,0.0512820512820513,0,0.00512820512820513
2021-03-06,"GB","GBWLS",3152879,0,0,0
2021-03-07,"GB","GBENG",56286961,0.171075837742504,0,0.00386847195357834
2021-03-07,"GB","GBNIR",1893667,0.08,0,0.04
2021-03-07,"GB","GBSCT",5463300,0.0512820512820513,0,0.00512820512820513
2021-03-07,"GB","GBWLS",3152879,0,0,0
2021-03-08,"GB","GBENG",56286961,0.171075837742504,0,0.00386847195357834
2021-03-08,"GB","GBNIR",1893667,0.08,0,0.04
2021-03-08,"GB","GBSCT",5463300,0.0512820512820513,0,0.00512820512820513
2021-03-08,"GB","GBWLS",3152879,0,0,0
2021-03-09,"GB","GBENG",56286961,0.171075837742504,0,0.00386847195357834
2021-03-09,"GB","GBNIR",1893667,0.08,0,0.04
2021-03-09,"GB","GBSCT",5463300,0.0512820512820513,0,0.00512820512820513
2021-03-09,"GB","GBWLS",3152879,0,0,0
2021-03-10,"GB","GBENG",56286961,0.171075837742504,0,0.00386847195357834
2021-03-10,"GB","GBNIR",1893667,0.08,0,0.04
2021-03-10,"GB","GBSCT",5463300,0.0512820512820513,0,0.00512820512820513
2021-03-10,"GB","GBWLS",3152879,0,0,0
2021-03-11,"GB","GBENG",56286961,0.171075837742504,0,0.00386847195357834
2021-03-11,"GB","GBNIR",1893667,0.08,0,0.04
2021-03-11,"GB","GBSCT",5463300,0.0512820512820513,0,0.00512820512820513
2021-03-11,"GB","GBWLS",3152879,0,0,0
2021-03-12,"GB","GBENG",56286961,0.171075837742504,0,0.00386847195357834
2021-03-12,"GB","GBNIR",1893667,0.08,0,0.04
2021-03-12,"GB","GBSCT",5463300,0.0512820512820513,0,0.00512820512820513
2021-03-12,"GB","GBWLS",3152879,0,0,0
2021-03-13,"GB","GBENG",56286961,0.171075837742504,0,0.00386847195357834
2021-03-13,"GB","GBNIR",1893667,0.08,0,0.04
2021-03-13,"GB","GBSCT",5463300,0.0512820512820513,0,0.00512820512820513
2021-03-13,"GB","GBWLS",3152879,0,0,0
2021-03-14,"GB","GBENG",56286961,0.171075837742504,0,0.00386847195357834
2021-03-14,"GB","GBNIR",1893667,0.08,0,0.04
2021-03-14,"GB","GBSCT",5463300,0.0512820512820513,0,0.00512820512820513
2021-03-14,"GB","GBWLS",3152879,0,0,0
2021-03-15,"GB","GBENG",56286961,0.171075837742504,0,0.00386847195357834
2021-03-15,"GB","GBNIR",1893667,0.08,0,0.04
2021-03-15,"GB","GBSCT",5463300,0.0512820512820513,0,0.00512820512820513
2021-03-15,"GB","GBWLS",3152879,0,0,0
2021-03-16,"GB","GBENG",56286961,0.171075837742504,0,0.00386847195357834
2021-03-16,"GB","GBNIR",1893667,0.08,0,0.04
2021-03-16,"GB","GBSCT",5463300,0.0512820512820513,0,0.00512820512820513
2021-03-16,"GB","GBWLS",3152879,0,0,0
2021-03-17,"GB","GBENG",56286961,0.171075837742504,0,0.00386847195357834
2021-03-17,"GB","GBNIR",1893667,0.08,0,0.04
2021-03-17,"GB","GBSCT",5463300,0.0512820512820513,0,0.00512820512820513
2021-03-17,"GB","GBWLS",3152879,0,0,0
2021-03-18,"GB","GBENG",56286961,0.171075837742504,0,0.00386847195357834
2021-03-18,"GB","GBNIR",1893667,0.08,0,0.04
2021-03-18,"GB","GBSCT",5463300,0.0512820512820513,0,0.00512820512820513
2021-03-18,"GB","GBWLS",3152879,0,0,0
2021-03-19,"GB","GBENG",56286961,0.171075837742504,0,0.00386847195357834
2021-03-19,"GB","GBNIR",1893667,0.08,0,0.04
2021-03-19,"GB","GBSCT",5463300,0.0512820512820513,0,0.00512820512820513
2021-03-19,"GB","GBWLS",3152879,0,0,0
2021-03-20,"GB","GBENG",56286961,0.171075837742504,0,0.00386847195357834
2021-03-20,"GB","GBNIR",1893667,0.08,0,0.04
2021-03-20,"GB","GBSCT",5463300,0.0512820512820513,0,0.00512820512820513
2021-03-20,"GB","GBWLS",3152879,0,0,0
2021-03-21,"GB","GBENG",56286961,0.171075837742504,0,0.00386847195357834
2021-03-21,"GB","GBNIR",1893667,0.08,0,0.04
2021-03-21,"GB","GBSCT",5463300,0.0512820512820513,0,0.00512820512820513
2021-03-21,"GB","GBWLS",3152879,0,0,0
2021-03-22,"GB","GBENG",56286961,0.171075837742504,0,0.00386847195357834
2021-03-22,"GB","GBNIR",1893667,0.08,0,0.04
2021-03-22,"GB","GBSCT",5463300,0.0512820512820513,0,0.00512820512820513
2021-03-22,"GB","GBWLS",3152879,0,0,0
2021-03-23,"GB","GBENG",56286961,0.171075837742504,0,0.00386847195357834
2021-03-23,"GB","GBNIR",1893667,0.08,0,0.04
2021-03-23,"GB","GBSCT",5463300,0.0512820512820513,0,0.00512820512820513
2021-03-23,"GB","GBWLS",3152879,0,0,0
2021-03-24,"GB","GBENG",56286961,0.171075837742504,0,0.00386847195357834
2021-03-24,"GB","GBNIR",1893667,0.08,0,0.04
2021-03-24,"GB","GBSCT",5463300,0.0512820512820513,0,0.00512820512820513
2021-03-24,"GB","GBWLS",3152879,0,0,0
2021-03-25,"GB","GBENG",56286961,0.171075837742504,0,0.00386847195357834
2021-03-25,"GB","GBNIR",1893667,0.08,0,0.04
2021-03-25,"GB","GBSCT",5463300,0.0512820512820513,0,0.00512820512820513
2021-03-25,"GB","GBWLS",3152879,0,0,0
2021-03-26,"GB","GBENG",56286961,0.171075837742504,0,0.00386847195357834
2021-03-26,"GB","GBNIR",1893667,0.08,0,0.04
2021-03-26,"GB","GBSCT",5463300,0.0512820512820513,0,0.00512820512820513
2021-03-26,"GB","GBWLS",3152879,0,0,0
